<aetgt:getResponse xmlns:aetgt="http://schemas.active-endpoints.com/appmodules/repository/2010/10/avrepository.xsd"
                   xmlns:types1="http://schemas.active-endpoints.com/appmodules/repository/2010/10/avrepository.xsd">
   <types1:Item>
      <types1:EntryId>EvHWOMzeHbcjqbd-gt-89754-2022-08-01T02:54:37.493Z::conn.xml</types1:EntryId>
      <types1:Name>AC-Modem-Scan-BRSPD</types1:Name>
      <types1:MimeType>application/xml+connection</types1:MimeType>
      <types1:Description/>
      <types1:AppliesTo/>
      <types1:Tags>.agent:qfiicssaodc02-prod.corp.intranet</types1:Tags>
      <types1:VersionLabel>1.0</types1:VersionLabel>
      <types1:State>CURRENT</types1:State>
      <types1:ProcessGroup/>
      <types1:CreatedBy>AC83336_PRD</types1:CreatedBy>
      <types1:CreationDate>2022-08-01T02:54:37Z</types1:CreationDate>
      <types1:ModifiedBy>AD15119_PRD</types1:ModifiedBy>
      <types1:ModificationDate>2022-08-01T08:36:37Z</types1:ModificationDate>
      <types1:PublicationStatus>published</types1:PublicationStatus>
      <types1:PublishedBy>AD15100_PRD</types1:PublishedBy>
      <types1:PublicationDate>2022-08-05T09:22:07Z</types1:PublicationDate>
      <types1:PublishedContributionId>project:/rt.connection/AC-Modem-Scan-BRSPD/AC-Modem-Scan-BRSPD.conn.xml</types1:PublishedContributionId>
      <types1:AutosaveExists>false</types1:AutosaveExists>
      <types1:Entry>
         <connection xmlns="http://schemas.informatica.com/socrates/data-services/2014/04/avosConnections.xsd"
                     displayName="AC-Modem-Scan-BRSPD"
                     label="AC-Modem-Scan-BRSPD"
                     name="AC-Modem-Scan-BRSPD">
            <description/>
            <tags>.agent:qfiicssaodc02-prod.corp.intranet</tags>
            <agent>qfiicssaodc02-prod.corp.intranet</agent>
            <attributes>
               <attribute encrypted="false" name="hostName" value="napperlc2.corp.intranet"/>
            </attributes>
            <businessConnector xmlns="http://schemas.informatica.com/appmodules/screenflow/2014/04/avosConnectors.xsd"
                               agentOnly="false"
                               connectorPath="project:/rt.connector/SC_Modem_Scan_BRSPD/SC_Modem_Scan_BRSPD_svcDef.xml"
                               guid="450EsGFD8bfkqELYqvWQOT"
                               name="SC-Modem-Scan_BRSPD"
                               supportsConnectionTest="false"
                               uuid="4b17d607-6bd2-4c29-a6f2-241987f6a9bb">
               <description/>
            </businessConnector>
         </connection>
      </types1:Entry>
      <types1:GUID>8fxLyuO6IXFbCbU8YhguqQ</types1:GUID>
      <types1:DisplayName>AC-Modem-Scan-BRSPD</types1:DisplayName>
   </types1:Item>
   <types1:CurrentServerDateTime>2022-08-26T04:35:38.671Z</types1:CurrentServerDateTime>
</aetgt:getResponse>
