<aetgt:getResponse xmlns:aetgt="http://schemas.active-endpoints.com/appmodules/repository/2010/10/avrepository.xsd"
                   xmlns:types1="http://schemas.active-endpoints.com/appmodules/repository/2010/10/avrepository.xsd">
   <types1:Item>
      <types1:EntryId>QykPaaaaaaaaa-gt-545946-2022-07-06T02:43:23.688Z::pd.xml</types1:EntryId>
      <types1:Name>P_Create_Process_Stats</types1:Name>
      <types1:MimeType>application/xml+process</types1:MimeType>
      <types1:Description>Create Log on IICS_PROCESS_STATS_TEST</types1:Description>
      <types1:AppliesTo/>
      <types1:Tags/>
      <types1:VersionLabel>1.0</types1:VersionLabel>
      <types1:State>CURRENT</types1:State>
      <types1:ProcessGroup/>
      <types1:CreatedBy>AC83336_PRD</types1:CreatedBy>
      <types1:CreationDate>2022-07-06T02:43:24Z</types1:CreationDate>
      <types1:ModifiedBy>AC83336_PRD</types1:ModifiedBy>
      <types1:ModificationDate>2022-07-06T06:11:44Z</types1:ModificationDate>
      <types1:PublicationStatus>published</types1:PublicationStatus>
      <types1:PublishedBy>AC81234_PRD</types1:PublishedBy>
      <types1:PublicationDate>2022-07-21T00:04:10Z</types1:PublicationDate>
      <types1:PublishedContributionId>project:/spi.P_Create_Process_Stats/P_Create_Process_Stats.pd.xml</types1:PublishedContributionId>
      <types1:AutosaveExists>false</types1:AutosaveExists>
      <types1:Entry>
         <process xmlns="http://schemas.active-endpoints.com/appmodules/screenflow/2010/10/avosScreenflow.xsd"
                  xmlns:tfm="http://schemas.active-endpoints.com/appmodules/screenflow/2021/04/taskflowModel.xsd"
                  xmlns:list="urn:activevos:spi:list:functions"
                  displayName="P_Create_Process_Stats"
                  name="P_Create_Process_Stats"
                  overrideAPIName="false">
            <parameterSet xmlns="http://schemas.active-endpoints.com/appmodules/screenflow/2021/04/taskflowModel.xsd"/>
            <appliesTo/>
            <description>Create Log on IICS_PROCESS_STATS_TEST</description>
            <tags/>
            <generator>Informatica Process Designer 11</generator>
            <input>
               <parameter description="" name="PROCESS_ID" required="true" type="string">
                  <options>
                     <option name="required">false</option>
                  </options>
               </parameter>
               <parameter description=""
                          name="PROCESS_NAME"
                          required="true"
                          type="string">
                  <options>
                     <option name="required">false</option>
                  </options>
               </parameter>
               <parameter description="" name="IDENTIFIER" required="true" type="string">
                  <options>
                     <option name="required">false</option>
                  </options>
               </parameter>
               <parameter description="" name="INPUT_PAYLOAD" type="string">
                  <options>
                     <option name="required">false</option>
                  </options>
               </parameter>
               <parameter description=""
                          name="RESPONSE_CODE"
                          required="true"
                          type="string">
                  <options>
                     <option name="required">false</option>
                  </options>
               </parameter>
               <parameter description="" name="ERROR_DETAIL" type="string">
                  <options>
                     <option name="required">false</option>
                  </options>
               </parameter>
               <parameter description="" name="ERROR_REASON" type="string">
                  <options>
                     <option name="required">false</option>
                  </options>
               </parameter>
               <parameter description="" name="PROCESS_KEY" required="true" type="string">
                  <options>
                     <option name="required">false</option>
                  </options>
               </parameter>
               <parameter description="" name="SEQUENCE_NO" required="true" type="int">
                  <options>
                     <option name="required">false</option>
                  </options>
               </parameter>
            </input>
            <notes/>
            <deployment suspendOnFault="false" tracingLevel="none">
               <rest>
                  <allowedGroups>
                     <group>CustomerMigrationLeadProcessProd</group>
                  </allowedGroups>
                  <allowedUsers>
                     <user>john.r.potluri@accenture.com.lumen</user>
                  </allowedUsers>
                  <additionalConstraint>
                     <constraint>APIM</constraint>
                  </additionalConstraint>
               </rest>
            </deployment>
            <flow id="a">
               <start id="b">
                  <link id="km6hbiu3" targetId="km6igjkb"/>
               </start>
               <eventContainer id="km6igjkb">
                  <create id="km6hbiu2">
                     <title>IICS_PROCESS_STATS_TEST</title>
                     <entityName>AC-MySQL-LumenStagingDB-Test:IICS_PROCESS_STATS_TEST</entityName>
                     <createInput>
                        <parameter name="PROCESS_KEY" source="constant" updatable="true">{$input.PROCESS_KEY}</parameter>
                        <parameter name="SEQUENCE_NO" source="constant" updatable="true">{$input.SEQUENCE_NO}</parameter>
                        <parameter name="PROCESS_ID" source="constant" updatable="true">{$input.PROCESS_ID}</parameter>
                        <parameter name="PROCESS_NAME" source="constant" updatable="true">{$input.PROCESS_NAME}</parameter>
                        <parameter name="IDENTIFIER" source="constant" updatable="true">{$input.IDENTIFIER}</parameter>
                        <parameter name="INPUT_PAYLOAD" source="constant" updatable="true">{$input.INPUT_PAYLOAD}</parameter>
                        <parameter name="RESPONSE_CODE" source="constant" updatable="true">{$input.RESPONSE_CODE}</parameter>
                        <parameter name="ERROR_REASON" source="constant" updatable="true">{$input.ERROR_REASON}</parameter>
                        <parameter name="ERROR_DETAIL" source="constant" updatable="true">{$input.ERROR_DETAIL}</parameter>
                        <parameter name="LAST_UPDATE_DATE" source="formula" updatable="true">
                           <expression language="XQuery">fn:current-dateTime()</expression>
                        </parameter>
                        <parameter name="LAST_UPDATED_BY" source="constant" updatable="true">{$input.CurrentUser}</parameter>
                     </createInput>
                  </create>
                  <flow id="km6igjkd">
                     <link id="km6igjke" targetId="km6igjkb" type="containerLink"/>
                  </flow>
                  <flow id="km6igjkg">
                     <throw id="km6igjkm">
                        <title>ThrowError</title>
                        <throwInput>
                           <parameter name="code" source="constant" updatable="true">500</parameter>
                           <parameter name="detail" source="constant" updatable="true">{$output.faultInfo[1]/detail}</parameter>
                           <parameter name="reason" source="constant" updatable="true">{$output.faultInfo[1]/reason}</parameter>
                        </throwInput>
                     </throw>
                  </flow>
                  <link id="km6igjkc" targetId="km6igjkd" type="containerLink"/>
                  <link id="km6hbiu4" targetId="c"/>
                  <events>
                     <catch faultField="faultInfo" id="km6igjjx" interrupting="true">
                        <link id="km6igjkf" targetId="km6igjkg" type="containerLink"/>
                     </catch>
                  </events>
               </eventContainer>
               <end id="c"/>
            </flow>
         </process>
         <ns1:sample-data-sets xmlns:ns1="http://schemas.active-endpoints.com/appmodules/repository/2010/10/sampleData.xsd">
            <ns1:SampleData>
               <ns1:Id>6f4d5109-245a-42c5-87b4-eaf575638d1b</ns1:Id>
               <ns1:Name>TEST</ns1:Name>
               <ns1:CreatedBy>AC83336_PRD</ns1:CreatedBy>
               <ns1:CreationDate>2022-07-06T02:43:24Z</ns1:CreationDate>
               <ns1:ModifiedBy>AC83336_PRD</ns1:ModifiedBy>
               <ns1:ModifiedDate>2022-07-06T02:43:24Z</ns1:ModifiedDate>
               <ns1:Data format="json">{
	 "PROCESS_ID": "46346ggd6346",
	 "PROCESS_NAME": "Main Lead Process",
	 "IDENTIFIER": "12334444",
	 "INPUT_PAYLOAD": "{testing}",
	 "RESPONSE_CODE": "500",
	 "ERROR_REASON": "Error Code Text",
	 "ERROR_DETAIL": "Error Response Text",
        "PROCESS_KEY":"TEST111114543",
        "SEQUENCE_NO":"11"

}</ns1:Data>
            </ns1:SampleData>
         </ns1:sample-data-sets>
      </types1:Entry>
      <types1:GUID>b3rU05Crbq4iLZLk21ntiA</types1:GUID>
      <types1:DisplayName>P_Create_Process_Stats</types1:DisplayName>
   </types1:Item>
   <types1:CurrentServerDateTime>2022-09-19T00:21:07.751Z</types1:CurrentServerDateTime>
</aetgt:getResponse>
