objectPath,objectName,objectType,id
/Explore/Lumen Cloud Application Integration/Process,P_Error_Handling_Case_Creation,PROCESS,95XLNrXr76tettPHSQ1cCQ
/Explore/BRSPD Cloud Application Integration/Process Objects,PO-ENS-Account-BRSPD,PROCESS_OBJECT,aYQTDFJksTsiY9U4Me22IX
/Explore/Lumen Cloud Application Integration/Process Objects,PO-Error-Message,PROCESS_OBJECT,elCZnzY7VM5gmshtgaEu4t
/Explore/BRSPD Cloud Application Integration Stguat/App Connection,AC-QF-BASKET-SE-Salesforce,AI_CONNECTION,6ifvZYqMkHFeCeoXmRH0og
/Explore/BRSPD Cloud Application Integration/App Connection,AC-Polygon-BRSPD,AI_CONNECTION,6vNrQ0vs1sYeCfWsFUSDcu
/Explore/BRSPD Cloud Application Integration Stguat/Process,P_Disconnect_ENS_TEST_BRSPD,PROCESS,afmiAFPyGYwdPihODIqZac
/Explore/BRSPD Cloud Application Integration/Process Objects,PO-ENS-Pricing-BRSPD,PROCESS_OBJECT,9nT0A6jxvwSe6WIvyAbSuB
/Explore/BRSPD Cloud Application Integration/Process Objects,PO-PPP-Read-BRSPD,PROCESS_OBJECT,0yoD5LVlATzeBu47h7dByP
/Explore/BRSPD Cloud Application Integration Stguat/Process,P_Update_Customer_Status_test_BRSPD,PROCESS,iX9ZoXMRNIKjIZiuiLHzyv
/Explore/BRSPD Cloud Application Integration Stguat/Process Objects,PO-PPP-Pricing-BRSPD,PROCESS_OBJECT,3Fkj7uEWE27fVcTP5Q4gGZ
/Explore/BRSPD Cloud Application Integration Stguat/Process,P_error_handling_Case_Creation_BRSPD,PROCESS,k6n1xNUMryvlRNfiXQg4oZ
/Explore/BRSPD Cloud Application Integration/Process Objects,PO-CustStatus-RG-BRSPD,PROCESS_OBJECT,iheKSVAJQcNetiu3BKwqW9
/Explore/BRSPD Cloud Application Integration Stguat/App Connection,AC-DAS-GCP-BRSPD,AI_CONNECTION,6OE8zYn5G4pl14Xml3442N
/Explore/BRSPD Cloud Application Integration/App Connection,AC-OAuth-Access-Token-Prod-BRSPD,AI_CONNECTION,4z6JCPypHymf6EWcESZgQu
/Explore/BRSPD Cloud Application Integration Stguat,Payload_PPP_ENS_IICS_PROCESS_STATS,DTEMPLATE,gP3Oq7FeBaWgs9AQrewa0a
/Explore/Lumen Cloud Application Integration/App Connection,AC-MySQL-LumenStagingDB-Test,AI_CONNECTION,6BmTmnFDWCtfd44zV6vgA5
/Explore/BRSPD Cloud Application Integration Stguat/Process,P_Update_Customer_Status_Group_BRSPD,PROCESS,0ySZ6GRns3rgCkjDHRwrSX
/Explore/BRSPD Cloud Application Integration Stguat/App Connection,AppConnBRSPD-SF-SIT-UAT,AI_CONNECTION,4L5tOyIwf6uijJXRzT1KAs
/Explore/BRSPD Cloud Application Integration Stguat,Process,Folder,4XwYZYJAEpIl1xw2mKC4kz
/Explore/BRSPD Cloud Application Integration/App Connection,AppConnBRSPD-DEV,AI_CONNECTION,98V5NbVMga5kcomGtGx42f
/Explore/BRSPD Cloud Application Integration Stguat/Process Objects,PO-Transform-QF-Lead-BRSPD,PROCESS_OBJECT,33TlRR7zVdWd2791nkR16z
/Explore/BRSPD Cloud Application Integration Stguat/Process Objects,PO-Error-Message_BRSPD,PROCESS_OBJECT,e6Apm3lQZW9dHWDrdplnKq
/Explore/BRSPD Cloud Application Integration Stguat/Service Connector,SC_DAS_GCP_BRSPD,AI_SERVICE_CONNECTOR,73tMxOdCF3kej86qTcPjAq
/Explore/BRSPD Cloud Application Integration Stguat/App Connection,AC-QF-Salesforce-Test1,AI_CONNECTION,9bHnfxLwTKfllr9Wpu9ZKM
/Explore/BRSPD Cloud Application Integration Stguat/Service Connector,SC-Modem-Scan-Prod_BRSPD,AI_SERVICE_CONNECTOR,aFiYfmTLETcbp43KJX4z4H
/Explore/BRSPD Cloud Application Integration/Process Objects,customers-BRSPD,PROCESS_OBJECT,120Kxb9nRQAcNCofHWrhoT
/Explore/BRSPD Cloud Application Integration Stguat/Process Objects,PO-PPP-Read-BRSPD,PROCESS_OBJECT,fgRREzMTlA2bPuhigq9OeF
/Explore/BRSPD Cloud Application Integration Stguat/Process,P_GCP_Staging_Execute_SQL_BRSPD,PROCESS,2vS2kZBEdYWd8toVO39Oaj
/Explore/BRSPD Cloud Application Integration Stguat/Process,P_Disconnect_PPP_Prepaid_TEST_BRSPD,PROCESS,3q6YquJrhg6bkGjTIzEfqu
/Explore/BRSPD Cloud Application Integration Stguat/Service Connector,SC_Oauth_Access_Token_Prod_BRSPD,AI_SERVICE_CONNECTOR,gh35TAwdym6jzBgKDO5ukn
/Explore,Lumen Cloud Application Integration Production,Project,a9OdSiQW9KRiKp06etZSgu
/Explore/LUMEN_DEV,HJM,Folder,8ncWnAznwe0l2CmOeTheC4
/Explore/BRSPD Cloud Application Integration/Service Connector,SC_Oauth_Access_Token_Prod_BRSPD,AI_SERVICE_CONNECTOR,iYkoQb8y9gYcEkboYwVXml
/Explore/Lumen Cloud Application Integration,Process,Folder,0HpvYc1OmWudIG4pZtJtcP
/Explore/BRSPD Cloud Application Integration/Process,P_GCP_Staging_Execute_SQL_BRSPD,PROCESS,0KzivBrom6RiQt9sSzNAmI
/Explore/BRSPD Cloud Application Integration Stguat/Process,P_Main_Automation_Lead_Load_Process_Test_BRSPD - STGUAT,PROCESS,jDf8GjM3AAKlyDyOYCahey
/Explore/LUMEN_DEV/HJM,AC-PPP-OPTIN-TESTBS,AI_CONNECTION,225KlvEetATicIL2BPrPEj
/Explore/BRSPD Cloud Application Integration/App Connection,AC-Modem-Scan-BRSPD,AI_CONNECTION,8fxLyuO6IXFbCbU8YhguqQ
/Explore,Lumen Cloud Application Integration,Project,4w7ZPPMG6AlgEbKOnMrK8B
/Explore/BRSPD Cloud Application Integration Stguat/App Connection,AC-QF-BASKET-SE-Salesforce-BRSPD,AI_CONNECTION,47M2hn4XY0udG4Tmd7fas1
/Explore/BRSPD Cloud Application Integration Stguat/App Connection,AC-OAuth-Access-Token-Prod-BRSPD,AI_CONNECTION,lnWHUZEaRGrcTHEDIS44ew
/Explore/BRSPD Cloud Application Integration/Process,P_error_handling_Case_Creation_BRSPD,PROCESS,98LdX1mymxilvpLNkYqa0y
/Explore/BRSPD Cloud Application Integration Stguat/Process,P_Call_UpdateCMS_BRSPD,PROCESS,97YBuH7Dlsxh0e0GNDFiUR
/Explore/BRSPD Cloud Application Integration Stguat/Process,P_Main_Automation_Lead_Load_Process_Test_BRSPD - STGUAT - V1,PROCESS,bee0xqRtISMdKfnENNAa6a
/Explore/BRSPD Cloud Application Integration Stguat/Process,P_Create_Process_Stats_BRSPD,PROCESS,8ZPICcRlOtlbUmwce1P8Mi
/Explore/BRSPD Cloud Application Integration Stguat/Service Connector,SC_Polygon_Prod_BRSPD,AI_SERVICE_CONNECTOR,1OIBKovHMwyhGrDNwtPFE7
/Explore/BRSPD Cloud Application Integration/Process,P_PPP_Oracle_Execute_SQL_BRSPD,PROCESS,7T95QUcWHSJdKrWWulqXAj
/Explore/BRSPD Cloud Application Integration Stguat,App Connection,Folder,65qOkxgev2TiahsYKqzUuj
/Explore/BRSPD Cloud Application Integration Stguat,Process Objects,Folder,0DQD8uJ3Osrim17YT0D3CX
/Explore,BRSPD Cloud Application Integration Stguat,Project,hcBrmhvhdI5gIsVIhL0HEH
/Explore/BRSPD Cloud Application Integration/App Connection,AC-DAS-GCP-BRSPD,AI_CONNECTION,6U92KkxlNBDhaGiCHehdqM
/Explore/BRSPD Cloud Application Integration Stguat/App Connection,AC-PPP-Prepaid-Disconnect-BRSPD,AI_CONNECTION,a7LsmoPeoSpk4Dy82nfjWH
/Explore,LUMEN_DEV,Project,4GcQ798h6zelkZQHmmgFUs
/Explore/BRSPD Cloud Application Integration Stguat/App Connection,AC-MySQL-LumenStagingDB-MainLeadLoad-BRSPD,AI_CONNECTION,a3YTlQSKJijiDRx47NoN6a
/Explore/Lumen Cloud Application Integration,Process Objects,Folder,i6uWGryUX40dCdKKftJV64
/Explore/BRSPD Cloud Application Integration Stguat/Process Objects,PO-ENS-Pricing-BRSPD,PROCESS_OBJECT,aXhXOZ4dbExgEDcyJvoICJ
/Explore/BRSPD Cloud Application Integration Stguat/Service Connector,SC_FileWriter_Communications_Prod_BRSPD,AI_SERVICE_CONNECTOR,exgE3fwZ62ch4nPUVQ6yA2
/Explore/BRSPD Cloud Application Integration/Service Connector,SC_DAS_GCP_BRSPD,AI_SERVICE_CONNECTOR,4Q80wPVvQXUkiPeYPQBZSL
/Explore/BRSPD Cloud Application Integration,Service Connector,Folder,afRHYg6hNdLbYFlmPcAl82
/Explore/BRSPD Cloud Application Integration,Process Objects,Folder,lovuvdn5MGMkzm4iIV8gwD
/Explore/BRSPD Cloud Application Integration Stguat/Process Objects,PO-ENS-PPP-Pricing-BRSPD,PROCESS_OBJECT,7a03NcWSi59iXfS84AfIQH
/Explore/BRSPD Cloud Application Integration Stguat,Service Connector,Folder,8Ua00X1sdWjl9u7m1PSUm6
/Explore/BRSPD Cloud Application Integration Stguat/Process,P_Main_Automation_Lead_Load_Process_Test_BRSPD,PROCESS,646AwNiZXU3g1I8qKBWqiS
/Explore/BRSPD Cloud Application Integration Stguat/Service Connector,SC_PPP_Prepaid_Disconnect_BRSPD,AI_SERVICE_CONNECTOR,86S1VTk19KfduLcbGNVLog
/Explore/Lumen Cloud Application Integration/Process,P_GCP_Staging_Execute_SQL,PROCESS,8eNu9r157PBlYDNIL9Wt2y
/Explore/BRSPD Cloud Application Integration Stguat/Process Objects,customers-BRSPD,PROCESS_OBJECT,7sz7xfnOcomgfJAfcOzBqy
/Explore,BRSPD Cloud Application Integration,Project,6jeakSty7FMe6Ma2pmtJqS
/Explore/BRSPD Cloud Application Integration Stguat/Process Objects,PO-CustStatus-RG-BRSPD,PROCESS_OBJECT,kjeK9Le4W2jjsqfpqiNxsM
/Explore/BRSPD Cloud Application Integration/Process,P_Error_Handling_Case_Creation_MFQ_BRSPD,PROCESS,77JD2fyTc26kIX3MriFaeG
/Explore/BRSPD Cloud Application Integration Stguat/App Connection,AC-MySQL-LumenStagingDB-Test-BRSPD,AI_CONNECTION,7QEvthy50EMcZJsPOCneu0
/Explore/BRSPD Cloud Application Integration,App Connection,Folder,6wWw7ZTNMOdg31ycGYkP87
/Explore/BRSPD Cloud Application Integration/Process,P_ENS_Execute_SQL_BRSPD,PROCESS,7ivqR9KZ2oYgOpcF02fq2m
/Explore/BRSPD Cloud Application Integration Stguat/App Connection,AppConnBRSPD-SF-STG-UAT,AI_CONNECTION,1DqLpQ1Tnj1jBaQOVKXNsz
/Explore/BRSPD Cloud Application Integration Stguat/Process,P_PPP_Oracle_Execute_SQL_BRSPD,PROCESS,84DIasv95hJffP37WBye0I
/Explore/BRSPD Cloud Application Integration Stguat/App Connection,AC-PPP-OPTIN-TEST-BRSPD,AI_CONNECTION,976oXd1pYHjeWoXmqkC4o5
/Explore/Lumen Cloud Application Integration/Process Objects,PO-CustStatus-Address,PROCESS_OBJECT,4ZVOJ70HRmmfOSdpHlVUOp
/Explore/BRSPD Cloud Application Integration Stguat/Process Objects,PO-ENS-Account-BRSPD,PROCESS_OBJECT,3qUBkPAZaKYeh4h6vFC9WJ
/Explore/BRSPD Cloud Application Integration Stguat/Service Connector,SC_BMOM_Disconnect_BRSPD,AI_SERVICE_CONNECTOR,1lrApqJfZ6jevMaWVKri86
/SYS,qfmig-iics-sa-prod-two,AgentGroup,eQTieebosm9czufAowehU6
/Explore/BRSPD Cloud Application Integration/Process,P_Update_Customer_Status_Group_BRSPD,PROCESS,3TqXzdbGwGTb9DEOYtZ5Y5
/Explore/BRSPD Cloud Application Integration/App Connection,AC-MySQL-LumenStagingDB-Test-BRSPD,AI_CONNECTION,cEQ5ftdGwI7l1iQR5Cvh6m
/Explore/BRSPD Cloud Application Integration/Process Objects,PO-Transform-QF-Lead-BRSPD,PROCESS_OBJECT,45lXYUzt2T9lmQJdPmErK9
/Explore/BRSPD Cloud Application Integration/Process Objects,PO-PPP-Pricing-BRSPD,PROCESS_OBJECT,35Flid280GYhqhaXu83MAF
/Explore/BRSPD Cloud Application Integration Stguat/App Connection,AC-BMOM-Disconnect-BRSPD,AI_CONNECTION,32vbfLsIMK1emuwSs7R2wR
/Explore/BRSPD Cloud Application Integration/Service Connector,SC-Modem-Scan_BRSPD,AI_SERVICE_CONNECTOR,450EsGFD8bfkqELYqvWQOT
/Explore/BRSPD Cloud Application Integration Stguat,QA_Lead_completeness,DTEMPLATE,g8mmXvmjd8XiYHiOrek9eK
/Explore/BRSPD Cloud Application Integration/Service Connector,SC_Polygon_Prod_BRSPD,AI_SERVICE_CONNECTOR,d9PFQbtT3Q0baOpNkRLbK7
/SYS,MySQL-LumenStagingDB-Prod,Connection,3K3iEVO1mahlJ46LwZEM6W
/Explore/BRSPD Cloud Application Integration Stguat/Service Connector,SC_C360_BIWF_BRSPD,AI_SERVICE_CONNECTOR,6x3ssLjCp7RfrIMPxWWqEu
/Explore/BRSPD Cloud Application Integration Stguat/App Connection,AC-ENS-PRICING-EXTRACT-OPTIN-BRSPD,AI_CONNECTION,1E3PAphuQ7Ql7VnJZq1goN
/Explore/BRSPD Cloud Application Integration Stguat/Process Objects,PO-CustStatus-Address-BRSPD,PROCESS_OBJECT,g3hK288whyWkA7ByYrhOWb
/Explore/BRSPD Cloud Application Integration Stguat/Service Connector,SC_Sftp_OnPremise_To_GCP_Prod_BRSPD,AI_SERVICE_CONNECTOR,bc44f7fYqQsimI8eg2vja2
/Explore/BRSPD Cloud Application Integration Stguat/App Connection,AC-Polygon-BRSPD,AI_CONNECTION,1ze0AqjH4kGizgERZgH66T
/Explore/Lumen Cloud Application Integration Production/Process Objects,customers,PROCESS_OBJECT,amddwcVjDvffwjTfTuVz8r
/Explore/BRSPD Cloud Application Integration Stguat/Process,P_Disconnect_BMOM_TEST_BRSPD,PROCESS,2Kjuj6a8lXYhZFy0hzzmuw
/Explore/BRSPD Cloud Application Integration,Process,Folder,ltotSOu3Y8NcCtr4XDAE40
/Explore/BRSPD Cloud Application Integration Stguat/Process,P_ENS_Execute_SQL_BRSPD,PROCESS,5LCn5bYgauZcnAyE0EhTQI
/Explore/BRSPD Cloud Application Integration Stguat/Process,P_Error_Handling_Case_Creation_MFQ_BRSPD,PROCESS,3oGCk2SKJ99g2RZhbSmxyD
/Explore/BRSPD Cloud Application Integration/Process Objects,PO-ENS-PPP-Pricing-BRSPD,PROCESS_OBJECT,5e3rTwvlNoxfI40MV8QPsb
/Explore/Lumen Cloud Application Integration Production,Process Objects,Folder,djKMyWtDwYTcFFY3ndw2Ep
/Explore/LUMEN_DEV/Jo,P_Update_Customer_Status_Group4_5,PROCESS,6aQ7p78ckXHkb69VLP5962
/Explore/Lumen Cloud Application Integration Production/Process Objects,PO-CustStatus-Address,PROCESS_OBJECT,55WhcRGlWlkiTeUVA4VyAY
/Explore/BRSPD Cloud Application Integration/Process Objects,PO-CustStatus-Address-BRSPD,PROCESS_OBJECT,0Le1L8QPMGugQnCXvgIBIG
/Explore/BRSPD Cloud Application Integration Stguat/App Connection,AppConnBRSPD-DEV,AI_CONNECTION,3BN170rSf9Ri8Xf73sQKsX
/Explore/Lumen Cloud Application Integration,App Connection,Folder,0TCdjyl2fRhe7NzsclR56h
/Explore/LUMEN_DEV,Jo,Folder,1669j98ePTOlIBTm1G8mwB
/Explore/Lumen Cloud Application Integration Production/Process Objects,PO-Error-Message,PROCESS_OBJECT,i7UGjzh2YqncYhmLhuFgmt
/Explore/BRSPD Cloud Application Integration Stguat/Process,P_Update_Customer_Status_BRSPD,PROCESS,6Y8aQA1cBeEhfBUwy0s2kD
/Explore/BRSPD Cloud Application Integration/Process,P_Create_Process_Stats_BRSPD,PROCESS,9xgK8swOYBicSDzdCYpDGX
/Explore/BRSPD Cloud Application Integration Stguat/App Connection,AC-Modem-Scan-BRSPD,AI_CONNECTION,a43fpAxcWYQbcS1dqEKvYh
/Explore/BRSPD Cloud Application Integration/Process,P_Update_Customer_Status_test_BRSPD,PROCESS,9H6TfrP0XL0bei7RzfxJ0m
/Explore/BRSPD Cloud Application Integration Stguat/Service Connector,SC-Modem-Scan_BRSPD,AI_SERVICE_CONNECTOR,4Rk9BfIt03DkefBFS1X2s1