<aetgt:getResponse xmlns:aetgt="http://schemas.active-endpoints.com/appmodules/repository/2010/10/avrepository.xsd"
                   xmlns:types1="http://schemas.active-endpoints.com/appmodules/repository/2010/10/avrepository.xsd">
   <types1:Item>
      <types1:EntryId>ZDsZvEIAkRtO3M4-gt-90185-2022-08-01T02:54:36.833Z::conn.xml</types1:EntryId>
      <types1:Name>AC-Modem-Scan</types1:Name>
      <types1:ParentFlowIds>QoPVm5Y6tMFygls-gt-338373-2022-08-15T06:34:06.87Z::pd.xml</types1:ParentFlowIds>
      <types1:MimeType>application/xml+connection</types1:MimeType>
      <types1:Description/>
      <types1:AppliesTo/>
      <types1:Tags>.agent:qfiicssa.corp.intranet.corp.intranet</types1:Tags>
      <types1:VersionLabel>1.0</types1:VersionLabel>
      <types1:State>CURRENT</types1:State>
      <types1:ProcessGroup/>
      <types1:CreatedBy>AC83336_PRD</types1:CreatedBy>
      <types1:CreationDate>2022-08-01T02:54:37Z</types1:CreationDate>
      <types1:ModifiedBy/>
      <types1:PublicationStatus>unpublished</types1:PublicationStatus>
      <types1:AutosaveExists>false</types1:AutosaveExists>
      <types1:Entry>
         <connection xmlns="http://schemas.informatica.com/socrates/data-services/2014/04/avosConnections.xsd"
                     displayName="AC-Modem-Scan"
                     label="AC-Modem-Scan"
                     name="AC-Modem-Scan">
            <description/>
            <tags>.agent:qfiicssa.corp.intranet.corp.intranet</tags>
            <agent>qfiicssa.corp.intranet.corp.intranet</agent>
            <attributes>
               <attribute encrypted="false" name="hostName" value="napperlc2.corp.intranet"/>
            </attributes>
            <businessConnector xmlns="http://schemas.informatica.com/appmodules/screenflow/2014/04/avosConnectors.xsd"
                               agentOnly="false"
                               connectorPath="project:/rt.connector/SC_Modem_Scan/SC_Modem_Scan_svcDef.xml"
                               guid="jelyGN0AgqFgDGEySeEz6V"
                               name="SC-Modem-Scan"
                               supportsConnectionTest="false"
                               uuid="4b17d607-6bd2-4c29-a6f2-241987f6a9bb">
               <description/>
            </businessConnector>
         </connection>
      </types1:Entry>
      <types1:GUID>8SmDICdUpSzfXB3fw8Q7m8</types1:GUID>
      <types1:DisplayName>AC-Modem-Scan</types1:DisplayName>
   </types1:Item>
   <types1:CurrentServerDateTime>2022-12-02T08:25:49.308Z</types1:CurrentServerDateTime>
</aetgt:getResponse>
