<aetgt:getResponse xmlns:aetgt="http://schemas.active-endpoints.com/appmodules/repository/2010/10/avrepository.xsd"
                   xmlns:types1="http://schemas.active-endpoints.com/appmodules/repository/2010/10/avrepository.xsd">
   <types1:Item>
      <types1:EntryId>3pi9uAls2z8Uuop-gt-89869-2022-08-01T03:29:18.73Z::svc.xml</types1:EntryId>
      <types1:Name>SC-Modem-Scan_BRSPD</types1:Name>
      <types1:ParentFlowIds>EvHWOMzeHbcjqbd-gt-89754-2022-08-01T02:54:37.493Z::conn.xml,gdoGsF4XkgbdoPV-gt-232578-2022-08-10T00:45:11.102Z::conn.xml</types1:ParentFlowIds>
      <types1:MimeType>application/xml+businesssconnector</types1:MimeType>
      <types1:Description/>
      <types1:AppliesTo/>
      <types1:Tags/>
      <types1:VersionLabel>1.0</types1:VersionLabel>
      <types1:State>CURRENT</types1:State>
      <types1:ProcessGroup/>
      <types1:CreatedBy>AD15100_PRD</types1:CreatedBy>
      <types1:CreationDate>2022-08-01T03:29:19Z</types1:CreationDate>
      <types1:ModifiedBy>AC83334_PRD</types1:ModifiedBy>
      <types1:ModificationDate>2022-08-05T08:47:06Z</types1:ModificationDate>
      <types1:PublicationStatus>published</types1:PublicationStatus>
      <types1:PublishedBy>AD15100_PRD</types1:PublishedBy>
      <types1:PublicationDate>2022-08-05T09:21:23Z</types1:PublicationDate>
      <types1:PublishedContributionId>project:/rt.connector/SC_Modem_Scan_BRSPD/SC_Modem_Scan_BRSPD_svcDef.xml</types1:PublishedContributionId>
      <types1:AutosaveExists>false</types1:AutosaveExists>
      <types1:Entry>
         <businessConnector xmlns="http://schemas.informatica.com/socrates/data-services/2014/05/business-connector-model.xsd"
                            agentOnly="false"
                            debug="false"
                            displayName="SC-Modem-Scan_BRSPD"
                            label=""
                            name="SC-Modem-Scan_BRSPD"
                            uuid="4b17d607-6bd2-4c29-a6f2-241987f6a9bb">
            <description/>
            <tags/>
            <connectionAttributes xmlns="http://schemas.informatica.com/appmodules/screenflow/2014/04/avosConnectors.xsd">
               <connectionAttribute description="hostName"
                                    masked="false"
                                    name="hostName"
                                    required="true"
                                    testWith="napperlc2.corp.intranet"
                                    type="string"/>
            </connectionAttributes>
            <actions>
               <action category=""
                       failOnError="true"
                       forSearch="false"
                       label="getModemInfo"
                       maxRedirects="100"
                       name="getModemInfo"
                       preemptiveAuth="true"
                       responseEncoding="">
                  <description/>
                  <input>
                     <parameter name="TN"
                                nogen="true"
                                required="true"
                                testWith="1234567800"
                                type="string"/>
                  </input>
                  <binding>
                     <restSimpleBinding multiUsing="semicolonSeparated"
                                        url="https://{$hostName}/cgi-bin/QC/DSL/QFModemScanAPI.pl"
                                        verb="POST">
                        <authentication>
                           <username>qfmig</username>
                           <password/>
                           <isExpressionInPassword>false</isExpressionInPassword>
                        </authentication>
                        <mutualAuth enabled="false">
                           <keyStore mode="file"/>
                           <keyStorePassword/>
                        </mutualAuth>
                        <httpHeaders>
                           <header name="Content-Type">application/json</header>
                           <header name="Accept">application/json</header>
                        </httpHeaders>
                        <body>{"{" ||
"""TN"" :""" ||  $TN  || """," ||
"""RESULTLEVEL"" :""" || "A" || """," ||
"""OUTPUT"" :""" || "JSON" || """" ||
"}"}</body>
                     </restSimpleBinding>
                  </binding>
                  <output>
                     <field description=""
                            name="MODEM_SW"
                            property="MODEM_SW"
                            type="string"/>
                     <field description=""
                            name="AUTH_UPTIME"
                            property="AUTH_UPTIME"
                            type="string"/>
                     <field description="" name="AUTHED" property="AUTHED" type="string"/>
                     <field description="" name="TN" property="TN" type="string"/>
                     <field description=""
                            name="AUTH_LCT"
                            property="AUTH_LCT"
                            type="string"/>
                     <field description=""
                            name="MODEM_CLASS"
                            property="MODEM_CLASS"
                            type="string"/>
                     <field description=""
                            name="MODEM_MFC"
                            property="MODEM_MFC"
                            type="string"/>
                     <field description=""
                            name="AUTH_USER"
                            property="AUTH_USER"
                            type="string"/>
                     <field description=""
                            name="MODEM_SN"
                            property="MODEM_SN"
                            type="string"/>
                     <field description=""
                            name="AUTHED_NODE"
                            property="AUTHED_NODE"
                            type="string"/>
                     <field description=""
                            name="RESULTLEVEL"
                            property="RESULTLEVEL"
                            type="string"/>
                     <field description=""
                            name="AUTH_START"
                            property="AUTH_START"
                            type="string"/>
                     <field description=""
                            name="POLLTIME"
                            property="POLLTIME"
                            type="string"/>
                     <field description=""
                            name="AUTHED_SSP"
                            property="AUTHED_SSP"
                            type="string"/>
                     <field description=""
                            name="MODEM_IP"
                            property="MODEM_IP"
                            type="string"/>
                     <field description=""
                            name="MODEM_MAC"
                            property="MODEM_MAC"
                            type="string"/>
                  </output>
               </action>
            </actions>
            <objects/>
         </businessConnector>
      </types1:Entry>
      <types1:GUID>450EsGFD8bfkqELYqvWQOT</types1:GUID>
      <types1:DisplayName>SC-Modem-Scan_BRSPD</types1:DisplayName>
   </types1:Item>
   <types1:CurrentServerDateTime>2023-01-23T06:07:13.636Z</types1:CurrentServerDateTime>
</aetgt:getResponse>
