<aetgt:getResponse xmlns:aetgt="http://schemas.active-endpoints.com/appmodules/repository/2010/10/avrepository.xsd"
                   xmlns:types1="http://schemas.active-endpoints.com/appmodules/repository/2010/10/avrepository.xsd">
   <types1:Item>
      <types1:EntryId>qjpIO3M4WwOC2XZ-gt-117159-2022-08-03T22:49:21.267Z::po.xml</types1:EntryId>
      <types1:Name>PO-CustStatus-RG-BRSPD-1</types1:Name>
      <types1:MimeType>application/xml+processobject</types1:MimeType>
      <types1:Description/>
      <types1:AppliesTo/>
      <types1:Tags/>
      <types1:VersionLabel>1.0</types1:VersionLabel>
      <types1:State>CURRENT</types1:State>
      <types1:ProcessGroup/>
      <types1:CreatedBy>AD15100_PRD</types1:CreatedBy>
      <types1:CreationDate>2022-08-03T22:49:21Z</types1:CreationDate>
      <types1:ModifiedBy/>
      <types1:PublicationStatus>unpublished</types1:PublicationStatus>
      <types1:AutosaveExists>false</types1:AutosaveExists>
      <types1:Entry>
         <processObject xmlns="http://schemas.active-endpoints.com/appmodules/screenflow/2011/06/avosHostEnvironment.xsd"
                        displayName="PO-CustStatus-RG-BRSPD"
                        isByCopy="true"
                        name="PO-CustStatus-RG-BRSPD-1">
            <description/>
            <tags/>
            <detail>
               <field label="RG_Model" name="RG_Model" type="string"/>
               <field label="RG_Mac" name="RG_Mac" type="string"/>
               <field label="RG_Vendor" name="RG_Vendor" type="string"/>
               <field label="RG_Serial" name="RG_Serial" type="string"/>
               <field label="RG_Software" name="RG_Software" type="string"/>
               <field label="Authenticated" name="Authenticated" type="string"/>
               <field label="RG_IP" name="RG_IP" type="string"/>
            </detail>
         </processObject>
      </types1:Entry>
      <types1:GUID>2TaKS9MK7UIi08EgTOuDqL</types1:GUID>
      <types1:DisplayName>PO-CustStatus-RG-BRSPD</types1:DisplayName>
   </types1:Item>
   <types1:CurrentServerDateTime>2023-01-13T05:43:56.907Z</types1:CurrentServerDateTime>
</aetgt:getResponse>
