objectPath,objectName,objectType,id
/Explore/BRSPD Data Integration Production,Mapping,Folder,0e3D7qDIMKthXiO4GdWb8U
/Explore/BRSPD Cloud Application Integration/HJM,mt_PPP_Prepaid_Disconnect,MTT,94bwTuc5WCYk8k64zrUuYv
/Explore/BRSPD Data Integration Production/Tasks,mt_PPP_Prepaid_Disconnect-Prod,MTT,0uRQsxMboC3imnbvbmUmIQ
/Explore/BRSPD Data Integration Production/Business Service,bsc_ P_Disconnect_PPP_Prepaid_BRSPD-Prod,BSERVICE,lp4ASzpqWOhjOwNipCM9Ar
/Explore/LUMEN_DEV/HJM,bsc_update_CMS_TEST,BSERVICE,5P4OKMokx9VjiMmYXJvFiZ
/SYS,BRSPD_DEV_SF,Connection,5jN0vFtFWqZgastMdPAM87
/Explore,BRSPD Cloud Application Integration,Project,6jeakSty7FMe6Ma2pmtJqS
/Explore/BRSPD Cloud Application Integration,HJM,Folder,4WwxN70rU2MiTHIcrtTzy6
/Explore/BRSPD Data Integration Production/Tasks,dst_SF_ORDER_brsp,DSS,akHw6RzjLmEkqHfgnljeCE
/Explore/BRSPD Data Integration Production,Tasks,Folder,8ndg5m6IieleEVyRrsRy4O
/Explore/BRSPD Cloud Application Integration/HJM,m_PPP_Prepaid_Disconnect,DTEMPLATE,jfhHpOeEGIMbIVZLxjVtwF
/Explore/BRSPD Data Integration Production/Tasks,mt_BMOM_Disconnect-Prod,MTT,lUZC8KxOEy4eCFHh4CHTYx
/SYS,wsc_UPDATE_CMS_TEST_BRSPD,Connection,2Wdq5tkludWhGOkRfJP064
/Explore/BRSPD Cloud Application Integration/HJM,m_ORDER_ACTIVE_BS,DTEMPLATE,50bzpk804wXeeUmey5OLqS
/Explore/BRSPD Data Integration Production/Mapping,m_ORDER_ACTIVE_BS,DTEMPLATE,23N9FNnl1ockvvd6srB3yF
/Explore/BRSPD Cloud Application Integration/HJM,m_BMOM_Disconnect,DTEMPLATE,11AJI0rPmPyfD2Q2vE0Ckg
/Explore/BRSPD Data Integration/Mapping,m_PPP_Prepaid_Disconnect_BRSPD,DTEMPLATE,d8jkikoX8I1dJrXQIq5hGq
/SYS,qfiicssaodc02-prod.corp.intranet,AgentGroup,jinHel1UMkSjgUucmLQwgf
/Explore/BRSPD Data Integration,Mapping,Folder,88mKPD6ZwWxiwwDup1uBU5
/Explore/BRSPD Data Integration Production,Taskflow,Folder,89ZqfDwry4jbkSztCGeJ4n
/Explore/BRSPD Data Integration,Business Service,Folder,gCrzU4CFeqRhh3K3iPzIOv
/Explore/LUMEN_DEV/HJM,bsc_ P_Disconnect_BMOM_TEST,BSERVICE,juyrfO1L7Wvcl7kLQovcq7
/SYS,qfmig-iics-sa-prod-two,AgentGroup,eQTieebosm9czufAowehU6
/Explore/BRSPD Data Integration Production/Mapping,m_PPP_Prepaid_Disconnect,DTEMPLATE,488Nv40ENGyi6sozYbF168
/SYS,wsc_Disconnect_BMOM_TEST_BRSPD,Connection,k5Rvl6cRUu0cZHpQTzqXU4
/Explore,BRSPD Data Integration Production,Project,3LHwvqIbeyYbEu6BTAdJOA
/Explore/BRSPD Cloud Application Integration/HJM,dst_SF_ORDER_brsp,DSS,6Pgi6vTh0PQlqRVWHtJcup
/Explore/BRSPD Data Integration/Business Service,bsc_ P_Disconnect_PPP_Prepaid_TEST_BRSPD,BSERVICE,9pNBfNP1UWakQd6Pi8c0kw
/Explore/BRSPD Cloud Application Integration/HJM,m_ORDER_ACTIVE_brsp,DTEMPLATE,2SRQs6gGuUIfVHavAys0Wj
/Explore,LUMEN_DEV,Project,4GcQ798h6zelkZQHmmgFUs
/Explore,BRSPD Data Integration,Project,a2vDGFFJ5zIkecoCbzdVQP
/Explore/BRSPD Data Integration Production/Business Service,bsc_ P_Disconnect_BMOM_BRSPD-Prod,BSERVICE,9d6eyk7d1p5elaebEfO00u
/Explore/BRSPD Data Integration Production/Tasks,mt_ORDER_ACTIVE_BS,MTT,0dCkGvxnZf6hSg0avVBFaE
/SYS,wsc_Disconnect_PPP_Prepaid_TEST_BRSPD,Connection,2KdG7hNR2wycNwzEVnXgum
/Explore/BRSPD Data Integration Production/Business Service,bsc_update_CMS_BRSPD-Prod,BSERVICE,0IZhwxnH5G9ikiNaRIrIgW
/Explore/LUMEN_DEV,HJM,Folder,8ncWnAznwe0l2CmOeTheC4
/Explore/BRSPD Cloud Application Integration/HJM,mt_ORDER_ACTIVE_LFACS_NIC,MTT,34NdG03P5ZOeKpZxcoks4k
/SYS,MySQL-LumenStagingDB-Prod,Connection,3K3iEVO1mahlJ46LwZEM6W
/Explore/BRSPD Data Integration Production/Taskflow,tf_ORDER_ACTIVE,TASKFLOW,4ecTYH3dP9PbT8Iskyn7eP
/Explore/LUMEN_DEV/HJM,bsc_ P_Disconnect_PPP_Prepaid_TEST,BSERVICE,hNhoZPSPVSNhOOSBLB1WIH
/Explore/BRSPD Data Integration Production/Mapping,m_BMOM_Disconnect-Prod,DTEMPLATE,1rsiFuW31O8f4pf3eE8nCm
/Explore/BRSPD Data Integration Production,Business Service,Folder,90jk1pdE40Sc3QDxv3dcwV
/Explore/BRSPD Data Integration Production,Components,Folder,7PEf3pvtNqXhAYOR3KwkSC