<aetgt:getResponse xmlns:aetgt="http://schemas.active-endpoints.com/appmodules/repository/2010/10/avrepository.xsd"
                   xmlns:types1="http://schemas.active-endpoints.com/appmodules/repository/2010/10/avrepository.xsd">
   <types1:Item>
      <types1:EntryId>uCckQIW3Ni7A7vN-gt-146433-2022-08-03T22:49:23.323Z::po.xml</types1:EntryId>
      <types1:Name>emp-no-stat-1</types1:Name>
      <types1:MimeType>application/xml+processobject</types1:MimeType>
      <types1:Description/>
      <types1:AppliesTo/>
      <types1:Tags/>
      <types1:VersionLabel>1.0</types1:VersionLabel>
      <types1:State>CURRENT</types1:State>
      <types1:ProcessGroup/>
      <types1:CreatedBy>AD15100_PRD</types1:CreatedBy>
      <types1:CreationDate>2022-08-03T22:49:23Z</types1:CreationDate>
      <types1:ModifiedBy/>
      <types1:PublicationStatus>unpublished</types1:PublicationStatus>
      <types1:AutosaveExists>false</types1:AutosaveExists>
      <types1:Entry>
         <processObject xmlns="http://schemas.active-endpoints.com/appmodules/screenflow/2011/06/avosHostEnvironment.xsd"
                        displayName="emp-no-stat"
                        isByCopy="true"
                        name="emp-no-stat-1">
            <description/>
            <tags/>
            <detail>
               <field label="EMPNAME"
                      name="EMPNAME"
                      nullable="true"
                      required="false"
                      type="string"/>
               <field label="EMPNO"
                      name="EMPNO"
                      nullable="true"
                      required="false"
                      type="string"/>
               <field label="STATUS"
                      name="STATUS"
                      nullable="true"
                      required="false"
                      type="string"/>
            </detail>
         </processObject>
      </types1:Entry>
      <types1:GUID>gLVnb42az2OjpCKfLCW9gm</types1:GUID>
      <types1:DisplayName>emp-no-stat</types1:DisplayName>
   </types1:Item>
   <types1:CurrentServerDateTime>2023-01-27T08:37:59.603Z</types1:CurrentServerDateTime>
</aetgt:getResponse>
