<aetgt:getResponse xmlns:aetgt="http://schemas.active-endpoints.com/appmodules/repository/2010/10/avrepository.xsd"
                   xmlns:types1="http://schemas.active-endpoints.com/appmodules/repository/2010/10/avrepository.xsd">
   <types1:Item>
      <types1:EntryId>Q8tdsreK8ZAZf5k-gt-90068-2022-08-01T02:54:26.92Z::conn.xml</types1:EntryId>
      <types1:Name>AC-MySQL-LumenStagingDB-MainLeadLoad-BRSPD</types1:Name>
      <types1:MimeType>application/xml+connection</types1:MimeType>
      <types1:Description/>
      <types1:AppliesTo/>
      <types1:Tags>.agent:qfmig-iics-sa-prod-two</types1:Tags>
      <types1:VersionLabel>1.0</types1:VersionLabel>
      <types1:State>CURRENT</types1:State>
      <types1:ProcessGroup/>
      <types1:CreatedBy>AC83336_PRD</types1:CreatedBy>
      <types1:CreationDate>2022-08-01T02:54:27Z</types1:CreationDate>
      <types1:ModifiedBy>AD15119_PRD</types1:ModifiedBy>
      <types1:ModificationDate>2022-08-03T06:37:44Z</types1:ModificationDate>
      <types1:PublicationStatus>published</types1:PublicationStatus>
      <types1:PublishedBy>AD15119_PRD</types1:PublishedBy>
      <types1:PublicationDate>2022-08-03T06:37:55Z</types1:PublicationDate>
      <types1:PublishedContributionId>project:/rt.connection/AC-MySQL-LumenStagingDB-MainLeadLoad-BRSPD/AC-MySQL-LumenStagingDB-MainLeadLoad-BRSPD.conn.xml</types1:PublishedContributionId>
      <types1:AutosaveExists>false</types1:AutosaveExists>
      <types1:Entry>
         <connection xmlns="http://schemas.informatica.com/socrates/data-services/2014/04/avosConnections.xsd"
                     displayName="AC-MySQL-LumenStagingDB-MainLeadLoad-BRSPD"
                     label="AC-MySQL-LumenStagingDB-MainLeadLoad-BRSPD"
                     name="AC-MySQL-LumenStagingDB-MainLeadLoad-BRSPD">
            <description/>
            <tags>.agent:qfmig-iics-sa-prod-two</tags>
            <agent>qfmig-iics-sa-prod-two</agent>
            <attributes>
               <attribute encrypted="false"
                          name="JDBC Connection URL"
                          value="jdbc:mysql://34.70.95.3:3306/LumenStagingDB?allowPublicKeyRetrieval=true&amp;useSSL=false"/>
               <attribute encrypted="false"
                          name="JDBC Jar Directory"
                          value="/home/otep_lim/infaagent/apps/process-engine/ext/BRPD"/>
               <attribute encrypted="false" name="JDBC Driver Class Name" value=""/>
               <attribute encrypted="false" name="Schema" value="LumenStagingDB"/>
               <attribute encrypted="false" name="Username" value="iics_writer"/>
               <attribute encrypted="true" name="Password" value=""/>
               <attribute encrypted="false"
                          name="Object Filter"
                          value="QF_LEAD_STG_BRSPD, CUSTOMER_MIGRATION_STATUS, CUSTOMER_MIGRATION_STATUS_BRSPD, CUSTOMER_MIGRATION_STATUS_TEST_BRSPD, QF_LEAD_STG,CUSTOMER_MIGRATION_STATUS_TEST,IICS_PROCESS_STATS,CUSTOMER_MIGRATION_STATUS_GROUP4_5, CUSTOMER_MIGRATION_STATUS_GROUP3_4_5,CUSTOMER_MIGRATION_STATUS_GROUP5,QF_LEAD_STG_NEW_CODE,CUSTOMER_MIGRATION_STATUS_TEST_0430,SF_ACCOUNT_LKP ,VOM_CREATE_ORDER_STG_test,QF_LEAD_STG_TEST"/>
               <attribute encrypted="false" name="TimeZone" value="Default"/>
               <attribute encrypted="false" name="$read-Isolation Level" value="None"/>
               <attribute encrypted="false"
                          name="$read-Override Isolation Level"
                          value="false"/>
               <attribute encrypted="false" name="$write-Number of retries" value="5"/>
               <attribute encrypted="false" name="$write-Retry wait period" value="3"/>
            </attributes>
            <javaConnector xmlns="http://schemas.informatica.com/appmodules/screenflow/2014/04/avosConnectors.xsd"
                           agentOnly="true"
                           plugin="ICS"
                           supportsConnectionTest="true"
                           supportsDataPreview="true"
                           supportsOData="true"
                           supportsPublishSkipMetadataRefresh="true"
                           type="GenericJDBCAdapter"
                           uuid="33ec8fc7-dc6d-4d2e-9f6f-a950669a62d1">
               <description>JDBC  Generic Cloud Adapter</description>
            </javaConnector>
         </connection>
      </types1:Entry>
      <types1:GUID>0xDsHiJIr6TkzN2g5ORdA7</types1:GUID>
      <types1:DisplayName>AC-MySQL-LumenStagingDB-MainLeadLoad-BRSPD</types1:DisplayName>
   </types1:Item>
   <types1:CurrentServerDateTime>2023-04-03T03:07:11.876Z</types1:CurrentServerDateTime>
</aetgt:getResponse>
