<aetgt:getResponse xmlns:aetgt="http://schemas.active-endpoints.com/appmodules/repository/2010/10/avrepository.xsd"
                   xmlns:types1="http://schemas.active-endpoints.com/appmodules/repository/2010/10/avrepository.xsd">
   <types1:Item>
      <types1:EntryId>wW6jKsJlv58pIO3-gt-90100-2022-08-01T02:54:31.357Z::conn.xml</types1:EntryId>
      <types1:Name>AC-QF-BASKET-SE-Salesforce</types1:Name>
      <types1:ParentFlowIds>5kchzt1Y6tMFygl-gt-91132-2022-08-01T02:54:51.906Z::pd.xml,7Np2vRES7FdpOfT-gt-91144-2022-08-01T02:54:52.941Z::pd.xml,Bxiggor3rp3yD7t-gt-138499-2022-08-03T22:49:34.451Z::pd.xml,Dcgqzm5Y6tMFygl-gt-116376-2022-08-03T22:49:17.469Z::pd.xml,Dr3tfUbbf5ZK0CY-gt-91180-2022-08-01T02:54:54.482Z::pd.xml,igdpIO3M4WwOC2X-gt-117321-2022-08-03T22:50:09.014Z::pd.xml,LyCnNZPD4ARW8UB-gt-90263-2022-08-01T02:54:56.611Z::pd.xml,sMSAP38nXxpr1Iw-gt-146592-2022-08-03T22:50:13.293Z::pd.xml,TnRpB7O2htghGZ5-gt-89507-2022-08-01T02:54:53.729Z::pd.xml,Uopz4KhPVEQrXhN-gt-89555-2022-08-01T02:54:56.756Z::pd.xml,USJRS4JtlI20hEL-gt-116420-2022-08-03T22:49:31.746Z::pd.xml,uSOlA1vyoY2G7Qn-gt-89531-2022-08-01T02:54:55.327Z::pd.xml</types1:ParentFlowIds>
      <types1:MimeType>application/xml+connection</types1:MimeType>
      <types1:Description/>
      <types1:AppliesTo/>
      <types1:Tags/>
      <types1:VersionLabel>1.0</types1:VersionLabel>
      <types1:State>CURRENT</types1:State>
      <types1:ProcessGroup/>
      <types1:CreatedBy>AC83336_PRD</types1:CreatedBy>
      <types1:CreationDate>2022-08-01T02:54:31Z</types1:CreationDate>
      <types1:ModifiedBy>AD15119_PRD</types1:ModifiedBy>
      <types1:ModificationDate>2022-08-04T04:53:27Z</types1:ModificationDate>
      <types1:PublicationStatus>unpublished</types1:PublicationStatus>
      <types1:AutosaveExists>false</types1:AutosaveExists>
      <types1:Entry>
         <connection xmlns="http://schemas.informatica.com/socrates/data-services/2014/04/avosConnections.xsd"
                     displayName="AC-QF-BASKET-SE-Salesforce"
                     label="AC-QF-BASKET-SE-Salesforce"
                     name="AC-QF-BASKET-SE-Salesforce">
            <description/>
            <tags/>
            <agent/>
            <attributes>
               <attribute name="objectFilter" value=""/>
            </attributes>
            <soaConnector xmlns="http://schemas.informatica.com/appmodules/screenflow/2014/04/avosConnectors.xsd"
                          connectorPath="project:/com.activevos.cumulus.cloud.extend.playbook.configuration/config/sfConnector.xml"
                          name="Salesforce"
                          supportsConnectionTest="true"
                          supportsOData="true"
                          supportsPublishSkipMetadataRefresh="true"
                          uuid="05fc48f1-e6e1-441b-b700-bac396ca2ed1">
               <description>Salesforce.com SOA based data connector.</description>
            </soaConnector>
            <authentication type="$infa_basicform">
               <attributes>
                  <attribute encrypted="false"
                             name="username"
                             value="iics.integration@biwf.com.test1"/>
                  <attribute encrypted="true" name="password" value=""/>
                  <attribute encrypted="true" name="token" value=""/>
                  <attribute encrypted="false"
                             name="serviceUrl"
                             value="https://test.salesforce.com/services/Soap/c/46.0"/>
                  <attribute encrypted="true" name="clientId" value=""/>
                  <attribute encrypted="true" name="clientSecret" value=""/>
               </attributes>
            </authentication>
         </connection>
      </types1:Entry>
      <types1:GUID>0DH32MzWsYRcS8oz6tIDmr</types1:GUID>
      <types1:DisplayName>AC-QF-BASKET-SE-Salesforce</types1:DisplayName>
   </types1:Item>
   <types1:CurrentServerDateTime>2023-01-27T08:37:25.01Z</types1:CurrentServerDateTime>
</aetgt:getResponse>
