<aetgt:getResponse xmlns:aetgt="http://schemas.active-endpoints.com/appmodules/repository/2010/10/avrepository.xsd"
                   xmlns:types1="http://schemas.active-endpoints.com/appmodules/repository/2010/10/avrepository.xsd">
   <types1:Item>
      <types1:EntryId>8aaaa-gt-146520-2022-08-03T22:49:48.964Z::pd.xml</types1:EntryId>
      <types1:Name>CUSTOMER_MIGRATION_STATUS_JJG_POST-2</types1:Name>
      <types1:MimeType>application/xml+process</types1:MimeType>
      <types1:Description/>
      <types1:AppliesTo/>
      <types1:Tags>.anonymous</types1:Tags>
      <types1:VersionLabel>1.0</types1:VersionLabel>
      <types1:State>CURRENT</types1:State>
      <types1:ProcessGroup/>
      <types1:CreatedBy>AD15100_PRD</types1:CreatedBy>
      <types1:CreationDate>2022-08-03T22:49:49Z</types1:CreationDate>
      <types1:ModifiedBy/>
      <types1:PublicationStatus>unpublished</types1:PublicationStatus>
      <types1:AutosaveExists>false</types1:AutosaveExists>
      <types1:Entry>
         <process xmlns="http://schemas.active-endpoints.com/appmodules/screenflow/2010/10/avosScreenflow.xsd"
                  xmlns:tfm="http://schemas.active-endpoints.com/appmodules/screenflow/2021/04/taskflowModel.xsd"
                  xmlns:list="urn:activevos:spi:list:functions"
                  displayName="CUSTOMER_MIGRATION_STATUS_JJG_POST"
                  name="CUSTOMER_MIGRATION_STATUS_JJG_POST-2"
                  overrideAPIName="false">
            <parameterSet xmlns="http://schemas.active-endpoints.com/appmodules/screenflow/2021/04/taskflowModel.xsd"/>
            <appliesTo/>
            <description/>
            <tags>.anonymous</tags>
            <generator>Informatica Process Designer 11</generator>
            <input>
               <parameter description="" name="Input" type="reference">
                  <options>
                     <option name="referenceTo">$po:PO-CMSJJG-032922</option>
                     <option name="required">false</option>
                     <option name="isCopy">true</option>
                     <option name="guid">35uLcBk3GK2fJSyLcOwJe4</option>
                  </options>
               </parameter>
            </input>
            <output>
               <field description="" name="Output" type="reference">
                  <options>
                     <option name="referenceTo">AC-CUSTOMER-MIGRATION-STATUS-JJG-032822-2:CUSTOMER_MIGRATION_STATUS_JJG_032822</option>
                     <option name="required">false</option>
                     <option name="guid">dMvMP61G6WUi5OF6gDiyWW</option>
                  </options>
               </field>
               <field description="" name="OUTPUT_PO" type="reference">
                  <options>
                     <option name="referenceTo">$po:table2-1</option>
                     <option name="required">false</option>
                     <option name="isCopy">true</option>
                     <option name="guid">aQ9JmvzISgrfCNH78hW0SE</option>
                  </options>
               </field>
            </output>
            <notes/>
            <deployment suspendOnFault="false" tracingLevel="none">
               <rest>
                  <allowAnonymousAccess/>
               </rest>
            </deployment>
            <flow id="a">
               <start id="b">
                  <link id="l1d3pv58" targetId="l1d3pv57"/>
               </start>
               <assignment id="l1d3pv57">
                  <title>ASSIGNMENT</title>
                  <operation source="query" to="output.Output">
                     <query advanceQuery="false"
                            from="AC-CUSTOMER-MIGRATION-STATUS-JJG-032822:CUSTOMER_MIGRATION_STATUS_JJG_032822">
                        <where>DTN = '{$input.Input[1]/DTN}'</where>
                     </query>
                  </operation>
                  <link id="l1ek7azd" targetId="l1ek7azc"/>
               </assignment>
               <create id="l1ek7azc">
                  <title>INSERT</title>
                  <entityName>AC-CUSTOMER-MIGRATION-STATUS-JJG-032822:CUSTOMER_MIGRATION_STATUS_JJG_032822</entityName>
                  <createInput>
                     <parameter name="DTN" source="constant" updatable="true">{$input.Input[1]/DTN}</parameter>
                     <parameter name="ACCOUNT_ID" source="constant" updatable="true">{$input.Input[1]/ACCOUNT_ID}</parameter>
                     <parameter name="LEGACY_SYSTEM" source="constant" updatable="true">{$input.Input[1]/LEGACY_SYSTEM}</parameter>
                     <parameter name="LEGACY_ACCOUNT_ID" source="constant" updatable="true">{$input.Input[1]/LEGACY_ACCOUNT_ID}</parameter>
                     <parameter name="ORIGINAL_LEGACY_SF_ID" source="constant" updatable="true">{$input.Input[1]/ORIGINAL_LEGACY_SF_ID}</parameter>
                     <parameter name="LEGACY_SF_ID" source="constant" updatable="true">{$input.Input[1]/LEGACY_SF_ID}</parameter>
                     <parameter name="BILLING_FIRST_NAME" source="constant" updatable="true">{$input.Input[1]/BILLING_FIRST_NAME}</parameter>
                     <parameter name="BILLING_LAST_NAME" source="constant" updatable="true">{$input.Input[1]/BILLING_LAST_NAME}</parameter>
                  </createInput>
                  <link id="l1ek7b10" targetId="c"/>
               </create>
               <end id="c"/>
            </flow>
         </process>
         <ns1:sample-data-sets xmlns:ns1="http://schemas.active-endpoints.com/appmodules/repository/2010/10/sampleData.xsd">
            <ns1:SampleData>
               <ns1:Id>77a3a22c-93bf-4fe9-a444-58b6fb68d98c</ns1:Id>
               <ns1:Name>X</ns1:Name>
               <ns1:CreatedBy>AD15100_PRD</ns1:CreatedBy>
               <ns1:CreationDate>2022-08-03T22:49:49Z</ns1:CreationDate>
               <ns1:ModifiedBy>AD15100_PRD</ns1:ModifiedBy>
               <ns1:ModifiedDate>2022-08-03T22:49:49Z</ns1:ModifiedDate>
               <ns1:Data format="json">{
	 "Input": {
	 	 "DTN": "14",
	 	 "ACCOUNT_ID": "00001",
	 	 "LEGACY_SYSTEM": "12345",
	 	 "LEGACY_ACCOUNT_ID": "11111",
	 	 "ORIGINAL_LEGACY_SF_ID": "11111",
	 	 "LEGACY_SF_ID": "20211029",
	 	 "BILLING_FIRST_NAME": "John Joshua",
	 	 "BILLING_LAST_NAME": "456"
	 }
}</ns1:Data>
            </ns1:SampleData>
         </ns1:sample-data-sets>
      </types1:Entry>
      <types1:GUID>4rfSWDyfo9xh662RCkl1Yp</types1:GUID>
      <types1:DisplayName>CUSTOMER_MIGRATION_STATUS_JJG_POST</types1:DisplayName>
   </types1:Item>
   <types1:CurrentServerDateTime>2022-08-12T09:01:57.871Z</types1:CurrentServerDateTime>
</aetgt:getResponse>
