<aetgt:getResponse xmlns:aetgt="http://schemas.active-endpoints.com/appmodules/repository/2010/10/avrepository.xsd"
                   xmlns:types1="http://schemas.active-endpoints.com/appmodules/repository/2010/10/avrepository.xsd">
   <types1:Item>
      <types1:EntryId>AvASaaaaa-gt-138486-2022-08-03T22:49:28.428Z::svc.xml</types1:EntryId>
      <types1:Name>SC_FileWriter_Communications_Prod_BRSPD-Prod</types1:Name>
      <types1:MimeType>application/xml+businesssconnector</types1:MimeType>
      <types1:Description/>
      <types1:AppliesTo/>
      <types1:Tags/>
      <types1:VersionLabel>1.0</types1:VersionLabel>
      <types1:State>CURRENT</types1:State>
      <types1:ProcessGroup/>
      <types1:CreatedBy>AD15100_PRD</types1:CreatedBy>
      <types1:CreationDate>2022-08-03T22:49:28Z</types1:CreationDate>
      <types1:ModifiedBy>AD15100_PRD</types1:ModifiedBy>
      <types1:ModificationDate>2022-08-04T03:04:00Z</types1:ModificationDate>
      <types1:PublicationStatus>unpublished</types1:PublicationStatus>
      <types1:AutosaveExists>false</types1:AutosaveExists>
      <types1:Entry>
         <businessConnector xmlns="http://schemas.informatica.com/socrates/data-services/2014/05/business-connector-model.xsd"
                            agentOnly="false"
                            debug="false"
                            displayName="SC_FileWriter_Communications_Prod_BRSPD-Prod"
                            label=""
                            name="SC_FileWriter_Communications_Prod_BRSPD-Prod"
                            uuid="cd62db40-0adb-4b90-b1db-9525bb42ef78">
            <description/>
            <tags/>
            <connectionAttributes xmlns="http://schemas.informatica.com/appmodules/screenflow/2014/04/avosConnectors.xsd"/>
            <actions>
               <action category=""
                       failOnError="true"
                       forSearch="false"
                       label="P_Call_FileWriter_Communications_Prod"
                       maxRedirects="100"
                       name="P_Call_FileWriter_Communications_Prod"
                       preemptiveAuth="true"
                       responseEncoding="">
                  <description/>
                  <input>
                     <parameter name="FileAttachment_in"
                                required="true"
                                testWith=""
                                type="attachment"/>
                  </input>
                  <binding>
                     <restSimpleBinding multiUsing="semicolonSeparated"
                                        url="https://usw3-cai.dm1-us.informaticacloud.com/active-bpel/public/rt/k1qNBasfeEQdUMj15ONzuM/P_Call_FileWriter_Communications_Prod"
                                        verb="POST">
                        <mutualAuth enabled="false">
                           <keyStore mode="file"/>
                           <keyStorePassword/>
                        </mutualAuth>
                        <body generateUsing="Form"/>
                     </restSimpleBinding>
                  </binding>
                  <output/>
               </action>
            </actions>
            <objects/>
         </businessConnector>
      </types1:Entry>
      <types1:GUID>59yoKyEJOEybnj8O6Mz6m7</types1:GUID>
      <types1:DisplayName>SC_FileWriter_Communications_Prod_BRSPD-Prod</types1:DisplayName>
   </types1:Item>
   <types1:CurrentServerDateTime>2023-04-03T03:06:40.248Z</types1:CurrentServerDateTime>
</aetgt:getResponse>
