<aetgt:getResponse xmlns:aetgt="http://schemas.active-endpoints.com/appmodules/repository/2010/10/avrepository.xsd"
                   xmlns:types1="http://schemas.active-endpoints.com/appmodules/repository/2010/10/avrepository.xsd">
   <types1:Item>
      <types1:EntryId>MwwzAHufWC64Ky2-gt-30852-2022-07-06T02:43:25.619Z::po.xml</types1:EntryId>
      <types1:Name>PO-ENS-PPP-Pricing-1</types1:Name>
      <types1:MimeType>application/xml+processobject</types1:MimeType>
      <types1:Description>ENS Pricing</types1:Description>
      <types1:AppliesTo/>
      <types1:Tags/>
      <types1:VersionLabel>1.0</types1:VersionLabel>
      <types1:State>CURRENT</types1:State>
      <types1:ProcessGroup/>
      <types1:CreatedBy>AC83336_PRD</types1:CreatedBy>
      <types1:CreationDate>2022-07-06T02:43:26Z</types1:CreationDate>
      <types1:ModifiedBy/>
      <types1:PublicationStatus>unpublished</types1:PublicationStatus>
      <types1:AutosaveExists>false</types1:AutosaveExists>
      <types1:Entry>
         <processObject xmlns="http://schemas.active-endpoints.com/appmodules/screenflow/2011/06/avosHostEnvironment.xsd"
                        displayName="PO-ENS-PPP-Pricing"
                        isByCopy="true"
                        name="PO-ENS-PPP-Pricing-1">
            <description>ENS Pricing</description>
            <tags/>
            <detail>
               <field label="Last_Name" name="Last_Name" type="string"/>
               <field label="First_Name" name="First_Name" type="string"/>
               <field label="Price_For_Life" name="Price_For_Life" type="string"/>
               <field label="Legacy_HSI_Price" name="Legacy_HSI_Price" type="string"/>
               <field label="Legacy_Product_Code"
                      name="Legacy_Product_Code"
                      type="string"/>
               <field label="Legacy_HSI_Service_Plan"
                      name="Legacy_HSI_Service_Plan"
                      type="string"/>
               <field label="Legacy_Modem_Price" name="Legacy_Modem_Price" type="string"/>
               <field label="Legacy_Modem_Product_Code"
                      name="Legacy_Modem_Product_Code"
                      type="string"/>
               <field label="Legacy_Modem_Purchase_Type"
                      name="Legacy_Modem_Purchase_Type"
                      type="string"/>
               <field label="Legacy_Voice_Price" name="Legacy_Voice_Price" type="string"/>
               <field label="Legacy_Voice_Product_Code"
                      name="Legacy_Voice_Product_Code"
                      type="string"/>
               <field label="Quantum_Fiber_HSI_Price"
                      name="Quantum_Fiber_HSI_Price"
                      type="string"/>
               <field label="Quantum_Fiber_HSI_Product_Code"
                      name="Quantum_Fiber_HSI_Product_Code"
                      type="string"/>
               <field label="Quantum_Fiber_HSI_Service_Plan"
                      name="Quantum_Fiber_HSI_Service_Plan"
                      type="string"/>
               <field label="Quantum_Fiber_Modem_Price"
                      name="Quantum_Fiber_Modem_Price"
                      type="string"/>
               <field label="Quantum_Fiber_Modem_Product_Code"
                      name="Quantum_Fiber_Modem_Product_Code"
                      type="string"/>
               <field label="Quantum_Fiber_Modem_Purchase_Type"
                      name="Quantum_Fiber_Modem_Purchase_Type"
                      type="string"/>
               <field label="Quantum_Fiber_Voice_Price"
                      name="Quantum_Fiber_Voice_Price"
                      type="string"/>
               <field label="Quantum_Fiber_Voide_Product_Code"
                      name="Quantum_Fiber_Voide_Product_Code"
                      type="string"/>
               <field label="HSI_PFL__c" name="HSI_PFL__c" type="string"/>
               <field label="Modem_PFL__c" name="Modem_PFL__c" type="string"/>
               <field label="Voice_PFL__c" name="Voice_PFL__c" type="string"/>
               <field label="Legacy_Phone_Product_Code"
                      name="Legacy_Phone_Product_Code"
                      type="string"/>
               <field label="Legacy_HSI_Product_Number"
                      name="Legacy_HSI_Product_Number"
                      type="string"/>
               <field label="Legacy_Modem_Purchase_Date"
                      name="Legacy_Modem_Purchase_Date"
                      type="date"/>
               <field label="Voice_Enabled" name="Voice_Enabled" type="string"/>
            </detail>
         </processObject>
      </types1:Entry>
      <types1:GUID>26zCaOSpw14hpccF2o0aYd</types1:GUID>
      <types1:DisplayName>PO-ENS-PPP-Pricing</types1:DisplayName>
   </types1:Item>
   <types1:CurrentServerDateTime>2022-11-04T14:37:52.909Z</types1:CurrentServerDateTime>
</aetgt:getResponse>
