<aetgt:getResponse xmlns:aetgt="http://schemas.active-endpoints.com/appmodules/repository/2010/10/avrepository.xsd"
                   xmlns:types1="http://schemas.active-endpoints.com/appmodules/repository/2010/10/avrepository.xsd">
   <types1:Item>
      <types1:EntryId>nY5phuCMLkZlkZ2-gt-90034-2022-08-01T02:54:23.219Z::po.xml</types1:EntryId>
      <types1:Name>PO-PPP-Read-3</types1:Name>
      <types1:ParentFlowIds>5kchzt1Y6tMFygl-gt-91132-2022-08-01T02:54:51.906Z::pd.xml,Dr3tfUbbf5ZK0CY-gt-91180-2022-08-01T02:54:54.482Z::pd.xml,LyCnNZPD4ARW8UB-gt-90263-2022-08-01T02:54:56.611Z::pd.xml,Uopz4KhPVEQrXhN-gt-89555-2022-08-01T02:54:56.756Z::pd.xml,uSOlA1vyoY2G7Qn-gt-89531-2022-08-01T02:54:55.327Z::pd.xml</types1:ParentFlowIds>
      <types1:MimeType>application/xml+processobject</types1:MimeType>
      <types1:Description>For PPP read process object</types1:Description>
      <types1:AppliesTo/>
      <types1:Tags/>
      <types1:VersionLabel>1.0</types1:VersionLabel>
      <types1:State>CURRENT</types1:State>
      <types1:ProcessGroup/>
      <types1:CreatedBy>AC83336_PRD</types1:CreatedBy>
      <types1:CreationDate>2022-08-01T02:54:23Z</types1:CreationDate>
      <types1:ModifiedBy/>
      <types1:PublicationStatus>unpublished</types1:PublicationStatus>
      <types1:AutosaveExists>false</types1:AutosaveExists>
      <types1:Entry>
         <processObject xmlns="http://schemas.active-endpoints.com/appmodules/screenflow/2011/06/avosHostEnvironment.xsd"
                        displayName="PO-PPP-Read"
                        isByCopy="true"
                        name="PO-PPP-Read-3">
            <description>For PPP read process object</description>
            <tags/>
            <detail>
               <field label="AccountNumber"
                      name="AccountNumber"
                      nullable="true"
                      required="false"
                      type="string"/>
               <field label="ID"
                      name="ID"
                      nullable="true"
                      required="false"
                      type="string"/>
               <field label="Name"
                      name="Name"
                      nullable="true"
                      required="false"
                      type="string"/>
               <field label="Service_Addresses"
                      name="Service_Addresses"
                      nullable="true"
                      required="false"
                      type="string"/>
               <field label="Current_Bill_Due_Date"
                      name="Current_Bill_Due_Date"
                      nullable="true"
                      required="false"
                      type="date"/>
               <field label="Billing_Method_Source"
                      name="Billing_Method_Source"
                      nullable="true"
                      required="false"
                      type="string"/>
               <field label="Billing_Source"
                      name="Billing_Source"
                      nullable="true"
                      required="false"
                      type="string"/>
               <field label="Default_Service_Address"
                      name="Default_Service_Address"
                      nullable="true"
                      required="false"
                      type="string"/>
               <field label="Billling_Cycle"
                      name="Billling_Cycle"
                      nullable="true"
                      required="false"
                      type="string"/>
               <field label="Valid_Email"
                      name="Valid_Email"
                      nullable="true"
                      required="false"
                      type="string"/>
               <field label="Email"
                      name="Email"
                      nullable="true"
                      required="false"
                      type="string"/>
               <field label="Billing_Cycle_Date"
                      name="Billing_Cycle_Date"
                      nullable="true"
                      required="false"
                      type="date"/>
               <field label="Contact_Number"
                      name="Contact_Number"
                      nullable="true"
                      required="false"
                      type="string"/>
               <field label="State"
                      name="State"
                      nullable="true"
                      required="false"
                      type="string"/>
            </detail>
         </processObject>
      </types1:Entry>
      <types1:GUID>azxobeeeYDokUvq251BJUr</types1:GUID>
      <types1:DisplayName>PO-PPP-Read</types1:DisplayName>
   </types1:Item>
   <types1:CurrentServerDateTime>2022-11-11T09:27:36.8Z</types1:CurrentServerDateTime>
</aetgt:getResponse>
