<aetgt:getResponse xmlns:aetgt="http://schemas.active-endpoints.com/appmodules/repository/2010/10/avrepository.xsd"
                   xmlns:types1="http://schemas.active-endpoints.com/appmodules/repository/2010/10/avrepository.xsd">
   <types1:Item>
      <types1:EntryId>6ibdoEFsWTzIf6r-gt-91014-2022-08-01T02:54:28.933Z::po.xml</types1:EntryId>
      <types1:Name>table2</types1:Name>
      <types1:ParentFlowIds>Sv58pIO3M4WwOC2-gt-91076-2022-08-01T02:54:38.723Z::pd.xml,xpr1Iw8jIw8jIw8-gt-90251-2022-08-01T02:54:39.377Z::pd.xml,yNnQMMnGbciZBpD-gt-90149-2022-08-01T02:54:36.395Z::pd.xml</types1:ParentFlowIds>
      <types1:MimeType>application/xml+processobject</types1:MimeType>
      <types1:Description/>
      <types1:AppliesTo/>
      <types1:Tags/>
      <types1:VersionLabel>1.0</types1:VersionLabel>
      <types1:State>CURRENT</types1:State>
      <types1:ProcessGroup/>
      <types1:CreatedBy>AC83336_PRD</types1:CreatedBy>
      <types1:CreationDate>2022-08-01T02:54:29Z</types1:CreationDate>
      <types1:ModifiedBy/>
      <types1:PublicationStatus>unpublished</types1:PublicationStatus>
      <types1:AutosaveExists>false</types1:AutosaveExists>
      <types1:Entry>
         <processObject xmlns="http://schemas.active-endpoints.com/appmodules/screenflow/2011/06/avosHostEnvironment.xsd"
                        displayName="table2"
                        isByCopy="true"
                        name="table2">
            <description/>
            <tags/>
            <detail>
               <field label="EMPNAME"
                      name="EMPNAME"
                      nullable="true"
                      required="false"
                      type="string"/>
               <field label="EMPNO"
                      name="EMPNO"
                      nullable="true"
                      required="false"
                      type="double"/>
               <field label="STATUS"
                      name="STATUS"
                      nullable="true"
                      required="false"
                      type="string"/>
            </detail>
         </processObject>
      </types1:Entry>
      <types1:GUID>43yms4IuzsYiqOcYP6rQ8O</types1:GUID>
      <types1:DisplayName>table2</types1:DisplayName>
   </types1:Item>
   <types1:CurrentServerDateTime>2022-11-11T09:27:38.505Z</types1:CurrentServerDateTime>
</aetgt:getResponse>
