<aetgt:getResponse xmlns:aetgt="http://schemas.active-endpoints.com/appmodules/repository/2010/10/avrepository.xsd"
                   xmlns:types1="http://schemas.active-endpoints.com/appmodules/repository/2010/10/avrepository.xsd">
   <types1:Item>
      <types1:EntryId>LruB3uopz4KhPVE-gt-116342-2022-08-03T22:49:12.602Z::conn.xml</types1:EntryId>
      <types1:Name>AC-CUSTOMER-MIGRATION-STATUS-JJG-032822-2</types1:Name>
      <types1:ParentFlowIds>8aaaa-gt-146520-2022-08-03T22:49:48.964Z::pd.xml,eA1vyoY2G7QnG5Y-gt-146554-2022-08-03T22:50:02.006Z::pd.xml,ME3mY6pkTjFIMeI-gt-146377-2022-08-03T22:49:13.628Z::pd.xml</types1:ParentFlowIds>
      <types1:MimeType>application/xml+connection</types1:MimeType>
      <types1:Description/>
      <types1:AppliesTo/>
      <types1:Tags>.agent:qfmig-iics-sa</types1:Tags>
      <types1:VersionLabel>1.0</types1:VersionLabel>
      <types1:State>CURRENT</types1:State>
      <types1:ProcessGroup/>
      <types1:CreatedBy>AD15100_PRD</types1:CreatedBy>
      <types1:CreationDate>2022-08-03T22:49:13Z</types1:CreationDate>
      <types1:ModifiedBy/>
      <types1:PublicationStatus>unpublished</types1:PublicationStatus>
      <types1:AutosaveExists>false</types1:AutosaveExists>
      <types1:Entry>
         <connection xmlns="http://schemas.informatica.com/socrates/data-services/2014/04/avosConnections.xsd"
                     displayName="AC-CUSTOMER-MIGRATION-STATUS-JJG-032822"
                     label="AC-CUSTOMER-MIGRATION-STATUS-JJG-032822"
                     name="AC-CUSTOMER-MIGRATION-STATUS-JJG-032822-2">
            <description/>
            <tags>.agent:qfmig-iics-sa</tags>
            <agent>qfmig-iics-sa</agent>
            <attributes>
               <attribute encrypted="false"
                          name="JDBC Connection URL"
                          value="jdbc:mysql://104.197.205.236:3306/LumenStagingDB?allowPublicKeyRetrieval=true&amp;useSSL=false"/>
               <attribute encrypted="false"
                          name="JDBC Jar Directory"
                          value="/iics/infaagent/apps/process-engine/ext"/>
               <attribute encrypted="false" name="JDBC Driver Class Name" value=""/>
               <attribute encrypted="false" name="Schema" value="LumenStagingDB"/>
               <attribute encrypted="false" name="Username" value="root"/>
               <attribute encrypted="true" name="Password" value=""/>
               <attribute encrypted="false"
                          name="Object Filter"
                          value="CUSTOMER_MIGRATION_STATUS_JJG_032822"/>
               <attribute encrypted="false" name="TimeZone" value="Default"/>
               <attribute encrypted="false" name="$read-Isolation Level" value="None"/>
               <attribute encrypted="false"
                          name="$read-Override Isolation Level"
                          value="false"/>
               <attribute encrypted="false" name="$write-Number of retries" value="5"/>
               <attribute encrypted="false" name="$write-Retry wait period" value="3"/>
            </attributes>
            <javaConnector xmlns="http://schemas.informatica.com/appmodules/screenflow/2014/04/avosConnectors.xsd"
                           agentOnly="true"
                           plugin="ICS"
                           supportsConnectionTest="true"
                           supportsDataPreview="true"
                           supportsOData="true"
                           type="GenericJDBCAdapter"
                           uuid="33ec8fc7-dc6d-4d2e-9f6f-a950669a62d1">
               <description>JDBC  Generic Cloud Adapter</description>
            </javaConnector>
         </connection>
      </types1:Entry>
      <types1:GUID>dMvMP61G6WUi5OF6gDiyWW</types1:GUID>
      <types1:DisplayName>AC-CUSTOMER-MIGRATION-STATUS-JJG-032822</types1:DisplayName>
   </types1:Item>
   <types1:CurrentServerDateTime>2022-10-21T03:10:18.117Z</types1:CurrentServerDateTime>
</aetgt:getResponse>
