<aetgt:getResponse xmlns:aetgt="http://schemas.active-endpoints.com/appmodules/repository/2010/10/avrepository.xsd"
                   xmlns:types1="http://schemas.active-endpoints.com/appmodules/repository/2010/10/avrepository.xsd">
   <types1:Item>
      <types1:EntryId>g0MUdsnSDg8SOlA-gt-138422-2022-08-03T22:49:13.099Z::po.xml</types1:EntryId>
      <types1:Name>PObrsp-1</types1:Name>
      <types1:ParentFlowIds>0aa-gt-116548-2022-08-03T22:50:06.999Z::pd.xml,ME3mY6pkTjFIMeI-gt-146377-2022-08-03T22:49:13.628Z::pd.xml,v6F2n3wOLIFvukN-gt-117195-2022-08-03T22:49:35.345Z::pd.xml</types1:ParentFlowIds>
      <types1:MimeType>application/xml+processobject</types1:MimeType>
      <types1:Description/>
      <types1:AppliesTo/>
      <types1:Tags/>
      <types1:VersionLabel>1.0</types1:VersionLabel>
      <types1:State>CURRENT</types1:State>
      <types1:ProcessGroup/>
      <types1:CreatedBy>AD15100_PRD</types1:CreatedBy>
      <types1:CreationDate>2022-08-03T22:49:13Z</types1:CreationDate>
      <types1:ModifiedBy/>
      <types1:PublicationStatus>unpublished</types1:PublicationStatus>
      <types1:AutosaveExists>false</types1:AutosaveExists>
      <types1:Entry>
         <processObject xmlns="http://schemas.active-endpoints.com/appmodules/screenflow/2011/06/avosHostEnvironment.xsd"
                        displayName="PObrsp"
                        isByCopy="true"
                        name="PObrsp-1">
            <description/>
            <tags/>
            <detail>
               <field label="DTN"
                      name="DTN"
                      nullable="true"
                      required="false"
                      type="string"/>
               <field label="ACCOUNT_ID"
                      name="ACCOUNT_ID"
                      nullable="true"
                      required="false"
                      type="string"/>
               <field label="LEGACY_SYSTEM"
                      name="LEGACY_SYSTEM"
                      nullable="true"
                      required="false"
                      type="string"/>
               <field label="LEGACY_ACCOUNT_ID"
                      name="LEGACY_ACCOUNT_ID"
                      nullable="true"
                      required="false"
                      type="string"/>
               <field label="PREPAID_ACCOUNT_TYPE"
                      name="PREPAID_ACCOUNT_TYPE"
                      nullable="true"
                      required="false"
                      type="string"/>
               <field label="LEGACY_CUSTOMER_TYPE"
                      name="LEGACY_CUSTOMER_TYPE"
                      nullable="true"
                      required="false"
                      type="string"/>
               <field label="ACCOUNT_STATUS"
                      name="ACCOUNT_STATUS"
                      nullable="true"
                      required="false"
                      type="string"/>
               <field label="ORIGINAL_LEGACY_SF_ID"
                      name="ORIGINAL_LEGACY_SF_ID"
                      nullable="true"
                      required="false"
                      type="string"/>
               <field label="LEGACY_SF_ID"
                      name="LEGACY_SF_ID"
                      nullable="true"
                      required="false"
                      type="string"/>
               <field label="GROUP_NUMBER"
                      name="GROUP_NUMBER"
                      nullable="true"
                      required="false"
                      type="double"/>
               <field label="QF_LEAD_ID"
                      name="QF_LEAD_ID"
                      nullable="true"
                      required="false"
                      type="string"/>
               <field label="OLT_ID"
                      name="OLT_ID"
                      nullable="true"
                      required="false"
                      type="string"/>
               <field label="OLT_SHELF_ID"
                      name="OLT_SHELF_ID"
                      nullable="true"
                      required="false"
                      type="string"/>
               <field label="CENTRAL_OFFICE"
                      name="CENTRAL_OFFICE"
                      nullable="true"
                      required="false"
                      type="string"/>
               <field label="HOUSE"
                      name="HOUSE"
                      nullable="true"
                      required="false"
                      type="string"/>
               <field label="HOUSE_SUFFIX"
                      name="HOUSE_SUFFIX"
                      nullable="true"
                      required="false"
                      type="string"/>
               <field label="STREET"
                      name="STREET"
                      nullable="true"
                      required="false"
                      type="string"/>
               <field label="PRE_DIRECTIONAL_CODE"
                      name="PRE_DIRECTIONAL_CODE"
                      nullable="true"
                      required="false"
                      type="string"/>
               <field label="POST_DIRECTIONAL_CODE"
                      name="POST_DIRECTIONAL_CODE"
                      nullable="true"
                      required="false"
                      type="string"/>
               <field label="LOCATION"
                      name="LOCATION"
                      nullable="true"
                      required="false"
                      type="string"/>
               <field label="STREET_SUFFIX"
                      name="STREET_SUFFIX"
                      nullable="true"
                      required="false"
                      type="string"/>
               <field label="COMMUNITY"
                      name="COMMUNITY"
                      nullable="true"
                      required="false"
                      type="string"/>
               <field label="PROV_STATE"
                      name="PROV_STATE"
                      nullable="true"
                      required="false"
                      type="string"/>
               <field label="POSTAL_ZIP"
                      name="POSTAL_ZIP"
                      nullable="true"
                      required="false"
                      type="string"/>
               <field label="LATITUDE"
                      name="LATITUDE"
                      nullable="true"
                      required="false"
                      type="double"/>
               <field label="LONGITUDE"
                      name="LONGITUDE"
                      nullable="true"
                      required="false"
                      type="double"/>
               <field label="RG_MAC"
                      name="RG_MAC"
                      nullable="true"
                      required="false"
                      type="string"/>
               <field label="RG_VENDOR"
                      name="RG_VENDOR"
                      nullable="true"
                      required="false"
                      type="string"/>
               <field label="RG_MODEL"
                      name="RG_MODEL"
                      nullable="true"
                      required="false"
                      type="string"/>
               <field label="RG_SERIAL"
                      name="RG_SERIAL"
                      nullable="true"
                      required="false"
                      type="string"/>
               <field label="RG_SOFTWARE"
                      name="RG_SOFTWARE"
                      nullable="true"
                      required="false"
                      type="string"/>
               <field label="AUTHENTICATED"
                      name="AUTHENTICATED"
                      nullable="true"
                      required="false"
                      type="string"/>
               <field label="RG_IP"
                      name="RG_IP"
                      nullable="true"
                      required="false"
                      type="string"/>
               <field label="STATUS"
                      name="STATUS"
                      nullable="true"
                      required="false"
                      type="string"/>
               <field label="SEQUENCE_NO"
                      name="SEQUENCE_NO"
                      nullable="true"
                      required="false"
                      type="int"/>
               <field label="ACTIVE"
                      name="ACTIVE"
                      nullable="true"
                      required="false"
                      type="string"/>
               <field label="LAST_MODIFIED_DATE"
                      name="LAST_MODIFIED_DATE"
                      nullable="true"
                      required="false"
                      type="datetime"/>
               <field label="LAST_MODIFIED_BY"
                      name="LAST_MODIFIED_BY"
                      nullable="true"
                      required="false"
                      type="string"/>
               <field label="ERROR_MESSAGE"
                      name="ERROR_MESSAGE"
                      nullable="true"
                      required="false"
                      type="string"/>
               <field label="MODEM_PURCHASE_DATE"
                      name="MODEM_PURCHASE_DATE"
                      nullable="true"
                      required="false"
                      type="datetime"/>
               <field label="MODEM_PURCHASE_TYPE"
                      name="MODEM_PURCHASE_TYPE"
                      nullable="true"
                      required="false"
                      type="string"/>
               <field label="CUSTOMER_TYPE"
                      name="CUSTOMER_TYPE"
                      nullable="true"
                      required="false"
                      type="string"/>
               <field label="POSTPAID_ACCOUNT_SOURCE"
                      name="POSTPAID_ACCOUNT_SOURCE"
                      nullable="true"
                      required="false"
                      type="string"/>
               <field label="VOICE_ENABLED"
                      name="VOICE_ENABLED"
                      nullable="true"
                      required="false"
                      type="string"/>
               <field label="IS_FM_CNV"
                      name="IS_FM_CNV"
                      nullable="true"
                      required="false"
                      type="string"/>
               <field label="IS_CONVERTED"
                      name="IS_CONVERTED"
                      nullable="true"
                      required="false"
                      type="string"/>
               <field label="CONVERTED_DATE"
                      name="CONVERTED_DATE"
                      nullable="true"
                      required="false"
                      type="string"/>
               <field label="CONVERTED_ACCOUNT_ID"
                      name="CONVERTED_ACCOUNT_ID"
                      nullable="true"
                      required="false"
                      type="string"/>
               <field label="INVENTORY_SOURCE"
                      name="INVENTORY_SOURCE"
                      nullable="true"
                      required="false"
                      type="string"/>
               <field label="BILLING_ADDRESS1"
                      name="BILLING_ADDRESS1"
                      nullable="true"
                      required="false"
                      type="string"/>
               <field label="BILLING_ADDRESS2"
                      name="BILLING_ADDRESS2"
                      nullable="true"
                      required="false"
                      type="string"/>
               <field label="BILLING_CITY"
                      name="BILLING_CITY"
                      nullable="true"
                      required="false"
                      type="string"/>
               <field label="BILLING_STATE"
                      name="BILLING_STATE"
                      nullable="true"
                      required="false"
                      type="string"/>
               <field label="BILLING_FIRST_NAME"
                      name="BILLING_FIRST_NAME"
                      nullable="true"
                      required="false"
                      type="string"/>
               <field label="BILLING_LAST_NAME"
                      name="BILLING_LAST_NAME"
                      nullable="true"
                      required="false"
                      type="string"/>
               <field label="BILLING_PHONE"
                      name="BILLING_PHONE"
                      nullable="true"
                      required="false"
                      type="string"/>
            </detail>
         </processObject>
      </types1:Entry>
      <types1:GUID>7Z6ei65ymahdsMuaQiczQa</types1:GUID>
      <types1:DisplayName>PObrsp</types1:DisplayName>
   </types1:Item>
   <types1:CurrentServerDateTime>2022-10-21T03:10:19.296Z</types1:CurrentServerDateTime>
</aetgt:getResponse>
