<aetgt:getResponse xmlns:aetgt="http://schemas.active-endpoints.com/appmodules/repository/2010/10/avrepository.xsd"
                   xmlns:types1="http://schemas.active-endpoints.com/appmodules/repository/2010/10/avrepository.xsd">
   <types1:Item>
      <types1:EntryId>oQREhNWIsoZduD2-gt-117229-2022-08-03T22:49:42.238Z::pd.xml</types1:EntryId>
      <types1:Name>P_Create_Process_Stats_BRSPD-Prod</types1:Name>
      <types1:MimeType>application/xml+process</types1:MimeType>
      <types1:Description/>
      <types1:AppliesTo/>
      <types1:Tags>.anonymous</types1:Tags>
      <types1:VersionLabel>1.0</types1:VersionLabel>
      <types1:State>CURRENT</types1:State>
      <types1:ProcessGroup/>
      <types1:CreatedBy>AD15100_PRD</types1:CreatedBy>
      <types1:CreationDate>2022-08-03T22:49:42Z</types1:CreationDate>
      <types1:ModifiedBy>AD15100_PRD</types1:ModifiedBy>
      <types1:ModificationDate>2022-08-04T03:32:59Z</types1:ModificationDate>
      <types1:PublicationStatus>published</types1:PublicationStatus>
      <types1:PublishedBy>AD15100_PRD</types1:PublishedBy>
      <types1:PublicationDate>2022-08-04T03:33:07Z</types1:PublicationDate>
      <types1:PublishedContributionId>project:/spi.P_Create_Process_Stats_BRSPD-Prod/P_Create_Process_Stats_BRSPD-Prod.pd.xml</types1:PublishedContributionId>
      <types1:AutosaveExists>false</types1:AutosaveExists>
      <types1:Entry>
         <process xmlns="http://schemas.active-endpoints.com/appmodules/screenflow/2010/10/avosScreenflow.xsd"
                  xmlns:tfm="http://schemas.active-endpoints.com/appmodules/screenflow/2021/04/taskflowModel.xsd"
                  xmlns:list="urn:activevos:spi:list:functions"
                  displayName="P_Create_Process_Stats_BRSPD-Prod"
                  name="P_Create_Process_Stats_BRSPD-Prod"
                  overrideAPIName="false">
            <parameterSet xmlns="http://schemas.active-endpoints.com/appmodules/screenflow/2021/04/taskflowModel.xsd"/>
            <appliesTo/>
            <description/>
            <tags>.anonymous</tags>
            <generator>Informatica Process Designer 11</generator>
            <input>
               <parameter description="" name="PROCESS_ID" required="true" type="string">
                  <options>
                     <option name="required">false</option>
                  </options>
               </parameter>
               <parameter description=""
                          name="PROCESS_NAME"
                          required="true"
                          type="string">
                  <options>
                     <option name="required">false</option>
                  </options>
               </parameter>
               <parameter description="" name="IDENTIFIER" required="true" type="string">
                  <options>
                     <option name="required">false</option>
                  </options>
               </parameter>
               <parameter description="" name="INPUT_PAYLOAD" type="string">
                  <options>
                     <option name="required">false</option>
                  </options>
               </parameter>
               <parameter description=""
                          name="RESPONSE_CODE"
                          required="true"
                          type="string">
                  <options>
                     <option name="required">false</option>
                  </options>
               </parameter>
               <parameter description="" name="ERROR_DETAIL" type="string">
                  <options>
                     <option name="required">false</option>
                  </options>
               </parameter>
               <parameter description="" name="ERROR_REASON" type="string">
                  <options>
                     <option name="required">false</option>
                  </options>
               </parameter>
               <parameter description="" name="PROCESS_KEY" required="true" type="string">
                  <options>
                     <option name="required">false</option>
                  </options>
               </parameter>
               <parameter description="" name="SEQUENCE_NO" required="true" type="int">
                  <options>
                     <option name="required">false</option>
                  </options>
               </parameter>
            </input>
            <notes/>
            <deployment suspendOnFault="false" tracingLevel="none">
               <rest>
                  <allowAnonymousAccess/>
               </rest>
            </deployment>
            <flow id="a">
               <start id="b">
                  <link id="km6hbiu3" targetId="km6igjkb"/>
               </start>
               <eventContainer id="km6igjkb">
                  <create id="km6hbiu2">
                     <title>IICS_PROCESS_STATS_BRSPD-Prod</title>
                     <entityName>AC-MySQL-LumenStagingDB-MainLeadLoad-BRSPD-Prod:IICS_PROCESS_STATS_BRSPD</entityName>
                     <createInput>
                        <parameter name="PROCESS_KEY" source="constant" updatable="true">{$input.PROCESS_KEY}</parameter>
                        <parameter name="SEQUENCE_NO" source="constant" updatable="true">{$input.SEQUENCE_NO} </parameter>
                        <parameter name="PROCESS_ID" source="constant" updatable="true">{$input.PROCESS_ID}</parameter>
                        <parameter name="PROCESS_NAME" source="constant" updatable="true">{$input.PROCESS_NAME}</parameter>
                        <parameter name="IDENTIFIER" source="constant" updatable="true">{$input.IDENTIFIER}</parameter>
                        <parameter name="INPUT_PAYLOAD" source="constant" updatable="true">{$input.INPUT_PAYLOAD}</parameter>
                        <parameter name="RESPONSE_CODE" source="constant" updatable="true">{$input.RESPONSE_CODE}</parameter>
                        <parameter name="LAST_UPDATE_DATE" source="formula" updatable="true">
                           <expression language="XQuery">fn:current-dateTime()</expression>
                        </parameter>
                        <parameter name="LAST_UPDATED_BY" source="constant" updatable="true">{$input.CurrentUser}</parameter>
                     </createInput>
                  </create>
                  <flow id="km6igjkd">
                     <link id="km6igjke" targetId="km6igjkb" type="containerLink"/>
                  </flow>
                  <flow id="km6igjkg">
                     <throw id="km6igjkm">
                        <title>ThrowError</title>
                        <throwInput>
                           <parameter name="code" source="constant" updatable="true">500</parameter>
                           <parameter name="detail" source="constant" updatable="true">{$output.faultInfo[1]/detail}</parameter>
                           <parameter name="reason" source="constant" updatable="true">{$output.faultInfo[1]/reason}</parameter>
                        </throwInput>
                     </throw>
                  </flow>
                  <link id="km6igjkc" targetId="km6igjkd" type="containerLink"/>
                  <link id="km6hbiu4" targetId="c"/>
                  <events>
                     <catch faultField="faultInfo" id="km6igjjx" interrupting="true">
                        <link id="km6igjkf" targetId="km6igjkg" type="containerLink"/>
                     </catch>
                  </events>
               </eventContainer>
               <end id="c"/>
            </flow>
         </process>
         <ns1:sample-data-sets xmlns:ns1="http://schemas.active-endpoints.com/appmodules/repository/2010/10/sampleData.xsd">
            <ns1:SampleData>
               <ns1:Id>ca7975e0-d1e3-4809-b1fe-2304cb93e6fd</ns1:Id>
               <ns1:Name>TEST</ns1:Name>
               <ns1:CreatedBy>AD15100_PRD</ns1:CreatedBy>
               <ns1:CreationDate>2022-08-03T22:49:42Z</ns1:CreationDate>
               <ns1:ModifiedBy>AD15100_PRD</ns1:ModifiedBy>
               <ns1:ModificationDate>2022-08-03T22:49:42Z</ns1:ModificationDate>
               <ns1:Data format="json">{
	 "PROCESS_ID": "1233e41234214",
	 "PROCESS_NAME": "Main Lead Process",
	 "IDENTIFIER": "12334444",
	 "INPUT_PAYLOAD": "{testing}",
	 "RESPONSE_CODE": "500",
	 "ERROR_REASON": "Error Code Text",
	 "ERROR_DETAIL": "Error Response Text"
}</ns1:Data>
            </ns1:SampleData>
         </ns1:sample-data-sets>
      </types1:Entry>
      <types1:GUID>6leo62aGUgRgfcYp9U9TgX</types1:GUID>
      <types1:DisplayName>P_Create_Process_Stats_BRSPD-Prod</types1:DisplayName>
   </types1:Item>
   <types1:CurrentServerDateTime>2022-10-21T03:10:18.184Z</types1:CurrentServerDateTime>
</aetgt:getResponse>
