<aetgt:getResponse xmlns:aetgt="http://schemas.active-endpoints.com/appmodules/repository/2010/10/avrepository.xsd"
                   xmlns:types1="http://schemas.active-endpoints.com/appmodules/repository/2010/10/avrepository.xsd">
   <types1:Item>
      <types1:EntryId>5qdsQR6kbeJHQjA-gt-91048-2022-08-01T02:54:34.912Z::pd.xml</types1:EntryId>
      <types1:Name>P_PPP_Oracle_Execute_SQL_BRSPD</types1:Name>
      <types1:MimeType>application/xml+process</types1:MimeType>
      <types1:Description>Execute SQL on PPP on-premise Database System</types1:Description>
      <types1:AppliesTo/>
      <types1:Tags>.agent:qfiicssaodc02-prod.corp.intranet,.anonymous</types1:Tags>
      <types1:VersionLabel>1.0</types1:VersionLabel>
      <types1:State>CURRENT</types1:State>
      <types1:ProcessGroup/>
      <types1:CreatedBy>AC83336_PRD</types1:CreatedBy>
      <types1:CreationDate>2022-08-01T02:54:35Z</types1:CreationDate>
      <types1:ModifiedBy>AD15100_PRD</types1:ModifiedBy>
      <types1:ModificationDate>2022-08-05T11:53:50Z</types1:ModificationDate>
      <types1:PublicationStatus>published</types1:PublicationStatus>
      <types1:PublishedBy>AD15100_PRD</types1:PublishedBy>
      <types1:PublicationDate>2022-08-05T11:53:59Z</types1:PublicationDate>
      <types1:PublishedContributionId>project:/spi.P_PPP_Oracle_Execute_SQL_BRSPD/P_PPP_Oracle_Execute_SQL_BRSPD.pd.xml</types1:PublishedContributionId>
      <types1:AutosaveExists>false</types1:AutosaveExists>
      <types1:Entry>
         <process xmlns="http://schemas.active-endpoints.com/appmodules/screenflow/2010/10/avosScreenflow.xsd"
                  xmlns:tfm="http://schemas.active-endpoints.com/appmodules/screenflow/2021/04/taskflowModel.xsd"
                  xmlns:list="urn:activevos:spi:list:functions"
                  displayName="P_PPP_Oracle_Execute_SQL_BRSPD"
                  name="P_PPP_Oracle_Execute_SQL_BRSPD"
                  overrideAPIName="true">
            <parameterSet xmlns="http://schemas.active-endpoints.com/appmodules/screenflow/2021/04/taskflowModel.xsd"/>
            <appliesTo/>
            <description>Execute SQL on PPP on-premise Database System</description>
            <tags>.agent:qfiicssaodc02-prod.corp.intranet,.anonymous</tags>
            <generator>Informatica Process Designer 11</generator>
            <input>
               <parameter description="SQL to Execute"
                          name="SQL"
                          required="true"
                          type="string">
                  <options>
                     <option name="required">false</option>
                  </options>
               </parameter>
            </input>
            <output>
               <field description="" name="resultset" type="objectlist">
                  <options>
                     <option name="referenceTo">$po:$any</option>
                     <option hide="true" name="multiSelect">true</option>
                     <option name="required">false</option>
                     <option name="isCopy">true</option>
                  </options>
               </field>
            </output>
            <notes/>
            <deployment suspendOnFault="false" tracingLevel="none">
               <targetLocation>qfiicssaodc02-prod.corp.intranet</targetLocation>
               <rest>
                  <allowAnonymousAccess/>
               </rest>
            </deployment>
            <flow id="a">
               <start id="b">
                  <link id="joh3hrfd" targetId="joh3hrfc"/>
               </start>
               <service id="joh3hrfc">
                  <title>ExecuteSQLStatement</title>
                  <serviceName>P_PPP_Oracle_DAS_Prod_Service_BRSPD_TEST</serviceName>
                  <serviceGUID/>
                  <serviceInput>
                     <parameter name="SQLStatement" source="formula">
                        <expression language="XQuery">$input.SQL </expression>
                     </parameter>
                  </serviceInput>
                  <link id="joh3hrfm" targetId="joh3hrfl"/>
               </service>
               <assignment id="joh3hrfl">
                  <title>SetResponse</title>
                  <operation source="formula" to="output.resultset">
                     <expression language="XQuery">$output.Response//*:row</expression>
                  </operation>
                  <link id="joh3hrfn" targetId="c"/>
               </assignment>
               <end id="c"/>
            </flow>
         </process>
         <ns1:sample-data-sets xmlns:ns1="http://schemas.active-endpoints.com/appmodules/repository/2010/10/sampleData.xsd">
            <ns1:SampleData>
               <ns1:Id>b1b62d30-b713-42bb-bae9-12a726a1492e</ns1:Id>
               <ns1:Name>ppp_test</ns1:Name>
               <ns1:CreatedBy>AC81234_PRD</ns1:CreatedBy>
               <ns1:CreationDate>2022-08-08T03:28:30Z</ns1:CreationDate>
               <ns1:ModifiedBy>AC81234_PRD</ns1:ModifiedBy>
               <ns1:ModificationDate>2022-08-08T03:28:30Z</ns1:ModificationDate>
               <ns1:Data format="json">{
	 "SQL": "WITH ppp_extract AS ( SELECT DISTINCT ad.account_id, ad.account_system, ad.account_start_date, ao.offer_id, ao.subscription_id, aao.sub_offer_id, ao.create_date AS offer_start_date, ao.offer_price_id, aao.offer_price, upper(aao.sub_offer_name) AS sub_offer_name, pod.display_name, aoa2.attr_value AS speed_down, aoa3.attr_value AS speed_up, aoa4.attr_value AS dhp_tn, ads.postal_code, CASE WHEN upper(aao.sub_offer_name) LIKE '%INTERNET UP TO%' THEN 'HSI' WHEN upper(aao.sub_offer_name) LIKE '%DIGITAL HOME PHONE%' THEN 'VOIP' ELSE 'MODEM' END AS prod_type FROM account_detail ad, account_offer ao, address ads, account_assoc_offers aao LEFT JOIN account_offer_attributes aoa2 ON aao.acct_assoc_offer_id = aoa2.acct_assoc_offer_id AND upper(aoa2.attr_descr) = 'DOWN SPEED' LEFT JOIN account_offer_attributes aoa3 ON aao.acct_assoc_offer_id = aoa3.acct_assoc_offer_id AND upper(aoa3.attr_descr) = 'UP SPEED' LEFT JOIN account_offer_attributes aoa4 ON aao.acct_assoc_offer_id = aoa4.acct_assoc_offer_id AND aoa4.attr_descr IN ( 'CVOIPTN', 'VOIPTN' ), account_subscription su, product_offer_display pod WHERE ad.account_status = 'ACTIVE' AND ad.account_type = 'CX' AND ad.account_id = ao.account_id AND ao.subscription_id = su.subscription_id AND ao.account_offer_id = aao.account_offer_id AND ao.offer_status = 'ACTIVE' AND pod.offer_id = aao.sub_offer_id AND ao.svc_addr_id = ads.addr_id AND ao.offer_status = 'ACTIVE' AND ( upper(sub_offer_name) LIKE '%INTERNET UP TO%' OR upper(sub_offer_name) LIKE '%MODEM%' OR upper(sub_offer_name) LIKE '%DIGITAL HOME PHONE%' ) AND ad.account_id = 'PPB02431268'), ppp_offer_start_date AS ( SELECT MAX(a.account_id) AS account_id, MIN(coalesce(f.offer_start_date, b.offer_start_date)) AS offer_start_date FROM ppp_extract a JOIN ppp_extract b ON b.account_id = a.account_id AND b.prod_type = 'HSI' AND b.subscription_id = ( SELECT MAX(c.subscription_id) FROM ppp_extract c WHERE c.account_id = b.account_id AND c.prod_type = 'HSI' ) LEFT OUTER JOIN ppp_extract d ON d.account_id = a.account_id AND d.prod_type = 'HSI' AND d.subscription_id = ( SELECT MAX(e.subscription_id) FROM ppp_extract e WHERE e.account_id = d.account_id AND e.prod_type = 'HSI' AND ( e.speed_down != b.speed_down OR e.speed_up != b.speed_up ) ) LEFT OUTER JOIN ppp_extract f ON f.account_id = a.account_id AND f.speed_up = b.speed_up AND f.speed_down = b.speed_down AND f.subscription_id &gt;= d.subscription_id WHERE a.prod_type = 'HSI'), ppp_extract_staging AS ( SELECT x.account_id, CASE WHEN x.prod_type = 'HSI' THEN CASE WHEN ad.discount_amt IS NULL AND x.offer_price &gt;= 65 AND to_char(f.offer_start_date, 'YYYYMMDD') &lt; '20191012' THEN 'Y' WHEN ad.discount_amt IS NOT NULL AND ( x.offer_price - ad.discount_amt ) &gt;= 65 AND to_char(f.offer_start_date, 'YYYYMMDD') &lt; '20191012' THEN 'Y' ELSE 'N' END ELSE NULL END AS pfl_ind, x.account_system, x.account_start_date, x.subscription_id, x.offer_id, x.sub_offer_id, f.offer_start_date, x.offer_price_id, x.offer_price, x.sub_offer_name, x.display_name, x.speed_down, x.speed_up, x.dhp_tn, ad.discount_code, ad.reason_code, ad.discount_description, to_char(ad.acct_dscnt_exp_date, 'YYYYMMDD') AS acct_dscnt_exp_date, ad.discount_amt, ad.acct_dscnt_start_date AS acct_dscnt_start_date, CASE WHEN ad.discount_amt IS NULL THEN x.offer_price ELSE x.offer_price - ad.discount_amt END AS net_offer_price, x.postal_code, x.prod_type FROM ppp_extract x JOIN ppp_offer_start_date f ON f.account_id = x.account_id LEFT JOIN account_discount ad ON ad.dscnt_appld_subs_id = x.subscription_id AND ad.dscnt_appld_offer_id = x.sub_offer_id ORDER BY x.account_id, to_number(x.subscription_id), x.sub_offer_id )SELECT DISTINCT pe.account_id, b.SUB_OFFER_ID || '|' || b.product_id as legacy_hsi_product_number, to_char(pe.offer_start_date, 'MM-DD-YYYY') AS offer_start_date, CASE WHEN b.pfl_ind IS NOT NULL AND b.pfl_ind = 'Y' THEN 'PFL' ELSE 'Non PFL' END AS pfl_checkbox, legacy_hsi_service_plan_c, legacy_hsi_price_c, legacy_hsi_product_code_c, qf_hsi_service_plan_c, qf_hsi_price_c, qf_hsi_product_code_c, legacy_modem_price_c, legacy_modem_purchase_type_c, legacy_modem_product_code_c, qf_modem_purchase_type_c, qf_modem_price_c, qf_modem_product_code_c, legacy_voice_price_c, legacy_voice_product_code_c, qf_voice_product_code, qf_voice_price_c, macv.first_name, macv.last_name FROM ppp_extract_staging pe LEFT JOIN ( SELECT pe2.account_id AS acc, pe2.SUB_OFFER_ID as SUB_OFFER_ID, pe2.speed_down || '/' || pe2.speed_up AS legacy_hsi_service_plan_c, CASE WHEN pe2.pfl_ind = 'Y' THEN pe2.offer_price WHEN pe2.pfl_ind = 'N' AND pe2.acct_dscnt_exp_date &gt;= '21000101' THEN pe2.net_offer_price ELSE pe2.offer_price END AS legacy_hsi_price_c, pe2.display_name AS legacy_hsi_product_code_c, CASE WHEN pe2.pfl_ind = 'Y' THEN CASE WHEN pe2.offer_price &lt; 49 THEN '100M/100M' WHEN pe2.offer_price BETWEEN 49 AND 64.99 THEN '200M/200M' WHEN pe2.offer_price &gt;= 65 THEN '940M/940M' END ELSE CASE WHEN pe2.net_offer_price &lt; 49 AND pe2.acct_dscnt_exp_date &gt;= '21000101' THEN '100M/100M' WHEN pe2.net_offer_price BETWEEN 49 AND 64.99 AND pe2.acct_dscnt_exp_date &gt;= '21000101' THEN '200M/200M' WHEN pe2.net_offer_price &gt;= 65 AND pe2.acct_dscnt_exp_date &gt;= '21000101' THEN '940M/940M' WHEN pe2.offer_price &lt; 49 THEN '100M/100M' WHEN pe2.offer_price BETWEEN 49 AND 64.99 THEN '200M/200M' WHEN pe2.offer_price &gt;= 65 THEN '940M/940M' END END AS qf_hsi_service_plan_c, CASE WHEN pe2.pfl_ind = 'Y' THEN pe2.offer_price WHEN pe2.pfl_ind = 'N' AND pe2.acct_dscnt_exp_date &gt;= '21000101' THEN pe2.net_offer_price ELSE pe2.offer_price END AS qf_hsi_price_c, 'C-HSI-FBR-001' AS qf_hsi_product_code_c, pe2.pfl_ind, mopa.product_id FROM ppp_extract_staging pe2 LEFT JOIN mv_offer_product_assoc_vw mopa on mopa.offer_id = pe2.offer_id WHERE pe2.prod_type = 'HSI' ) b ON pe.account_id = b.acc AND b.legacy_hsi_service_plan_c IS NOT NULL LEFT JOIN ( SELECT pe3.account_id AS acc3, CASE WHEN pe3.sub_offer_name LIKE '%LEASE%' AND pe3.acct_dscnt_exp_date &gt;= '21000101' THEN CASE WHEN pe3.net_offer_price &lt;= 9.99 THEN 9.99 WHEN pe3.net_offer_price &gt;= 10 AND pe3.net_offer_price &lt; 12.5 THEN 10 WHEN pe3.net_offer_price &gt;= 12.5 THEN 15 END WHEN pe3.sub_offer_name LIKE '%LEASE%' THEN CASE WHEN pe3.offer_price &lt;= 9.99 THEN 9.99 WHEN pe3.offer_price &gt;= 10 AND pe3.offer_price &lt; 12.5 THEN 10 WHEN pe3.offer_price &gt;= 12.5 THEN 15 END WHEN pe3.sub_offer_name LIKE '%PURCHASE%' THEN 0.00 ELSE pe3.offer_price END AS legacy_modem_price_c, CASE WHEN pe3.sub_offer_name LIKE '%LEASE%' THEN 'Lease' WHEN pe3.sub_offer_name LIKE '%PURCHASE%' THEN 'Purchase' END AS legacy_modem_purchase_type_c, pe3.display_name AS legacy_modem_product_code_c, CASE WHEN pe3.sub_offer_name LIKE '%LEASE%' THEN 'Lease' WHEN pe3.sub_offer_name LIKE '%PURCHASE%' THEN 'Purchase' END AS qf_modem_purchase_type_c, CASE WHEN pe3.sub_offer_name LIKE '%LEASE%' AND pe3.acct_dscnt_exp_date &gt;= '21000101' THEN CASE WHEN pe3.net_offer_price &lt;= 9.99 THEN 9.99 WHEN pe3.net_offer_price &gt;= 10 AND pe3.net_offer_price &lt; 12.5 THEN 10 WHEN pe3.net_offer_price &gt;= 12.5 THEN 15 END WHEN pe3.sub_offer_name LIKE '%LEASE%' THEN CASE WHEN pe3.offer_price &lt;= 9.99 THEN 9.99 WHEN pe3.offer_price &gt;= 10 AND pe3.offer_price &lt; 12.5 THEN 10 WHEN pe3.offer_price &gt;= 12.5 THEN 15 END WHEN pe3.sub_offer_name LIKE '%PURCHASE%' THEN 0.00 ELSE pe3.offer_price END AS qf_modem_price_c, 'C-Gateway-001' AS qf_modem_product_code_c FROM ppp_extract_staging pe3 WHERE pe3.prod_type = 'MODEM' ORDER BY legacy_modem_purchase_type_c FETCH FIRST ROW ONLY ) c ON pe.account_id = c.acc3 AND c.legacy_modem_purchase_type_c IS NOT NULL LEFT JOIN ( SELECT DISTINCT pe4.account_id AS acc4, CASE WHEN pe4.acct_dscnt_exp_date &gt;= '21000101' THEN pe4.net_offer_price ELSE pe4.offer_price END AS legacy_voice_price_c, pe4.display_name AS legacy_voice_product_code_c, 'C-HOME-PHONE' AS qf_voice_product_code, CASE WHEN pe4.acct_dscnt_exp_date &gt;= '21000101' THEN pe4.net_offer_price ELSE pe4.offer_price END AS qf_voice_price_c FROM ppp_extract_staging pe4 WHERE pe4.prod_type = 'VOIP' ) d ON pe.account_id = d.acc4 AND d.legacy_voice_product_code_c IS NOT NULL left JOIN mv_account_customer_vw2 macv ON macv.account_id = pe.account_id FETCH FIRST ROW ONLY"
}</ns1:Data>
            </ns1:SampleData>
            <ns1:SampleData>
               <ns1:Id>e215bbb4-29af-46d1-ba79-70c3da6b4ef6</ns1:Id>
               <ns1:Name>test</ns1:Name>
               <ns1:CreatedBy>AC83336_PRD</ns1:CreatedBy>
               <ns1:CreationDate>2022-08-01T02:54:35Z</ns1:CreationDate>
               <ns1:ModifiedBy>AC83336_PRD</ns1:ModifiedBy>
               <ns1:ModificationDate>2022-08-01T02:54:35Z</ns1:ModificationDate>
               <ns1:Data format="json">{
	 "SQL": "select * from account where account_id ='34534534' "
}</ns1:Data>
            </ns1:SampleData>
            <ns1:SampleData>
               <ns1:Id>b1a83e48-e8e2-4581-bf39-4ecda787f214</ns1:Id>
               <ns1:Name>test-main-lead</ns1:Name>
               <ns1:CreatedBy>AC83336_PRD</ns1:CreatedBy>
               <ns1:CreationDate>2022-08-01T02:54:35Z</ns1:CreationDate>
               <ns1:ModifiedBy>AC83334_PRD</ns1:ModifiedBy>
               <ns1:ModificationDate>2022-08-05T11:40:20Z</ns1:ModificationDate>
               <ns1:Data format="json">{
	 "SQL": "WITH ppp_extract AS (SELECT DISTINCT ad.account_id, ad.account_system, ad.account_start_date, ao.offer_id, ao.subscription_id, aao.sub_offer_id, ao.create_date AS offer_start_date, ao.offer_price_id, aao.offer_price, upper(aao.sub_offer_name) AS sub_offer_name, pod.display_name, aoa2.attr_value AS speed_down, aoa3.attr_value AS speed_up, aoa4.attr_value AS dhp_tn, ads.postal_code, CASE WHEN upper(aao.sub_offer_name) LIKE '%INTERNET UP TO%' THEN 'HSI' WHEN upper(aao.sub_offer_name) LIKE '%DIGITAL HOME PHONE%' THEN 'VOIP' ELSE 'MODEM' END AS prod_type FROM account_detail ad, account_offer ao, address ads, account_assoc_offers aao LEFT JOIN account_offer_attributes aoa2 ON aao.acct_assoc_offer_id = aoa2.acct_assoc_offer_id AND upper(aoa2.attr_descr) = 'DOWN SPEED' LEFT JOIN account_offer_attributes aoa3 ON aao.acct_assoc_offer_id = aoa3.acct_assoc_offer_id AND upper(aoa3.attr_descr) = 'UP SPEED' LEFT JOIN account_offer_attributes aoa4 ON aao.acct_assoc_offer_id = aoa4.acct_assoc_offer_id AND aoa4.attr_descr IN ( 'CVOIPTN', 'VOIPTN' ), account_subscription su, product_offer_display pod WHERE ad.account_status = 'ACTIVE' AND ad.account_type = 'CX' AND ad.account_id = ao.account_id AND ao.subscription_id = su.subscription_id AND ao.account_offer_id = aao.account_offer_id AND ao.offer_status = 'ACTIVE' AND pod.offer_id = aao.sub_offer_id AND ao.svc_addr_id = ads.addr_id AND ao.offer_status = 'ACTIVE' AND ( upper(sub_offer_name) LIKE '%INTERNET UP TO%' OR upper(sub_offer_name) LIKE '%MODEM%' OR upper(sub_offer_name) LIKE '%DIGITAL HOME PHONE%' ) AND ad.account_id = 'PPB01923680'), ppp_offer_start_date AS ( SELECT MAX(a.account_id) AS account_id, MIN(coalesce(f.offer_start_date, b.offer_start_date)) AS offer_start_date FROM ppp_extract a JOIN ppp_extract b ON b.account_id = a.account_id AND b.prod_type = 'HSI' AND b.subscription_id = ( SELECT MAX(c.subscription_id) FROM ppp_extract c WHERE c.account_id = b.account_id AND c.prod_type = 'HSI' ) LEFT OUTER JOIN ppp_extract d ON d.account_id = a.account_id AND d.prod_type = 'HSI' AND d.subscription_id = ( SELECT MAX(e.subscription_id) FROM ppp_extract e WHERE e.account_id = d.account_id AND e.prod_type = 'HSI' AND ( e.speed_down != b.speed_down OR e.speed_up != b.speed_up ) ) LEFT OUTER JOIN ppp_extract f ON f.account_id = a.account_id AND f.speed_up = b.speed_up AND f.speed_down = b.speed_down AND f.subscription_id &gt;= d.subscription_id WHERE a.prod_type = 'HSI'), ppp_extract_staging AS ( SELECT x.account_id, CASE WHEN x.prod_type = 'HSI' THEN CASE WHEN ad.discount_amt IS NULL AND x.offer_price &gt;= 65 AND to_char(f.offer_start_date, 'YYYYMMDD') &lt; '20191012' THEN 'Y' WHEN ad.discount_amt IS NOT NULL AND ( x.offer_price - ad.discount_amt ) &gt;= 65 AND to_char(f.offer_start_date, 'YYYYMMDD') &lt; '20191012' THEN 'Y' ELSE 'N' END ELSE NULL END AS pfl_ind, x.account_system, x.account_start_date, x.subscription_id, x.offer_id, x.sub_offer_id, f.offer_start_date, x.offer_price_id, x.offer_price, x.sub_offer_name, x.display_name, x.speed_down, x.speed_up, x.dhp_tn, ad.discount_code, ad.reason_code, ad.discount_description, to_char(ad.acct_dscnt_exp_date, 'YYYYMMDD') AS acct_dscnt_exp_date, ad.discount_amt, ad.acct_dscnt_start_date AS acct_dscnt_start_date, CASE WHEN ad.discount_amt IS NULL THEN x.offer_price ELSE x.offer_price - ad.discount_amt END AS net_offer_price, x.postal_code, x.prod_type FROM ppp_extract x JOIN ppp_offer_start_date f ON f.account_id = x.account_id LEFT JOIN account_discount ad ON ad.dscnt_appld_subs_id = x.subscription_id AND ad.dscnt_appld_offer_id = x.sub_offer_id ORDER BY x.account_id, to_number(x.subscription_id), x.sub_offer_id )SELECT DISTINCT pe.account_id, b.SUB_OFFER_ID || '|' || b.product_id as legacy_hsi_product_number, to_char(pe.offer_start_date, 'MM-DD-YYYY') AS offer_start_date, CASE WHEN b.pfl_ind IS NOT NULL AND b.pfl_ind = 'Y' THEN 'PFL' ELSE 'Non PFL' END AS pfl_checkbox, legacy_hsi_service_plan_c, legacy_hsi_price_c, legacy_hsi_product_code_c, qf_hsi_service_plan_c, qf_hsi_price_c, qf_hsi_product_code_c, legacy_modem_price_c, legacy_modem_purchase_type_c, legacy_modem_product_code_c, qf_modem_purchase_type_c, qf_modem_price_c, qf_modem_product_code_c, legacy_voice_price_c, legacy_voice_product_code_c, qf_voice_product_code, qf_voice_price_c, macv.first_name, macv.last_name FROM ppp_extract_staging pe LEFT JOIN ( SELECT pe2.account_id AS acc, pe2.SUB_OFFER_ID as SUB_OFFER_ID, pe2.speed_down || '/' || pe2.speed_up AS legacy_hsi_service_plan_c, CASE WHEN pe2.pfl_ind = 'Y' THEN pe2.offer_price WHEN pe2.pfl_ind = 'N' AND pe2.acct_dscnt_exp_date &gt;= '21000101' THEN pe2.net_offer_price ELSE pe2.offer_price END AS legacy_hsi_price_c, pe2.display_name AS legacy_hsi_product_code_c, CASE WHEN pe2.pfl_ind = 'Y' THEN CASE WHEN pe2.offer_price &lt; 49 THEN '100M/100M' WHEN pe2.offer_price BETWEEN 49 AND 64.99 THEN '200M/200M' WHEN pe2.offer_price &gt;= 65 THEN '940M/940M' END ELSE CASE WHEN pe2.net_offer_price &lt; 49 AND pe2.acct_dscnt_exp_date &gt;= '21000101' THEN '100M/100M' WHEN pe2.net_offer_price BETWEEN 49 AND 64.99 AND pe2.acct_dscnt_exp_date &gt;= '21000101' THEN '200M/200M' WHEN pe2.net_offer_price &gt;= 65 AND pe2.acct_dscnt_exp_date &gt;= '21000101' THEN '940M/940M' WHEN pe2.offer_price &lt; 49 THEN '100M/100M' WHEN pe2.offer_price BETWEEN 49 AND 64.99 THEN '200M/200M' WHEN pe2.offer_price &gt;= 65 THEN '940M/940M' END END AS qf_hsi_service_plan_c, CASE WHEN pe2.pfl_ind = 'Y' THEN pe2.offer_price WHEN pe2.pfl_ind = 'N' AND pe2.acct_dscnt_exp_date &gt;= '21000101' THEN pe2.net_offer_price ELSE pe2.offer_price END AS qf_hsi_price_c, 'C-HSI-FBR-001' AS qf_hsi_product_code_c, pe2.pfl_ind, mopa.product_id FROM ppp_extract_staging pe2 LEFT JOIN mv_offer_product_assoc_vw mopa on mopa.offer_id = pe2.offer_id WHERE pe2.prod_type = 'HSI' ) b ON pe.account_id = b.acc AND b.legacy_hsi_service_plan_c IS NOT NULL LEFT JOIN ( SELECT pe3.account_id AS acc3, CASE WHEN pe3.sub_offer_name LIKE '%LEASE%' AND pe3.acct_dscnt_exp_date &gt;= '21000101' THEN CASE WHEN pe3.net_offer_price &lt;= 9.99 THEN 9.99 WHEN pe3.net_offer_price &gt;= 10 AND pe3.net_offer_price &lt; 12.5 THEN 10 WHEN pe3.net_offer_price &gt;= 12.5 THEN 15 END WHEN pe3.sub_offer_name LIKE '%LEASE%' THEN CASE WHEN pe3.offer_price &lt;= 9.99 THEN 9.99 WHEN pe3.offer_price &gt;= 10 AND pe3.offer_price &lt; 12.5 THEN 10 WHEN pe3.offer_price &gt;= 12.5 THEN 15 END WHEN pe3.sub_offer_name LIKE '%PURCHASE%' THEN 0.00 ELSE pe3.offer_price END AS legacy_modem_price_c, CASE WHEN pe3.sub_offer_name LIKE '%LEASE%' THEN 'Lease' WHEN pe3.sub_offer_name LIKE '%PURCHASE%' THEN 'Purchase' END AS legacy_modem_purchase_type_c, pe3.display_name AS legacy_modem_product_code_c, CASE WHEN pe3.sub_offer_name LIKE '%LEASE%' THEN 'Lease' WHEN pe3.sub_offer_name LIKE '%PURCHASE%' THEN 'Purchase' END AS qf_modem_purchase_type_c, CASE WHEN pe3.sub_offer_name LIKE '%LEASE%' AND pe3.acct_dscnt_exp_date &gt;= '21000101' THEN CASE WHEN pe3.net_offer_price &lt;= 9.99 THEN 9.99 WHEN pe3.net_offer_price &gt;= 10 AND pe3.net_offer_price &lt; 12.5 THEN 10 WHEN pe3.net_offer_price &gt;= 12.5 THEN 15 END WHEN pe3.sub_offer_name LIKE '%LEASE%' THEN CASE WHEN pe3.offer_price &lt;= 9.99 THEN 9.99 WHEN pe3.offer_price &gt;= 10 AND pe3.offer_price &lt; 12.5 THEN 10 WHEN pe3.offer_price &gt;= 12.5 THEN 15 END WHEN pe3.sub_offer_name LIKE '%PURCHASE%' THEN 0.00 ELSE pe3.offer_price END AS qf_modem_price_c, 'C-Gateway-001' AS qf_modem_product_code_c FROM ppp_extract_staging pe3 WHERE pe3.prod_type = 'MODEM' ORDER BY legacy_modem_purchase_type_c FETCH FIRST ROW ONLY ) c ON pe.account_id = c.acc3 AND c.legacy_modem_purchase_type_c IS NOT NULL LEFT JOIN ( SELECT DISTINCT pe4.account_id AS acc4, CASE WHEN pe4.acct_dscnt_exp_date &gt;= '21000101' THEN pe4.net_offer_price ELSE pe4.offer_price END AS legacy_voice_price_c, pe4.display_name AS legacy_voice_product_code_c, 'C-HOME-PHONE' AS qf_voice_product_code, CASE WHEN pe4.acct_dscnt_exp_date &gt;= '21000101' THEN pe4.net_offer_price ELSE pe4.offer_price END AS qf_voice_price_c FROM ppp_extract_staging pe4 WHERE pe4.prod_type = 'VOIP' ) d ON pe.account_id = d.acc4 AND d.legacy_voice_product_code_c IS NOT NULL left JOIN mv_account_customer_vw2 macv ON macv.account_id = pe.account_id FETCH FIRST ROW ONLY "
}</ns1:Data>
            </ns1:SampleData>
            <ns1:SampleData>
               <ns1:Id>e89be0ee-1e05-4b32-b7b2-0f62bdaf585a</ns1:Id>
               <ns1:Name>testing</ns1:Name>
               <ns1:CreatedBy>AC83336_PRD</ns1:CreatedBy>
               <ns1:CreationDate>2022-08-01T02:54:35Z</ns1:CreationDate>
               <ns1:ModifiedBy>AC83336_PRD</ns1:ModifiedBy>
               <ns1:ModificationDate>2022-08-01T02:54:35Z</ns1:ModificationDate>
               <ns1:Data format="json">{"SQL":"WITH ppp_extract AS (SELECT DISTINCT ad.account_id, ad.account_system, ad.account_start_date, ao.offer_id, ao.subscription_id, aao.sub_offer_id, ao.create_date AS offer_start_date, ao.offer_price_id, aao.offer_price, upper(aao.sub_offer_name) AS sub_offer_name, pod.display_name, aoa2.attr_value AS speed_down, aoa3.attr_value AS speed_up, aoa4.attr_value AS dhp_tn, ads.postal_code, CASE WHEN upper(aao.sub_offer_name) LIKE '%INTERNET UP TO%' THEN 'HSI' WHEN upper(aao.sub_offer_name) LIKE '%DIGITAL HOME PHONE%' THEN 'VOIP' ELSE 'MODEM' END AS prod_type FROM account_detail ad, account_offer ao, address ads, account_assoc_offers aao LEFT JOIN account_offer_attributes aoa2 ON aao.acct_assoc_offer_id = aoa2.acct_assoc_offer_id AND upper(aoa2.attr_descr) = 'DOWN SPEED' LEFT JOIN account_offer_attributes aoa3 ON aao.acct_assoc_offer_id = aoa3.acct_assoc_offer_id AND upper(aoa3.attr_descr) = 'UP SPEED' LEFT JOIN account_offer_attributes aoa4 ON aao.acct_assoc_offer_id = aoa4.acct_assoc_offer_id AND aoa4.attr_descr IN ( 'CVOIPTN', 'VOIPTN' ), account_subscription su, product_offer_display pod WHERE ad.account_status = 'ACTIVE' AND ad.account_type = 'CX' AND ad.account_id = ao.account_id AND ao.subscription_id = su.subscription_id AND ao.account_offer_id = aao.account_offer_id AND ao.offer_status = 'ACTIVE' AND pod.offer_id = aao.sub_offer_id AND ao.svc_addr_id = ads.addr_id AND ao.offer_status = 'ACTIVE' AND ( upper(sub_offer_name) LIKE '%INTERNET UP TO%' OR upper(sub_offer_name) LIKE '%MODEM%' OR upper(sub_offer_name) LIKE '%DIGITAL HOME PHONE%' ) AND ad.account_id = 'PPB02511737'), ppp_offer_start_date AS ( SELECT MAX(a.account_id) AS account_id, MIN(coalesce(f.offer_start_date, b.offer_start_date)) AS offer_start_date FROM ppp_extract a JOIN ppp_extract b ON b.account_id = a.account_id AND b.prod_type = 'HSI' AND b.subscription_id = ( SELECT MAX(c.subscription_id) FROM ppp_extract c WHERE c.account_id = b.account_id AND c.prod_type = 'HSI' ) LEFT OUTER JOIN ppp_extract d ON d.account_id = a.account_id AND d.prod_type = 'HSI' AND d.subscription_id = ( SELECT MAX(e.subscription_id) FROM ppp_extract e WHERE e.account_id = d.account_id AND e.prod_type = 'HSI' AND ( e.speed_down != b.speed_down OR e.speed_up != b.speed_up ) ) LEFT OUTER JOIN ppp_extract f ON f.account_id = a.account_id AND f.speed_up = b.speed_up AND f.speed_down = b.speed_down AND f.subscription_id &gt;= d.subscription_id WHERE a.prod_type = 'HSI'), ppp_extract_staging AS ( SELECT x.account_id, CASE WHEN x.prod_type = 'HSI' THEN CASE WHEN ad.discount_amt IS NULL AND x.offer_price &gt;= 65 AND to_char(f.offer_start_date, 'YYYYMMDD') &lt; '20191012' THEN 'Y' WHEN ad.discount_amt IS NOT NULL AND ( x.offer_price - ad.discount_amt ) &gt;= 65 AND to_char(f.offer_start_date, 'YYYYMMDD') &lt; '20191012' THEN 'Y' ELSE 'N' END ELSE NULL END AS pfl_ind, x.account_system, x.account_start_date, x.subscription_id, x.offer_id, x.sub_offer_id, f.offer_start_date, x.offer_price_id, x.offer_price, x.sub_offer_name, x.display_name, x.speed_down, x.speed_up, x.dhp_tn, ad.discount_code, ad.reason_code, ad.discount_description, to_char(ad.acct_dscnt_exp_date, 'YYYYMMDD') AS acct_dscnt_exp_date, ad.discount_amt, ad.acct_dscnt_start_date AS acct_dscnt_start_date, CASE WHEN ad.discount_amt IS NULL THEN x.offer_price ELSE x.offer_price - ad.discount_amt END AS net_offer_price, x.postal_code, x.prod_type FROM ppp_extract x JOIN ppp_offer_start_date f ON f.account_id = x.account_id LEFT JOIN account_discount ad ON ad.dscnt_appld_subs_id = x.subscription_id AND ad.dscnt_appld_offer_id = x.sub_offer_id ORDER BY x.account_id, to_number(x.subscription_id), x.sub_offer_id )SELECT DISTINCT pe.account_id, b.SUB_OFFER_ID || '|' || b.product_id as legacy_hsi_product_number, to_char(pe.offer_start_date, 'MM-DD-YYYY') AS offer_start_date, CASE WHEN b.pfl_ind IS NOT NULL AND b.pfl_ind = 'Y' THEN 'PFL' ELSE 'Non PFL' END AS pfl_checkbox, legacy_hsi_service_plan_c, legacy_hsi_price_c, legacy_hsi_product_code_c, qf_hsi_service_plan_c, qf_hsi_price_c, qf_hsi_product_code_c, legacy_modem_price_c, legacy_modem_purchase_type_c, legacy_modem_product_code_c, qf_modem_purchase_type_c, qf_modem_price_c, qf_modem_product_code_c, legacy_voice_price_c, legacy_voice_product_code_c, qf_voice_product_code, qf_voice_price_c, macv.first_name, macv.last_name FROM ppp_extract_staging pe LEFT JOIN ( SELECT pe2.account_id AS acc, pe2.SUB_OFFER_ID as SUB_OFFER_ID, pe2.speed_down || '/' || pe2.speed_up AS legacy_hsi_service_plan_c, CASE WHEN pe2.pfl_ind = 'Y' THEN pe2.offer_price WHEN pe2.pfl_ind = 'N' AND pe2.acct_dscnt_exp_date &gt;= '21000101' THEN pe2.net_offer_price ELSE pe2.offer_price END AS legacy_hsi_price_c, pe2.display_name AS legacy_hsi_product_code_c, CASE WHEN pe2.pfl_ind = 'Y' THEN CASE WHEN pe2.offer_price &lt; 49 THEN '100M/100M' WHEN pe2.offer_price BETWEEN 49 AND 64.99 THEN '200M/200M' WHEN pe2.offer_price &gt;= 65 THEN '940M/940M' END ELSE CASE WHEN pe2.net_offer_price &lt; 49 AND pe2.acct_dscnt_exp_date &gt;= '21000101' THEN '100M/100M' WHEN pe2.net_offer_price BETWEEN 49 AND 64.99 AND pe2.acct_dscnt_exp_date &gt;= '21000101' THEN '200M/200M' WHEN pe2.net_offer_price &gt;= 65 AND pe2.acct_dscnt_exp_date &gt;= '21000101' THEN '940M/940M' WHEN pe2.offer_price &lt; 49 THEN '100M/100M' WHEN pe2.offer_price BETWEEN 49 AND 64.99 THEN '200M/200M' WHEN pe2.offer_price &gt;= 65 THEN '940M/940M' END END AS qf_hsi_service_plan_c, CASE WHEN pe2.pfl_ind = 'Y' THEN pe2.offer_price WHEN pe2.pfl_ind = 'N' AND pe2.acct_dscnt_exp_date &gt;= '21000101' THEN pe2.net_offer_price ELSE pe2.offer_price END AS qf_hsi_price_c, 'C-HSI-FBR-001' AS qf_hsi_product_code_c, pe2.pfl_ind, mopa.product_id FROM ppp_extract_staging pe2 LEFT JOIN mv_offer_product_assoc_vw mopa on mopa.offer_id = pe2.offer_id WHERE pe2.prod_type = 'HSI' ) b ON pe.account_id = b.acc AND b.legacy_hsi_service_plan_c IS NOT NULL LEFT JOIN ( SELECT pe3.account_id AS acc3, CASE WHEN pe3.sub_offer_name LIKE '%LEASE%' AND pe3.acct_dscnt_exp_date &gt;= '21000101' THEN CASE WHEN pe3.net_offer_price &lt;= 9.99 THEN 9.99 WHEN pe3.net_offer_price &gt;= 10 AND pe3.net_offer_price &lt; 12.5 THEN 10 WHEN pe3.net_offer_price &gt;= 12.5 THEN 15 END WHEN pe3.sub_offer_name LIKE '%LEASE%' THEN CASE WHEN pe3.offer_price &lt;= 9.99 THEN 9.99 WHEN pe3.offer_price &gt;= 10 AND pe3.offer_price &lt; 12.5 THEN 10 WHEN pe3.offer_price &gt;= 12.5 THEN 15 END WHEN pe3.sub_offer_name LIKE '%PURCHASE%' THEN 0.00 ELSE pe3.offer_price END AS legacy_modem_price_c, CASE WHEN pe3.sub_offer_name LIKE '%LEASE%' THEN 'Lease' WHEN pe3.sub_offer_name LIKE '%PURCHASE%' THEN 'Purchase' END AS legacy_modem_purchase_type_c, pe3.display_name AS legacy_modem_product_code_c, CASE WHEN pe3.sub_offer_name LIKE '%LEASE%' THEN 'Lease' WHEN pe3.sub_offer_name LIKE '%PURCHASE%' THEN 'Purchase' END AS qf_modem_purchase_type_c, CASE WHEN pe3.sub_offer_name LIKE '%LEASE%' AND pe3.acct_dscnt_exp_date &gt;= '21000101' THEN CASE WHEN pe3.net_offer_price &lt;= 9.99 THEN 9.99 WHEN pe3.net_offer_price &gt;= 10 AND pe3.net_offer_price &lt; 12.5 THEN 10 WHEN pe3.net_offer_price &gt;= 12.5 THEN 15 END WHEN pe3.sub_offer_name LIKE '%LEASE%' THEN CASE WHEN pe3.offer_price &lt;= 9.99 THEN 9.99 WHEN pe3.offer_price &gt;= 10 AND pe3.offer_price &lt; 12.5 THEN 10 WHEN pe3.offer_price &gt;= 12.5 THEN 15 END WHEN pe3.sub_offer_name LIKE '%PURCHASE%' THEN 0.00 ELSE pe3.offer_price END AS qf_modem_price_c, 'C-Gateway-001' AS qf_modem_product_code_c FROM ppp_extract_staging pe3 WHERE pe3.prod_type = 'MODEM' ORDER BY legacy_modem_purchase_type_c FETCH FIRST ROW ONLY ) c ON pe.account_id = c.acc3 AND c.legacy_modem_purchase_type_c IS NOT NULL LEFT JOIN ( SELECT DISTINCT pe4.account_id AS acc4, CASE WHEN pe4.acct_dscnt_exp_date &gt;= '21000101' THEN pe4.net_offer_price ELSE pe4.offer_price END AS legacy_voice_price_c, pe4.display_name AS legacy_voice_product_code_c, 'C-HOME-PHONE' AS qf_voice_product_code, CASE WHEN pe4.acct_dscnt_exp_date &gt;= '21000101' THEN pe4.net_offer_price ELSE pe4.offer_price END AS qf_voice_price_c FROM ppp_extract_staging pe4 WHERE pe4.prod_type = 'VOIP' ) d ON pe.account_id = d.acc4 AND d.legacy_voice_product_code_c IS NOT NULL left JOIN mv_account_customer_vw2 macv ON macv.account_id = pe.account_id FETCH FIRST ROW ONLY"}</ns1:Data>
            </ns1:SampleData>
         </ns1:sample-data-sets>
      </types1:Entry>
      <types1:GUID>7T95QUcWHSJdKrWWulqXAj</types1:GUID>
      <types1:DisplayName>P_PPP_Oracle_Execute_SQL_BRSPD</types1:DisplayName>
   </types1:Item>
   <types1:CurrentServerDateTime>2023-04-03T03:05:49.851Z</types1:CurrentServerDateTime>
</aetgt:getResponse>
