<aetgt:getResponse xmlns:aetgt="http://schemas.active-endpoints.com/appmodules/repository/2010/10/avrepository.xsd"
                   xmlns:types1="http://schemas.active-endpoints.com/appmodules/repository/2010/10/avrepository.xsd">
   <types1:Item>
      <types1:EntryId>Cs4MAreFRqXpIW7-gt-228620-2022-08-09T05:52:39.461Z::pd.xml</types1:EntryId>
      <types1:Name>P_Call_UpdateCMS_BRSPD</types1:Name>
      <types1:MimeType>application/xml+process</types1:MimeType>
      <types1:Description>Connected to CMS_Prod table.</types1:Description>
      <types1:AppliesTo/>
      <types1:Tags>.anonymous</types1:Tags>
      <types1:VersionLabel>1.0</types1:VersionLabel>
      <types1:State>CURRENT</types1:State>
      <types1:ProcessGroup/>
      <types1:CreatedBy>AD15100_PRD</types1:CreatedBy>
      <types1:CreationDate>2022-08-09T05:52:39Z</types1:CreationDate>
      <types1:ModifiedBy>AD15100_PRD</types1:ModifiedBy>
      <types1:ModificationDate>2022-08-09T05:55:13Z</types1:ModificationDate>
      <types1:PublicationStatus>out-of-date</types1:PublicationStatus>
      <types1:PublishedBy>AD15100_PRD</types1:PublishedBy>
      <types1:PublicationDate>2022-08-09T05:55:20Z</types1:PublicationDate>
      <types1:PublishedContributionId>project:/spi.P_Call_UpdateCMS_BRSPD/P_Call_UpdateCMS_BRSPD.pd.xml</types1:PublishedContributionId>
      <types1:AutosaveExists>false</types1:AutosaveExists>
      <types1:Entry>
         <process xmlns="http://schemas.active-endpoints.com/appmodules/screenflow/2010/10/avosScreenflow.xsd"
                  xmlns:tfm="http://schemas.active-endpoints.com/appmodules/screenflow/2021/04/taskflowModel.xsd"
                  xmlns:list="urn:activevos:spi:list:functions"
                  displayName="P_Call_UpdateCMS_BRSPD"
                  name="P_Call_UpdateCMS_BRSPD"
                  overrideAPIName="false">
            <parameterSet xmlns="http://schemas.active-endpoints.com/appmodules/screenflow/2021/04/taskflowModel.xsd"/>
            <appliesTo/>
            <description>Connected to CMS_Prod table.</description>
            <tags>.anonymous</tags>
            <generator>Informatica Process Designer 11</generator>
            <input>
               <parameter description="" name="customers" type="reference">
                  <options>
                     <option name="referenceTo">$po:customers-BRSPD</option>
                     <option name="required">false</option>
                     <option name="isCopy">true</option>
                     <option name="guid">120Kxb9nRQAcNCofHWrhoT</option>
                  </options>
               </parameter>
            </input>
            <output>
               <field description="" name="Success_out" type="int">
                  <options>
                     <option name="required">false</option>
                  </options>
               </field>
               <field description="" name="Failure_out" type="int">
                  <options>
                     <option name="required">false</option>
                  </options>
               </field>
               <field description="" name="Error_Message_out" type="reference">
                  <options>
                     <option name="referenceTo">$po:PO-Error-Message-BRSPD</option>
                     <option name="required">false</option>
                     <option name="isCopy">true</option>
                     <option name="guid">a0wFUxNfoZjeYASJFhvBO1</option>
                  </options>
               </field>
            </output>
            <notes/>
            <deployment suspendOnFault="false" tracingLevel="normal">
               <rest>
                  <allowAnonymousAccess/>
               </rest>
            </deployment>
            <flow id="a">
               <start id="b">
                  <link id="kw5rloe4" targetId="kw5rloe3"/>
               </start>
               <subflow id="kw5rloe3">
                  <title>P_Update_Customer_Status_Prod</title>
                  <subflowGUID>9H6TfrP0XL0bei7RzfxJ0m</subflowGUID>
                  <subflowPath>P_Update_Customer_Status_test_BRSPD</subflowPath>
                  <runForEach>false</runForEach>
                  <input>
                     <parameter name="customers" source="field" updatable="true">input.customers</parameter>
                  </input>
                  <outputDef>
                     <field name="Error_Messages_out" type="objectlist">
                        <options>
                           <option name="referenceTo">$po:PO-Error-Message-1</option>
                           <option hide="true" name="multiSelect">true</option>
                           <option name="required">false</option>
                           <option name="isCopy">true</option>
                           <option name="guid">elCZnzY7VM5gmshtgaEu4t</option>
                        </options>
                     </field>
                     <field name="Success_count" type="int">
                        <options>
                           <option name="required">false</option>
                        </options>
                     </field>
                     <field name="Failure_count" type="int">
                        <options>
                           <option name="required">false</option>
                        </options>
                     </field>
                  </outputDef>
                  <link id="kw5ydm3x" targetId="kw5ydm3w"/>
               </subflow>
               <assignment id="kw5ydm3w">
                  <title>Assignment to Failure_out, Success_out etc.</title>
                  <operation source="constant" to="output.Failure_out">{$output.Failure_count}</operation>
                  <operation source="constant" to="output.Success_out">{$output.Success_count}</operation>
                  <operation source="field" to="output.Error_Message_out">output.Error_Message_out</operation>
                  <link id="kw5ydm3y" targetId="c"/>
               </assignment>
               <end id="c"/>
            </flow>
         </process>
         <ns1:sample-data-sets xmlns:ns1="http://schemas.active-endpoints.com/appmodules/repository/2010/10/sampleData.xsd">
            <ns1:SampleData>
               <ns1:Id>d20cbefc-a9a1-463f-b853-081094479c68</ns1:Id>
               <ns1:Name>test</ns1:Name>
               <ns1:CreatedBy>AD15100_PRD</ns1:CreatedBy>
               <ns1:CreationDate>2022-08-09T05:52:39Z</ns1:CreationDate>
               <ns1:ModifiedBy>AD15100_PRD</ns1:ModifiedBy>
               <ns1:ModificationDate>2022-08-09T05:52:39Z</ns1:ModificationDate>
               <ns1:Data format="json">{
	 "customers": {
	 	 "DTN": ""
	 }
}</ns1:Data>
            </ns1:SampleData>
         </ns1:sample-data-sets>
      </types1:Entry>
      <types1:GUID>8NgV6NDqgCoeU0EznY4yId</types1:GUID>
      <types1:DisplayName>P_Call_UpdateCMS_BRSPD</types1:DisplayName>
   </types1:Item>
   <types1:CurrentServerDateTime>2022-10-21T03:09:50.484Z</types1:CurrentServerDateTime>
</aetgt:getResponse>
