<aetgt:getResponse xmlns:aetgt="http://schemas.active-endpoints.com/appmodules/repository/2010/10/avrepository.xsd"
                   xmlns:types1="http://schemas.active-endpoints.com/appmodules/repository/2010/10/avrepository.xsd">
   <types1:Item>
      <types1:EntryId>05WlD2pHALVYxWP-gt-117207-2022-08-03T22:49:38.984Z::conn.xml</types1:EntryId>
      <types1:Name>AC-Modem-Scan-BRSPD-Prod</types1:Name>
      <types1:MimeType>application/xml+connection</types1:MimeType>
      <types1:Description/>
      <types1:AppliesTo/>
      <types1:Tags>.agent:qfiicssaodc02-prod.corp.intranet</types1:Tags>
      <types1:VersionLabel>1.0</types1:VersionLabel>
      <types1:State>CURRENT</types1:State>
      <types1:ProcessGroup/>
      <types1:CreatedBy>AD15100_PRD</types1:CreatedBy>
      <types1:CreationDate>2022-08-03T22:49:39Z</types1:CreationDate>
      <types1:ModifiedBy>AD15100_PRD</types1:ModifiedBy>
      <types1:ModificationDate>2022-08-04T03:46:35Z</types1:ModificationDate>
      <types1:PublicationStatus>out-of-date</types1:PublicationStatus>
      <types1:PublishedBy>AD15100_PRD</types1:PublishedBy>
      <types1:PublicationDate>2022-08-04T03:46:24Z</types1:PublicationDate>
      <types1:PublishedContributionId>project:/rt.connection/AC-Modem-Scan-BRSPD-Prod/AC-Modem-Scan-BRSPD-Prod.conn.xml</types1:PublishedContributionId>
      <types1:AutosaveExists>false</types1:AutosaveExists>
      <types1:Entry>
         <connection xmlns="http://schemas.informatica.com/socrates/data-services/2014/04/avosConnections.xsd"
                     displayName="AC-Modem-Scan-BRSPD-Prod"
                     label="AC-Modem-Scan-BRSPD-Prod"
                     name="AC-Modem-Scan-BRSPD-Prod">
            <description/>
            <tags>.agent:qfiicssaodc02-prod.corp.intranet</tags>
            <agent>qfiicssaodc02-prod.corp.intranet</agent>
            <attributes>
               <attribute encrypted="false" name="hostName" value="napperlc2.corp.intranet"/>
            </attributes>
            <businessConnector xmlns="http://schemas.informatica.com/appmodules/screenflow/2014/04/avosConnectors.xsd"
                               agentOnly="false"
                               connectorPath="project:/rt.connector/SC_Modem_Scan_BRSPD_Prod/SC_Modem_Scan_BRSPD_Prod_svcDef.xml"
                               guid="hEiKKZXzTE5hMCaNJIuSmk"
                               name="SC-Modem-Scan_BRSPD-Prod"
                               supportsConnectionTest="false"
                               uuid="4b17d607-6bd2-4c29-a6f2-241987f6a9bb">
               <description/>
            </businessConnector>
         </connection>
      </types1:Entry>
      <types1:GUID>5Z3EpFX2pTTbbHvsapLwmr</types1:GUID>
      <types1:DisplayName>AC-Modem-Scan-BRSPD-Prod</types1:DisplayName>
   </types1:Item>
   <types1:CurrentServerDateTime>2022-11-11T09:27:39.129Z</types1:CurrentServerDateTime>
</aetgt:getResponse>
