<aetgt:getResponse xmlns:aetgt="http://schemas.active-endpoints.com/appmodules/repository/2010/10/avrepository.xsd"
                   xmlns:types1="http://schemas.active-endpoints.com/appmodules/repository/2010/10/avrepository.xsd">
   <types1:Item>
      <types1:EntryId>YYsGuDoWn2sqeEr-gt-116398-2022-08-03T22:49:21.817Z::svc.xml</types1:EntryId>
      <types1:Name>SC_Oauth_Access_Token_Prod_BRSPD-1</types1:Name>
      <types1:ParentFlowIds>eF96fPAreFRqXpI-gt-138476-2022-08-03T22:49:22.071Z::conn.xml</types1:ParentFlowIds>
      <types1:MimeType>application/xml+businesssconnector</types1:MimeType>
      <types1:Description>This service connector generates access_token for IICS and Polygon API</types1:Description>
      <types1:AppliesTo/>
      <types1:Tags/>
      <types1:VersionLabel>1.0</types1:VersionLabel>
      <types1:State>CURRENT</types1:State>
      <types1:ProcessGroup/>
      <types1:CreatedBy>AD15100_PRD</types1:CreatedBy>
      <types1:CreationDate>2022-08-03T22:49:22Z</types1:CreationDate>
      <types1:ModifiedBy/>
      <types1:PublicationStatus>published</types1:PublicationStatus>
      <types1:PublishedBy>AD15100_PRD</types1:PublishedBy>
      <types1:PublicationDate>2022-08-04T03:10:10Z</types1:PublicationDate>
      <types1:PublishedContributionId>project:/rt.connector/SC_Oauth_Access_Token_Prod_BRSPD_1/SC_Oauth_Access_Token_Prod_BRSPD_1_svcDef.xml</types1:PublishedContributionId>
      <types1:AutosaveExists>false</types1:AutosaveExists>
      <types1:Entry>
         <businessConnector xmlns="http://schemas.informatica.com/socrates/data-services/2014/05/business-connector-model.xsd"
                            agentOnly="false"
                            debug="false"
                            displayName="SC_Oauth_Access_Token_Prod_BRSPD"
                            label=""
                            name="SC_Oauth_Access_Token_Prod_BRSPD-1"
                            uuid="793f3bd4-731e-4a9e-94b4-c33d77d1bd1d">
            <description>This service connector generates access_token for IICS and Polygon API</description>
            <tags/>
            <connectionAttributes xmlns="http://schemas.informatica.com/appmodules/screenflow/2014/04/avosConnectors.xsd">
               <connectionAttribute description="Host Name"
                                    masked="false"
                                    name="hostName"
                                    required="true"
                                    testWith="centurylink-prod.apigee.net"
                                    type="string"/>
            </connectionAttributes>
            <actions>
               <action category=""
                       failOnError="true"
                       forSearch="false"
                       label="Polygon_oauth"
                       maxRedirects="100"
                       name="Polygon_oauth"
                       preemptiveAuth="true"
                       responseEncoding="">
                  <description/>
                  <input/>
                  <binding>
                     <restSimpleBinding multiUsing="semicolonSeparated"
                                        url="https://{$hostName}/oauth"
                                        verb="GET">
                        <authentication>
                           <username>213VnB0kHSQseUOUKHOKbKbc3SYD8FKf</username>
                           <password>msOsXeuIVK7LGm3J</password>
                           <isExpressionInPassword>true</isExpressionInPassword>
                        </authentication>
                        <mutualAuth enabled="false">
                           <keyStore mode="file"/>
                           <keyStorePassword/>
                        </mutualAuth>
                        <otherParams>
                           <otherParam name="grant_type">client_credentials</otherParam>
                        </otherParams>
                     </restSimpleBinding>
                  </binding>
                  <output>
                     <field description=""
                            name="access_token"
                            property="access_token"
                            type="string"/>
                  </output>
               </action>
               <action category=""
                       failOnError="true"
                       forSearch="false"
                       label="IICS_oauth"
                       maxRedirects="100"
                       name="IICS_oauth"
                       preemptiveAuth="true"
                       responseEncoding="">
                  <description/>
                  <input>
                     <parameter label="grant_type"
                                name="grant_type"
                                required="false"
                                testWith="client_credentials"
                                type="string"/>
                  </input>
                  <binding>
                     <restSimpleBinding multiUsing="semicolonSeparated"
                                        url="https://dm-us.informaticacloud.com/authz-service/oauth/token"
                                        verb="POST">
                        <authentication>
                           <username>8Ge9y9NwUybjYWJltlYGwl</username>
                           <password>IUdWQMcnt</password>
                           <isExpressionInPassword>true</isExpressionInPassword>
                        </authentication>
                        <mutualAuth enabled="false">
                           <keyStore mode="file"/>
                           <keyStorePassword/>
                        </mutualAuth>
                        <body generateUsing="Form"/>
                     </restSimpleBinding>
                  </binding>
                  <output>
                     <field description=""
                            name="access_token"
                            property="access_token"
                            type="string"/>
                  </output>
               </action>
            </actions>
            <objects/>
         </businessConnector>
      </types1:Entry>
      <types1:GUID>8DFiZqVCAlRjnjZFa1BJ8S</types1:GUID>
      <types1:DisplayName>SC_Oauth_Access_Token_Prod_BRSPD</types1:DisplayName>
   </types1:Item>
   <types1:CurrentServerDateTime>2023-01-13T05:44:19.641Z</types1:CurrentServerDateTime>
</aetgt:getResponse>
