<aetgt:getResponse xmlns:aetgt="http://schemas.active-endpoints.com/appmodules/repository/2010/10/avrepository.xsd"
                   xmlns:types1="http://schemas.active-endpoints.com/appmodules/repository/2010/10/avrepository.xsd">
   <types1:Item>
      <types1:EntryId>zAZf5kck8jKBmeK-gt-116354-2022-08-03T22:49:14.417Z::conn.xml</types1:EntryId>
      <types1:Name>AC-Polygon-Prod-BRSPD-Prod</types1:Name>
      <types1:ParentFlowIds>IlRkPUEbfV3HRvs-gt-118801-2022-08-04T03:54:35.558Z::pd.xml,LruB3uopz4KhPVE-gt-65382-2022-11-07T23:45:39.602Z::pd.xml</types1:ParentFlowIds>
      <types1:MimeType>application/xml+connection</types1:MimeType>
      <types1:Description>Application Connection for Polygon Details</types1:Description>
      <types1:AppliesTo/>
      <types1:Tags/>
      <types1:VersionLabel>1.0</types1:VersionLabel>
      <types1:State>CURRENT</types1:State>
      <types1:ProcessGroup/>
      <types1:CreatedBy>AD15100_PRD</types1:CreatedBy>
      <types1:CreationDate>2022-08-03T22:49:14Z</types1:CreationDate>
      <types1:ModifiedBy>AD15100_PRD</types1:ModifiedBy>
      <types1:ModificationDate>2022-08-04T03:12:13Z</types1:ModificationDate>
      <types1:PublicationStatus>published</types1:PublicationStatus>
      <types1:PublishedBy>AD15100_PRD</types1:PublishedBy>
      <types1:PublicationDate>2022-08-04T03:13:52Z</types1:PublicationDate>
      <types1:PublishedContributionId>project:/rt.connection/AC-Polygon-Prod-BRSPD-Prod/AC-Polygon-Prod-BRSPD-Prod.conn.xml</types1:PublishedContributionId>
      <types1:AutosaveExists>false</types1:AutosaveExists>
      <types1:Entry>
         <connection xmlns="http://schemas.informatica.com/socrates/data-services/2014/04/avosConnections.xsd"
                     displayName="AC-Polygon-Prod-BRSPD-Prod"
                     label="AC-Polygon-Prod-BRSPD-Prod"
                     name="AC-Polygon-Prod-BRSPD-Prod">
            <description>Application Connection for Polygon Details</description>
            <tags/>
            <agent/>
            <attributes>
               <attribute encrypted="false"
                          name="hostName"
                          value="centurylink-prod.apigee.net"/>
            </attributes>
            <businessConnector xmlns="http://schemas.informatica.com/appmodules/screenflow/2014/04/avosConnectors.xsd"
                               agentOnly="false"
                               connectorPath="project:/rt.connector/SC_Polygon_Prod_BRSPD_1/SC_Polygon_Prod_BRSPD_1_svcDef.xml"
                               guid="aVEQl7OxWZ3jWbIjuNQvkS"
                               name="SC_Polygon_Prod_BRSPD-1"
                               supportsConnectionTest="false"
                               uuid="7a1567c8-d5a7-48a0-9b0c-1e7328214560">
               <description>This service connector is for Polygon API</description>
            </businessConnector>
         </connection>
      </types1:Entry>
      <types1:GUID>0di80fPajE8g3HgdZavAkK</types1:GUID>
      <types1:DisplayName>AC-Polygon-Prod-BRSPD-Prod</types1:DisplayName>
   </types1:Item>
   <types1:CurrentServerDateTime>2022-12-16T04:07:51.704Z</types1:CurrentServerDateTime>
</aetgt:getResponse>
