<aetgt:getResponse xmlns:aetgt="http://schemas.active-endpoints.com/appmodules/repository/2010/10/avrepository.xsd"
                   xmlns:types1="http://schemas.active-endpoints.com/appmodules/repository/2010/10/avrepository.xsd">
   <types1:Item>
      <types1:EntryId>gkdypKwKBqRi92q-gt-144108-2022-06-20T08:40:32.108Z::po.xml</types1:EntryId>
      <types1:Name>customers</types1:Name>
      <types1:ParentFlowIds>1iUsRvsGRvDINci-gt-192277-2022-08-09T05:47:42.843Z::pd.xml,1ZT1cnFKi9zhFty-gt-198816-2022-08-10T00:45:38.853Z::pd.xml,2k6UtLnzYLnzYLn-gt-86120-2022-06-20T08:40:38.55Z::pd.xml,5PiciT6sFsdsFsd-gt-1219-2022-07-18T04:25:39.09Z::pd.xml,H0EKZhHwzZsMBw8-gt-143946-2022-06-20T08:40:33.538Z::pd.xml,hDPWNMZQELaabcl-gt-91108-2022-08-01T02:54:39.121Z::pd.xml,IFDlyjllCYAOTMn-gt-116500-2022-08-03T22:49:53.552Z::pd.xml,K9hCHbf2XZPnE29-gt-88561-2022-06-20T08:40:33.591Z::pd.xml,Owhz5chspiRASmv-gt-90173-2022-08-01T02:54:36.658Z::pd.xml,wW6jKsJlv58pIO3-gt-89764-2022-08-01T02:54:41.357Z::pd.xml</types1:ParentFlowIds>
      <types1:MimeType>application/xml+processobject</types1:MimeType>
      <types1:Description>Customer Status Input fields with Address</types1:Description>
      <types1:AppliesTo/>
      <types1:Tags/>
      <types1:VersionLabel>1.0</types1:VersionLabel>
      <types1:State>CURRENT</types1:State>
      <types1:ProcessGroup/>
      <types1:CreatedBy>AC81234_PRD</types1:CreatedBy>
      <types1:CreationDate>2022-06-20T08:40:32Z</types1:CreationDate>
      <types1:ModifiedBy/>
      <types1:PublicationStatus>unpublished</types1:PublicationStatus>
      <types1:AutosaveExists>false</types1:AutosaveExists>
      <types1:Entry>
         <processObject xmlns="http://schemas.active-endpoints.com/appmodules/screenflow/2011/06/avosHostEnvironment.xsd"
                        displayName="customers"
                        isByCopy="true"
                        name="customers">
            <description>Customer Status Input fields with Address</description>
            <tags/>
            <detail>
               <field label="DTN" name="DTN" type="string"/>
               <field label="AccountNumber" name="AccountNumber" type="string"/>
               <field label="LegacySFID" name="LegacySFID" type="string"/>
               <field label="LegacySystem" name="LegacySystem" type="string"/>
               <field label="Status" name="Status" type="string"/>
               <field label="QF_Lead_ID" name="QF_Lead_ID" type="string"/>
               <field label="Last_Modified_By" name="Last_Modified_By" type="string"/>
               <field label="Last_Modified_Date"
                      name="Last_Modified_Date"
                      type="datetime"/>
               <field label="LegacyAccountNumber"
                      name="LegacyAccountNumber"
                      type="string"/>
               <field label="OLT_ID" name="OLT_ID" type="string"/>
               <field label="OLT_Shelf" name="OLT_Shelf" type="string"/>
               <field label="Address" name="Address" type="reference">
                  <options>
                     <option name="referenceTo">$po:PO-CustStatus-Address</option>
                     <option name="guid">55WhcRGlWlkiTeUVA4VyAY</option>
                     <option name="relationshipName">Child</option>
                  </options>
               </field>
               <field label="ErrorMessage" name="ErrorMessage" type="string"/>
               <field label="Voice_Enabled" name="Voice_Enabled" type="string"/>
               <field label="Is_Converted" name="Is_Converted" type="string"/>
               <field label="Converted_Date" name="Converted_Date" type="string"/>
               <field label="Converted_Account_ID"
                      name="Converted_Account_ID"
                      type="string"/>
            </detail>
         </processObject>
      </types1:Entry>
      <types1:GUID>amddwcVjDvffwjTfTuVz8r</types1:GUID>
      <types1:DisplayName>customers</types1:DisplayName>
   </types1:Item>
   <types1:CurrentServerDateTime>2022-10-14T04:14:04.959Z</types1:CurrentServerDateTime>
</aetgt:getResponse>
