<aetgt:getResponse xmlns:aetgt="http://schemas.active-endpoints.com/appmodules/repository/2010/10/avrepository.xsd"
                   xmlns:types1="http://schemas.active-endpoints.com/appmodules/repository/2010/10/avrepository.xsd">
   <types1:Item>
      <types1:EntryId>HPRPjAXhNUdyOoM-gt-89612-2022-08-01T02:54:23.535Z::po.xml</types1:EntryId>
      <types1:Name>PO-ENS-Pricing-BRSPD</types1:Name>
      <types1:MimeType>application/xml+processobject</types1:MimeType>
      <types1:Description/>
      <types1:AppliesTo/>
      <types1:Tags/>
      <types1:VersionLabel>1.0</types1:VersionLabel>
      <types1:State>CURRENT</types1:State>
      <types1:ProcessGroup/>
      <types1:CreatedBy>AC83336_PRD</types1:CreatedBy>
      <types1:CreationDate>2022-08-01T02:54:24Z</types1:CreationDate>
      <types1:ModifiedBy>AD15119_PRD</types1:ModifiedBy>
      <types1:ModificationDate>2022-08-01T09:17:37Z</types1:ModificationDate>
      <types1:PublicationStatus>unpublished</types1:PublicationStatus>
      <types1:AutosaveExists>false</types1:AutosaveExists>
      <types1:Entry>
         <processObject xmlns="http://schemas.active-endpoints.com/appmodules/screenflow/2011/06/avosHostEnvironment.xsd"
                        displayName="PO-ENS-Pricing-BRSPD"
                        isByCopy="true"
                        name="PO-ENS-Pricing-BRSPD">
            <description/>
            <tags/>
            <detail>
               <field label="account_number" name="account_number" type="string"/>
               <field label="legacy_hsi_price__c"
                      name="legacy_hsi_price__c"
                      type="string"/>
               <field label="legacy_hsi_service_plan__c"
                      name="legacy_hsi_service_plan__c"
                      type="string"/>
               <field label="legacy_hsi_product_code__c"
                      name="legacy_hsi_product_code__c"
                      type="string"/>
               <field label="legacy_modem_price__c"
                      name="legacy_modem_price__c"
                      type="string"/>
               <field label="legacy_modem_purchase_type__c"
                      name="legacy_modem_purchase_type__c"
                      type="string"/>
               <field label="legacy_modem_product_code__c"
                      name="legacy_modem_product_code__c"
                      type="string"/>
               <field label="quantum_fiber_hsi_price__c"
                      name="quantum_fiber_hsi_price__c"
                      type="string"/>
               <field label="quantum_fiber_hsi_service_plan__c"
                      name="quantum_fiber_hsi_service_plan__c"
                      type="string"/>
               <field label="quantum_fiber_hsi_product_code__c"
                      name="quantum_fiber_hsi_product_code__c"
                      type="string"/>
               <field label="quantum_fiber_hsi_pfl__c"
                      name="quantum_fiber_hsi_pfl__c"
                      type="string"/>
               <field label="quantum_fiber_modem_price__c"
                      name="quantum_fiber_modem_price__c"
                      type="string"/>
               <field label="quantum_fiber_modem_purchase_type__c"
                      name="quantum_fiber_modem_purchase_type__c"
                      type="string"/>
               <field label="quantum_fiber_modem_product_code__c"
                      name="quantum_fiber_modem_product_code__c"
                      type="string"/>
               <field label="quantum_fiber_modem_pfl__c"
                      name="quantum_fiber_modem_pfl__c"
                      type="string"/>
               <field label="first_name" name="first_name" type="string"/>
               <field label="last_name" name="last_name" type="string"/>
               <field label="bill_name" name="bill_name" type="string"/>
               <field label="frc" name="frc" type="string"/>
               <field label="feature_category" name="feature_category" type="string"/>
               <field label="legacy_hsi_product_number__c"
                      name="legacy_hsi_product_number__c"
                      type="string"/>
               <field label="legacy_modem_purchase_date__c"
                      name="legacy_modem_purchase_date__c"
                      type="date"/>
               <field label="legacy_lifeline_discount_ind__c"
                      name="legacy_lifeline_discount_ind__c"
                      type="string"/>
               <field label="legacy_voice_price__c"
                      name="legacy_voice_price__c"
                      type="string"/>
               <field label="legacy_voice_product_code__c"
                      name="legacy_voice_product_code__c"
                      type="string"/>
               <field label="quantum_fiber_voice_pfl__c"
                      name="quantum_fiber_voice_pfl__c"
                      type="string"/>
               <field label="quantum_fiber_voice_price__c"
                      name="quantum_fiber_voice_price__c"
                      type="string"/>
               <field label="quantum_fiber_voice_product_code__c"
                      name="quantum_fiber_voice_product_code__c"
                      type="string"/>
            </detail>
         </processObject>
      </types1:Entry>
      <types1:GUID>9nT0A6jxvwSe6WIvyAbSuB</types1:GUID>
      <types1:DisplayName>PO-ENS-Pricing-BRSPD</types1:DisplayName>
   </types1:Item>
   <types1:CurrentServerDateTime>2023-04-03T03:07:11.358Z</types1:CurrentServerDateTime>
</aetgt:getResponse>
