<aetgt:getResponse xmlns:aetgt="http://schemas.active-endpoints.com/appmodules/repository/2010/10/avrepository.xsd"
                   xmlns:types1="http://schemas.active-endpoints.com/appmodules/repository/2010/10/avrepository.xsd">
   <types1:Item>
      <types1:EntryId>wVYx8R8WrY1Sypm-gt-117123-2022-08-03T22:49:15.357Z::pd.xml</types1:EntryId>
      <types1:Name>P_Get_Order-v1-2</types1:Name>
      <types1:MimeType>application/xml+process</types1:MimeType>
      <types1:Description/>
      <types1:AppliesTo/>
      <types1:Tags>.anonymous</types1:Tags>
      <types1:VersionLabel>1.0</types1:VersionLabel>
      <types1:State>CURRENT</types1:State>
      <types1:ProcessGroup/>
      <types1:CreatedBy>AD15100_PRD</types1:CreatedBy>
      <types1:CreationDate>2022-08-03T22:49:15Z</types1:CreationDate>
      <types1:ModifiedBy/>
      <types1:PublicationStatus>unpublished</types1:PublicationStatus>
      <types1:AutosaveExists>false</types1:AutosaveExists>
      <types1:Entry>
         <process xmlns="http://schemas.active-endpoints.com/appmodules/screenflow/2010/10/avosScreenflow.xsd"
                  xmlns:tfm="http://schemas.active-endpoints.com/appmodules/screenflow/2021/04/taskflowModel.xsd"
                  xmlns:list="urn:activevos:spi:list:functions"
                  displayName="P_Get_Order-v1"
                  name="P_Get_Order-v1-2"
                  overrideAPIName="false">
            <parameterSet xmlns="http://schemas.active-endpoints.com/appmodules/screenflow/2021/04/taskflowModel.xsd"/>
            <appliesTo/>
            <description/>
            <tags>.anonymous</tags>
            <generator>Informatica Process Designer 11</generator>
            <input>
               <parameter description="" name="OrderNumber" type="string">
                  <options>
                     <option name="required">false</option>
                  </options>
               </parameter>
            </input>
            <output>
               <field description="" name="OutPut_PO" type="reference">
                  <options>
                     <option name="referenceTo">$po:PO-GET-ORDER-v1-2</option>
                     <option name="required">false</option>
                     <option name="isCopy">true</option>
                     <option name="guid">4hbw4vLBvYAjbUoWaF5zWq</option>
                  </options>
               </field>
            </output>
            <tempFields>
               <field description="" name="Output_API" type="reference">
                  <options>
                     <option name="referenceTo">AppConnBRSPD-DEV-1:Order</option>
                     <option name="required">false</option>
                     <option name="guid">1ChTmIwkPi6cQd5vj5r9mh</option>
                  </options>
               </field>
            </tempFields>
            <notes/>
            <deployment suspendOnFault="false" tracingLevel="none">
               <rest>
                  <allowAnonymousAccess/>
               </rest>
            </deployment>
            <flow id="a">
               <start id="b">
                  <link id="l32qm20t" targetId="l32qm20s"/>
               </start>
               <assignment id="l32qm20s">
                  <title>InitializeData INPUT</title>
                  <operation source="query" to="temp.Output_API">
                     <query advanceQuery="false" from="AppConnBRSPD-DEV:Order">
                        <where>OrderNumber = '{$input.OrderNumber}' </where>
                     </query>
                  </operation>
                  <link id="l32qm20y" targetId="l32qm20x"/>
               </assignment>
               <assignment id="l32qm20x">
                  <title>GET API</title>
                  <operation source="field" to="output.OutPut_PO[1]/vlocity_cmt__AccountId__c">temp.Output_API.vlocity_cmt__AccountId__c</operation>
                  <operation source="field" to="output.OutPut_PO[1]/AccountId">temp.Output_API.Account.Name</operation>
                  <operation source="field" to="output.OutPut_PO[1]/Phone">temp.Output_API.Account.Phone</operation>
                  <link id="l32qm20z" targetId="c"/>
               </assignment>
               <end id="c"/>
            </flow>
         </process>
         <ns1:sample-data-sets xmlns:ns1="http://schemas.active-endpoints.com/appmodules/repository/2010/10/sampleData.xsd">
            <ns1:SampleData>
               <ns1:Id>130781bf-aa10-49e2-bda1-5c702de6bfae</ns1:Id>
               <ns1:Name>OrderNumber</ns1:Name>
               <ns1:CreatedBy>AD15100_PRD</ns1:CreatedBy>
               <ns1:CreationDate>2022-08-03T22:49:15Z</ns1:CreationDate>
               <ns1:ModifiedBy>AD15100_PRD</ns1:ModifiedBy>
               <ns1:ModifiedDate>2022-08-03T22:49:15Z</ns1:ModifiedDate>
               <ns1:Data format="json">{
	 "OrderNumber": "00000143"
}</ns1:Data>
            </ns1:SampleData>
         </ns1:sample-data-sets>
      </types1:Entry>
      <types1:GUID>9gpYtf4MMfZdkR0u66W9ya</types1:GUID>
      <types1:DisplayName>P_Get_Order-v1</types1:DisplayName>
   </types1:Item>
   <types1:CurrentServerDateTime>2022-09-02T08:22:08.59Z</types1:CurrentServerDateTime>
</aetgt:getResponse>
