<aetgt:getResponse xmlns:aetgt="http://schemas.active-endpoints.com/appmodules/repository/2010/10/avrepository.xsd"
                   xmlns:types1="http://schemas.active-endpoints.com/appmodules/repository/2010/10/avrepository.xsd">
   <types1:Item>
      <types1:EntryId>9WYzr3tfUbbf5ZK-gt-146421-2022-08-03T22:49:19.968Z::pd.xml</types1:EntryId>
      <types1:Name>P_Disconnect_PPP_Prepaid_BRSPD-Prod</types1:Name>
      <types1:MimeType>application/xml+process</types1:MimeType>
      <types1:Description>Disconnect Account on PPP Application</types1:Description>
      <types1:AppliesTo/>
      <types1:Tags>.anonymous</types1:Tags>
      <types1:VersionLabel>1.0</types1:VersionLabel>
      <types1:State>CURRENT</types1:State>
      <types1:ProcessGroup/>
      <types1:CreatedBy>AD15100_PRD</types1:CreatedBy>
      <types1:CreationDate>2022-08-03T22:49:20Z</types1:CreationDate>
      <types1:ModifiedBy>AD15100_PRD</types1:ModifiedBy>
      <types1:ModificationDate>2022-08-04T05:23:42Z</types1:ModificationDate>
      <types1:PublicationStatus>published</types1:PublicationStatus>
      <types1:PublishedBy>AD15100_PRD</types1:PublishedBy>
      <types1:PublicationDate>2022-08-04T05:23:53Z</types1:PublicationDate>
      <types1:PublishedContributionId>project:/spi.P_Disconnect_PPP_Prepaid_BRSPD-Prod/P_Disconnect_PPP_Prepaid_BRSPD-Prod.pd.xml</types1:PublishedContributionId>
      <types1:AutosaveExists>false</types1:AutosaveExists>
      <types1:Entry>
         <process xmlns="http://schemas.active-endpoints.com/appmodules/screenflow/2010/10/avosScreenflow.xsd"
                  xmlns:tfm="http://schemas.active-endpoints.com/appmodules/screenflow/2021/04/taskflowModel.xsd"
                  xmlns:list="urn:activevos:spi:list:functions"
                  displayName="P_Disconnect_PPP_Prepaid_BRSPD-Prod"
                  name="P_Disconnect_PPP_Prepaid_BRSPD-Prod"
                  overrideAPIName="false">
            <parameterSet xmlns="http://schemas.active-endpoints.com/appmodules/screenflow/2021/04/taskflowModel.xsd"/>
            <appliesTo/>
            <description>Disconnect Account on PPP Application</description>
            <tags>.anonymous</tags>
            <generator>Informatica Process Designer 11</generator>
            <input>
               <parameter description="" name="BAN" required="true" type="string">
                  <options>
                     <option name="required">false</option>
                  </options>
               </parameter>
               <parameter description="" name="BAID" required="true" type="string">
                  <options>
                     <option name="required">false</option>
                  </options>
               </parameter>
            </input>
            <output>
               <field description="" name="ErrorCode" type="string">
                  <options>
                     <option name="required">false</option>
                     <option name="initialvalue">200</option>
                  </options>
               </field>
               <field description="" name="ErrorMessage" type="string">
                  <options>
                     <option name="required">false</option>
                     <option name="initialvalue">Success</option>
                  </options>
               </field>
            </output>
            <tempFields>
               <field description="" name="customers_temp" type="reference">
                  <options>
                     <option name="referenceTo">$po:customers-BRSPD-1</option>
                     <option name="required">false</option>
                     <option name="isCopy">true</option>
                     <option name="guid">3pQht08NyZaeF4TXWysu4v</option>
                  </options>
               </field>
               <field description="" name="status_temp" type="string">
                  <options>
                     <option name="required">false</option>
                     <option name="initialvalue">Disconnect Flag Sent to BM</option>
                  </options>
               </field>
               <field description="" name="errorMesage_temp" type="string">
                  <options>
                     <option name="required">false</option>
                  </options>
               </field>
            </tempFields>
            <notes/>
            <deployment suspendOnFault="false" tracingLevel="terse">
               <rest>
                  <allowAnonymousAccess/>
               </rest>
            </deployment>
            <flow id="a">
               <start id="b">
                  <link id="knb2h5bc" targetId="knay76fa"/>
               </start>
               <eventContainer id="knay76fa">
                  <service id="knaxtidz">
                     <title>Disconnect PPP</title>
                     <serviceName>AC-PPP-Prepaid-Disconnect-BRSPD-1:UpdateCXAccount</serviceName>
                     <serviceGUID>gNWNffRlS6xcM3yluzhJmL</serviceGUID>
                     <serviceInput>
                        <parameter name="AccountId" source="constant">{$input.BAID}</parameter>
                     </serviceInput>
                  </service>
                  <flow id="knay76fc">
                     <container id="knbx5p0h" type="exclusive">
                        <title>Success?</title>
                        <flow id="knbx5p0k">
                           <eventContainer id="knbx5pag">
                              <service id="knbx5p2w">
                                 <title>Admin Notes</title>
                                 <serviceName>AC-PPP-Prepaid-Disconnect-BRSPD-1:UpdateAccountNotesRequest</serviceName>
                                 <serviceGUID>gNWNffRlS6xcM3yluzhJmL</serviceGUID>
                                 <serviceInput>
                                    <parameter name="AccountId" source="constant">{$input.BAID}</parameter>
                                 </serviceInput>
                              </service>
                              <flow id="knbx5pai">
                                 <assignment id="knbx5pba">
                                    <title>StatusAssignment</title>
                                    <operation source="formula" to="temp.status_temp">
                                       <expression language="XQuery">'Disconnected in Legacy Billing System - PPP'</expression>
                                    </operation>
                                    <operation source="formula" to="temp.errorMesage_temp">
                                       <expression language="XQuery">if($output.code = '0000' and $output.status = 'SUCCESS' and $output.HttpResponse = '200') then
  $output.message
else
'Disconnected in PPP but Admin notes were not updated. Error Message is :' || $output.message </expression>
                                    </operation>
                                 </assignment>
                                 <link id="knbx5paj" targetId="knbx5pag" type="containerLink"/>
                              </flow>
                              <flow id="knbx5pal">
                                 <assignment id="knbx5pc1">
                                    <title>NoteErrorAssignment</title>
                                    <operation source="formula" to="temp.status_temp">
                                       <expression language="XQuery">'Disconnected in Legacy Billing System - PPP'</expression>
                                    </operation>
                                    <operation source="formula" to="temp.errorMesage_temp">
                                       <expression language="XQuery">'Disconnected in PPP but Admin notes were not updated. Error Message is :' || $output.faultInfo[1]/reason</expression>
                                    </operation>
                                 </assignment>
                                 <link id="knbx5pam" targetId="knbx5pag" type="containerLink"/>
                              </flow>
                              <link id="knbx5pah" targetId="knbx5pai" type="containerLink"/>
                              <events>
                                 <catch faultField="faultInfo" id="knbx5paf" interrupting="true">
                                    <link id="knbx5pak" targetId="knbx5pal" type="containerLink"/>
                                 </catch>
                              </events>
                           </eventContainer>
                           <link id="knbx5p0l" targetId="knbx5p0h" type="containerLink"/>
                        </flow>
                        <flow id="knbx5p0n">
                           <assignment id="knbx5p5i">
                              <title>FailureAssignment</title>
                              <operation source="formula" to="temp.status_temp">
                                 <expression language="XQuery">'Disconnect Error'</expression>
                              </operation>
                              <operation source="field" to="temp.errorMesage_temp">output.message</operation>
                           </assignment>
                           <link id="knbx5p0o" targetId="knbx5p0h" type="containerLink"/>
                        </flow>
                        <link id="knbx5p0j" targetId="knbx5p0k" type="containerLink">
                           <condition source="formula">
                              <function name="string-equals">
                                 <arg name="left">{$output.status}</arg>
                                 <arg name="right">SUCCESS</arg>
                              </function>
                           </condition>
                        </link>
                        <link id="knbx5p0m" targetId="knbx5p0n" type="containerLink"/>
                     </container>
                     <link id="knay76fd" targetId="knay76fa" type="containerLink"/>
                  </flow>
                  <flow id="l6bog7k1">
                     <link id="l6bog7k2" targetId="knay76fa" type="containerLink"/>
                  </flow>
                  <link id="knay76fb" targetId="knay76fc" type="containerLink"/>
                  <link id="knay76eo" targetId="kmw5525j"/>
                  <events>
                     <catch faultField="faultInfo" id="knbx5paf" interrupting="true">
                        <link id="l6bog7k0" targetId="l6bog7k1" type="containerLink"/>
                     </catch>
                  </events>
               </eventContainer>
               <eventContainer id="kmw55260">
                  <subflow id="kmw55264">
                     <title>UpdateCSM</title>
                     <subflowGUID>9gvgOhu4qBrfAP41ZGbVqP</subflowGUID>
                     <subflowPath>P_Update_Customer_Status_Group_BRSPD-Prod</subflowPath>
                     <runForEach>false</runForEach>
                     <input>
                        <parameter name="customers" source="field" updatable="true">temp.customers_temp</parameter>
                     </input>
                     <outputDef>
                        <field name="Error_Messages_out" type="objectlist">
                           <options>
                              <option name="referenceTo">$po:PO-Error-Message-1</option>
                              <option hide="true" name="multiSelect">true</option>
                              <option name="required">false</option>
                              <option name="isCopy">true</option>
                              <option name="guid">elCZnzY7VM5gmshtgaEu4t</option>
                           </options>
                        </field>
                        <field name="Success_count" type="int">
                           <options>
                              <option name="required">false</option>
                           </options>
                        </field>
                        <field name="Failure_count" type="int">
                           <options>
                              <option name="required">false</option>
                           </options>
                        </field>
                     </outputDef>
                  </subflow>
                  <flow id="kmw55261">
                     <container id="kmw6o5i1" type="exclusive">
                        <title>CSMSuccess?</title>
                        <flow id="kmw6o5i3">
                           <link id="kmw6o5i4" targetId="kmw6o5i1" type="containerLink"/>
                        </flow>
                        <flow id="kmw6o5i6">
                           <assignment id="kmwizuce">
                              <title>AssignmentErrorFailure</title>
                              <operation source="constant" to="output.ErrorCode">{$output.Error_Messages_out[1]/Code} </operation>
                              <operation source="formula" to="output.ErrorMessage">
                                 <expression language="XQuery">$output.Error_Messages_out[1]/Detail  || $output.Error_Messages_out[1]/Reason </expression>
                              </operation>
                              <link id="kmwizucz" targetId="kmwizucy"/>
                           </assignment>
                           <end id="kmwizucy">
                              <title>EndWithError</title>
                           </end>
                        </flow>
                        <link id="kmw6o5i2" targetId="kmw6o5i3" type="containerLink">
                           <condition source="formula">
                              <function name="equals">
                                 <arg name="left">{$output.Failure_count}</arg>
                                 <arg name="right">{0}</arg>
                              </function>
                           </condition>
                        </link>
                        <link id="kmw6o5i5" targetId="kmw6o5i6" type="containerLink"/>
                     </container>
                     <link id="kmw55267" targetId="kmw55260" type="containerLink"/>
                  </flow>
                  <flow id="kmw55262">
                     <assignment id="kmwizuhn">
                        <title>AssignmentErrorOutput</title>
                        <operation source="constant" to="output.ErrorCode">500</operation>
                        <operation source="formula" to="output.ErrorMessage">
                           <expression language="XQuery">$output.faultInfo[1]/detail ||  $output.faultInfo[1]/reason </expression>
                        </operation>
                        <link id="kmwizuij" targetId="kmwizuii"/>
                     </assignment>
                     <end id="kmwizuii">
                        <title>EndErrorService</title>
                     </end>
                  </flow>
                  <link id="kmw55265" targetId="kmw55261" type="containerLink"/>
                  <link id="kmw55272" targetId="c"/>
                  <events>
                     <catch faultField="faultInfo" id="kmw551ub" interrupting="true">
                        <link id="kmw55266" targetId="kmw55262" type="containerLink"/>
                     </catch>
                  </events>
               </eventContainer>
               <assignment id="kmw5525j">
                  <title>Assignment to customers_temp</title>
                  <operation source="formula" to="temp.customers_temp">
                     <expression language="XQuery">&lt;PO-Cust-Status&gt;
         &lt;AccountNumber&gt;{$input.BAN}&lt;/AccountNumber&gt;
         &lt;Status&gt;{$temp.status_temp}&lt;/Status&gt;
         &lt;ErrorMessage&gt;{fn:substring(fn:string($temp.errorMesage_temp),1,255)}&lt;/ErrorMessage&gt;
         &lt;Last_Modified_By&gt;PPP Disconnect DI Job&lt;/Last_Modified_By&gt;
      &lt;/PO-Cust-Status&gt;</expression>
                  </operation>
                  <link id="kmw55268" targetId="kmw55260"/>
               </assignment>
               <end id="c"/>
            </flow>
         </process>
         <ns1:sample-data-sets xmlns:ns1="http://schemas.active-endpoints.com/appmodules/repository/2010/10/sampleData.xsd">
            <ns1:SampleData>
               <ns1:Id>e0c8a977-e077-4396-bef4-79c4525349ed</ns1:Id>
               <ns1:Name>dhDH</ns1:Name>
               <ns1:CreatedBy>AD15100_PRD</ns1:CreatedBy>
               <ns1:CreationDate>2022-08-03T22:49:20Z</ns1:CreationDate>
               <ns1:ModifiedBy>AD15100_PRD</ns1:ModifiedBy>
               <ns1:ModifiedDate>2022-08-03T22:49:20Z</ns1:ModifiedDate>
               <ns1:Data format="json">{

"BAID": "PPB02502361",
"BAN": "PPB02502361"
	 
}</ns1:Data>
            </ns1:SampleData>
            <ns1:SampleData>
               <ns1:Id>4dea3932-fbd4-411c-8539-a33a8ef789db</ns1:Id>
               <ns1:Name>error</ns1:Name>
               <ns1:CreatedBy>AD15100_PRD</ns1:CreatedBy>
               <ns1:CreationDate>2022-08-03T22:49:20Z</ns1:CreationDate>
               <ns1:ModifiedBy>AD15100_PRD</ns1:ModifiedBy>
               <ns1:ModifiedDate>2022-08-03T22:49:20Z</ns1:ModifiedDate>
               <ns1:Data format="json">{
"BAID": "PPB02076426",
"BAN": "488856799"
}</ns1:Data>
            </ns1:SampleData>
            <ns1:SampleData>
               <ns1:Id>86eef465-63d3-4ae3-b95c-ccaddef08dcb</ns1:Id>
               <ns1:Name>test</ns1:Name>
               <ns1:CreatedBy>AD15100_PRD</ns1:CreatedBy>
               <ns1:CreationDate>2022-08-03T22:49:20Z</ns1:CreationDate>
               <ns1:ModifiedBy>AD15100_PRD</ns1:ModifiedBy>
               <ns1:ModifiedDate>2022-08-03T22:49:20Z</ns1:ModifiedDate>
               <ns1:Data format="json">{
"requestName": "getAccountDetails",
"personaValue": "7026170101"
}</ns1:Data>
            </ns1:SampleData>
            <ns1:SampleData>
               <ns1:Id>5fdb4adb-0c90-4444-aeba-ae32a694bf3d</ns1:Id>
               <ns1:Name>test main</ns1:Name>
               <ns1:CreatedBy>AD15100_PRD</ns1:CreatedBy>
               <ns1:CreationDate>2022-08-03T22:49:20Z</ns1:CreationDate>
               <ns1:ModifiedBy>AD15100_PRD</ns1:ModifiedBy>
               <ns1:ModifiedDate>2022-08-03T22:49:20Z</ns1:ModifiedDate>
               <ns1:Data format="json">{
	 "Legacy_SF_in": {
	 	 "ACCOUNT_ID": ""
	 }
}
</ns1:Data>
            </ns1:SampleData>
            <ns1:SampleData>
               <ns1:Id>00ec2afc-d1f7-4c14-be6b-6b3b96280500</ns1:Id>
               <ns1:Name>TEST Main load</ns1:Name>
               <ns1:CreatedBy>AD15100_PRD</ns1:CreatedBy>
               <ns1:CreationDate>2022-08-03T22:49:20Z</ns1:CreationDate>
               <ns1:ModifiedBy>AD15100_PRD</ns1:ModifiedBy>
               <ns1:ModifiedDate>2022-08-03T22:49:20Z</ns1:ModifiedDate>
               <ns1:Data format="json">{
	 "Legacy_SF_in": {
	 	 "AccountNumber": "PPB00002922",
	 	 "ID": "PPB00002922",
	 	 "Name": "",
	 	 "Service_Addresses": "",
	 	 "Current_Bill_Due_Date": "2020-12-02",
	 	 "Billing_Method_Source": "",
	 	 "Billing_Source": "",
	 	 "Default_Service_Address": "",
	 	 "Billling_Cycle": "",
	 	 "Valid_Email": "",
	 	 "Email": ""
	 }
}</ns1:Data>
            </ns1:SampleData>
            <ns1:SampleData>
               <ns1:Id>b4cf9a74-86a5-447e-9167-44f00ffff6f7</ns1:Id>
               <ns1:Name>test2</ns1:Name>
               <ns1:CreatedBy>AD15100_PRD</ns1:CreatedBy>
               <ns1:CreationDate>2022-08-03T22:49:20Z</ns1:CreationDate>
               <ns1:ModifiedBy>AD15100_PRD</ns1:ModifiedBy>
               <ns1:ModifiedDate>2022-08-03T22:49:20Z</ns1:ModifiedDate>
               <ns1:Data format="json">{
	 "PPP_Read_in": {
	 	 "ACCOUNT_ID": "PPB00007862"
	 }
}</ns1:Data>
            </ns1:SampleData>
            <ns1:SampleData>
               <ns1:Id>aa190910-1fe5-45fb-9521-14f19cc9d261</ns1:Id>
               <ns1:Name>test_ppp</ns1:Name>
               <ns1:CreatedBy>AD15100_PRD</ns1:CreatedBy>
               <ns1:CreationDate>2022-08-03T22:49:20Z</ns1:CreationDate>
               <ns1:ModifiedBy>AD15100_PRD</ns1:ModifiedBy>
               <ns1:ModifiedDate>2022-08-03T22:49:20Z</ns1:ModifiedDate>
               <ns1:Data format="json">{
	 "personaValue": "",
	 "requestName": "",
	 "C360_Read_in": {
	 	 "requestName": "",
	 	 "requestParameter": ""
	 },
	 "Cust_Status_in": {
	 	 "DTN": "",
	 	 "AccountNumber": "",
	 	 "LegacySFID": "",
	 	 "LegacySystem": "",
	 	 "OLT_ID": "",
	 	 "Place_ID": "",
	 	 "Status": "",
	 	 "qf_LeadID": "",
	 	 "Sequence_No": "",
	 	 "Active": "",
	 	 "Last_Modified_By": "",
	 	 "Error_Message": "",
	 	 "Success_Message": "",
	 	 "Last_Modified_Date": "",
	 	 "Status_Date": "",
	 	 "Status_DateTime": "",
	 	 "LegacyAccountNumber": "",
	 	 "Full_Address": "",
	 	 "City": "",
	 	 "State": "",
	 	 "State_long": "",
	 	 "State_Short": "",
	 	 "country": "",
	 	 "zip": "",
	 	 "house_number_long": "",
	 	 "house_number_short": "",
	 	 "street": "",
	 	 "Street_Direction": "",
	 	 "Locality": "",
	 	 "Locality_Long": "",
	 	 "Locality_Short": "",
	 	 "Latitude": "",
	 	 "Longitude": ""
	 },
	 "PPP_Read_in": {
	 	 "ACCOUNT_ID": ""
	 }
}</ns1:Data>
            </ns1:SampleData>
         </ns1:sample-data-sets>
      </types1:Entry>
      <types1:GUID>3PSckXFPNLYjxE8JEjFj28</types1:GUID>
      <types1:DisplayName>P_Disconnect_PPP_Prepaid_BRSPD-Prod</types1:DisplayName>
   </types1:Item>
   <types1:CurrentServerDateTime>2022-09-02T08:22:12.357Z</types1:CurrentServerDateTime>
</aetgt:getResponse>
