{
  "name" : "BRSPD Data Integration Production-1662720538269",
  "sourceOrgId" : "k1qNBasfeEQdUMj15ONzuM",
  "sourceOrgName" : "Mass Market - Quantum Fiber - Prod",
  "exportedObjects" : [ {
    "objectGuid" : "0e3D7qDIMKthXiO4GdWb8U",
    "objectName" : "Mapping",
    "objectType" : "Folder",
    "path" : "/Explore/BRSPD Data Integration Production",
    "metadata" : {
      "modelVersion" : {
        "major" : 0,
        "minor" : 0
      },
      "repoInfo" : null,
      "objectRefs" : [ ],
      "contextAttributes" : [ ],
      "additionalInfo" : {
        "description" : "",
        "contentType" : null,
        "documentState" : "COMPLETE"
      }
    }
  }, {
    "objectGuid" : "94bwTuc5WCYk8k64zrUuYv",
    "objectName" : "mt_PPP_Prepaid_Disconnect",
    "objectType" : "MTT",
    "path" : "/Explore/BRSPD Cloud Application Integration/HJM",
    "metadata" : {
      "modelVersion" : {
        "major" : 0,
        "minor" : 0
      },
      "repoInfo" : {
        "repoHandle" : "011AVK0Z0000000000D9"
      },
      "objectRefs" : [ "2KdG7hNR2wycNwzEVnXgum", "eQTieebosm9czufAowehU6", "9pNBfNP1UWakQd6Pi8c0kw", "3K3iEVO1mahlJ46LwZEM6W", "d8jkikoX8I1dJrXQIq5hGq" ],
      "contextAttributes" : [ {
        "name" : "id",
        "value" : "@1"
      } ],
      "additionalInfo" : {
        "description" : "Disconnect Account ",
        "contentType" : "JSON",
        "documentState" : "VALID"
      }
    }
  }, {
    "objectGuid" : "0uRQsxMboC3imnbvbmUmIQ",
    "objectName" : "mt_PPP_Prepaid_Disconnect-Prod",
    "objectType" : "MTT",
    "path" : "/Explore/BRSPD Data Integration Production/Tasks",
    "metadata" : {
      "modelVersion" : {
        "major" : 0,
        "minor" : 0
      },
      "repoInfo" : {
        "repoHandle" : "011AVK0Z0000000000EB"
      },
      "objectRefs" : [ "2KdG7hNR2wycNwzEVnXgum", "eQTieebosm9czufAowehU6", "3K3iEVO1mahlJ46LwZEM6W", "jfhHpOeEGIMbIVZLxjVtwF", "hNhoZPSPVSNhOOSBLB1WIH" ],
      "contextAttributes" : [ {
        "name" : "id",
        "value" : "@1"
      } ],
      "additionalInfo" : {
        "description" : "Disconnect Account ",
        "contentType" : null,
        "documentState" : "VALID"
      }
    }
  }, {
    "objectGuid" : "lp4ASzpqWOhjOwNipCM9Ar",
    "objectName" : "bsc_ P_Disconnect_PPP_Prepaid_BRSPD-Prod",
    "objectType" : "BSERVICE",
    "path" : "/Explore/BRSPD Data Integration Production/Business Service",
    "metadata" : {
      "modelVersion" : {
        "major" : 0,
        "minor" : 0
      },
      "repoInfo" : {
        "repoHandle" : "011AVK2700000000004T"
      },
      "objectRefs" : [ "2KdG7hNR2wycNwzEVnXgum" ],
      "contextAttributes" : [ {
        "name" : "id",
        "value" : "@1"
      }, {
        "name" : "011AVK28000000000054",
        "value" : "lp4ASzpqWOhjOwNipCM9Ar@P_Disconnect_PPP_Prepaid_TEST_BRSPDOperation"
      } ],
      "additionalInfo" : {
        "description" : "",
        "contentType" : null,
        "documentState" : "VALID"
      }
    }
  }, {
    "objectGuid" : "5P4OKMokx9VjiMmYXJvFiZ",
    "objectName" : "bsc_update_CMS_TEST",
    "objectType" : "BSERVICE",
    "path" : "/Explore/LUMEN_DEV/HJM",
    "metadata" : {
      "modelVersion" : {
        "major" : 0,
        "minor" : 0
      },
      "repoInfo" : {
        "repoHandle" : "011AVK2700000000004G"
      },
      "objectRefs" : [ "2Wdq5tkludWhGOkRfJP064" ],
      "contextAttributes" : [ {
        "name" : "id",
        "value" : "@1"
      }, {
        "name" : "011AVK2800000000004N",
        "value" : "5P4OKMokx9VjiMmYXJvFiZ@P_Update_Customer_Status_Group4_5Operation"
      } ],
      "additionalInfo" : {
        "description" : "",
        "contentType" : "JSON",
        "documentState" : "VALID"
      }
    }
  }, {
    "objectGuid" : "5jN0vFtFWqZgastMdPAM87",
    "objectName" : "BRSPD_DEV_SF",
    "objectType" : "Connection",
    "path" : "/SYS",
    "metadata" : {
      "modelVersion" : {
        "major" : 0,
        "minor" : 0
      },
      "repoInfo" : {
        "repoHandle" : "011AVK0B000000000037"
      },
      "objectRefs" : [ "eQTieebosm9czufAowehU6" ],
      "contextAttributes" : [ {
        "name" : "id",
        "value" : "@1"
      } ],
      "additionalInfo" : {
        "description" : "Brightspeed SF DEV Connection",
        "contentType" : "JSON",
        "documentState" : "COMPLETE"
      }
    }
  }, {
    "objectGuid" : "6jeakSty7FMe6Ma2pmtJqS",
    "objectName" : "BRSPD Cloud Application Integration",
    "objectType" : "Project",
    "path" : "/Explore",
    "metadata" : {
      "modelVersion" : {
        "major" : 0,
        "minor" : 0
      },
      "repoInfo" : null,
      "objectRefs" : [ ],
      "contextAttributes" : [ ],
      "additionalInfo" : {
        "description" : "This will be the Folder for BRSPD with reviewed Components. Components in this Folder will be deployed to higher Environment",
        "contentType" : "Binary",
        "documentState" : "COMPLETE"
      }
    }
  }, {
    "objectGuid" : "4WwxN70rU2MiTHIcrtTzy6",
    "objectName" : "HJM",
    "objectType" : "Folder",
    "path" : "/Explore/BRSPD Cloud Application Integration",
    "metadata" : {
      "modelVersion" : {
        "major" : 0,
        "minor" : 0
      },
      "repoInfo" : null,
      "objectRefs" : [ ],
      "contextAttributes" : [ ],
      "additionalInfo" : {
        "description" : "",
        "contentType" : null,
        "documentState" : "COMPLETE"
      }
    }
  }, {
    "objectGuid" : "akHw6RzjLmEkqHfgnljeCE",
    "objectName" : "dst_SF_ORDER_brsp",
    "objectType" : "DSS",
    "path" : "/Explore/BRSPD Data Integration Production/Tasks",
    "metadata" : {
      "modelVersion" : {
        "major" : 0,
        "minor" : 0
      },
      "repoInfo" : {
        "repoHandle" : "011AVK0I0000000000CQ"
      },
      "objectRefs" : [ "5jN0vFtFWqZgastMdPAM87", "3K3iEVO1mahlJ46LwZEM6W" ],
      "contextAttributes" : [ {
        "name" : "id",
        "value" : "@1"
      } ],
      "additionalInfo" : {
        "description" : "",
        "contentType" : null,
        "documentState" : "VALID"
      }
    }
  }, {
    "objectGuid" : "8ndg5m6IieleEVyRrsRy4O",
    "objectName" : "Tasks",
    "objectType" : "Folder",
    "path" : "/Explore/BRSPD Data Integration Production",
    "metadata" : {
      "modelVersion" : {
        "major" : 0,
        "minor" : 0
      },
      "repoInfo" : null,
      "objectRefs" : [ ],
      "contextAttributes" : [ ],
      "additionalInfo" : {
        "description" : "",
        "contentType" : null,
        "documentState" : "COMPLETE"
      }
    }
  }, {
    "objectGuid" : "jfhHpOeEGIMbIVZLxjVtwF",
    "objectName" : "m_PPP_Prepaid_Disconnect",
    "objectType" : "DTEMPLATE",
    "path" : "/Explore/BRSPD Cloud Application Integration/HJM",
    "metadata" : {
      "modelVersion" : {
        "major" : 0,
        "minor" : 0
      },
      "repoInfo" : {
        "repoHandle" : "011AVK170000000000JN"
      },
      "objectRefs" : [ "3K3iEVO1mahlJ46LwZEM6W", "hNhoZPSPVSNhOOSBLB1WIH" ],
      "contextAttributes" : [ {
        "name" : "id",
        "value" : "@1"
      } ],
      "additionalInfo" : {
        "description" : "",
        "contentType" : "JSON",
        "documentState" : "VALID"
      }
    }
  }, {
    "objectGuid" : "lUZC8KxOEy4eCFHh4CHTYx",
    "objectName" : "mt_BMOM_Disconnect-Prod",
    "objectType" : "MTT",
    "path" : "/Explore/BRSPD Data Integration Production/Tasks",
    "metadata" : {
      "modelVersion" : {
        "major" : 0,
        "minor" : 0
      },
      "repoInfo" : {
        "repoHandle" : "011AVK0Z0000000000EA"
      },
      "objectRefs" : [ "juyrfO1L7Wvcl7kLQovcq7", "k5Rvl6cRUu0cZHpQTzqXU4", "3K3iEVO1mahlJ46LwZEM6W", "11AJI0rPmPyfD2Q2vE0Ckg", "jinHel1UMkSjgUucmLQwgf" ],
      "contextAttributes" : [ {
        "name" : "id",
        "value" : "@1"
      } ],
      "additionalInfo" : {
        "description" : "",
        "contentType" : null,
        "documentState" : "VALID"
      }
    }
  }, {
    "objectGuid" : "2Wdq5tkludWhGOkRfJP064",
    "objectName" : "wsc_UPDATE_CMS_TEST_BRSPD",
    "objectType" : "Connection",
    "path" : "/SYS",
    "metadata" : {
      "modelVersion" : {
        "major" : 0,
        "minor" : 0
      },
      "repoInfo" : {
        "repoHandle" : "011AVK0B00000000003B"
      },
      "objectRefs" : [ "eQTieebosm9czufAowehU6" ],
      "contextAttributes" : [ {
        "name" : "id",
        "value" : "@1"
      } ],
      "additionalInfo" : {
        "description" : null,
        "contentType" : "JSON",
        "documentState" : "COMPLETE"
      }
    }
  }, {
    "objectGuid" : "50bzpk804wXeeUmey5OLqS",
    "objectName" : "m_ORDER_ACTIVE_BS",
    "objectType" : "DTEMPLATE",
    "path" : "/Explore/BRSPD Cloud Application Integration/HJM",
    "metadata" : {
      "modelVersion" : {
        "major" : 0,
        "minor" : 0
      },
      "repoInfo" : {
        "repoHandle" : "011AVK170000000000JL"
      },
      "objectRefs" : [ "3K3iEVO1mahlJ46LwZEM6W", "hNhoZPSPVSNhOOSBLB1WIH" ],
      "contextAttributes" : [ {
        "name" : "id",
        "value" : "@1"
      } ],
      "additionalInfo" : {
        "description" : "",
        "contentType" : "JSON",
        "documentState" : "INVALID"
      }
    }
  }, {
    "objectGuid" : "23N9FNnl1ockvvd6srB3yF",
    "objectName" : "m_ORDER_ACTIVE_BS",
    "objectType" : "DTEMPLATE",
    "path" : "/Explore/BRSPD Data Integration Production/Mapping",
    "metadata" : {
      "modelVersion" : {
        "major" : 0,
        "minor" : 0
      },
      "repoInfo" : {
        "repoHandle" : "011AVK170000000000LG"
      },
      "objectRefs" : [ "9pNBfNP1UWakQd6Pi8c0kw", "3K3iEVO1mahlJ46LwZEM6W" ],
      "contextAttributes" : [ {
        "name" : "id",
        "value" : "@1"
      } ],
      "additionalInfo" : {
        "description" : "",
        "contentType" : "JSON",
        "documentState" : "INVALID"
      }
    }
  }, {
    "objectGuid" : "11AJI0rPmPyfD2Q2vE0Ckg",
    "objectName" : "m_BMOM_Disconnect",
    "objectType" : "DTEMPLATE",
    "path" : "/Explore/BRSPD Cloud Application Integration/HJM",
    "metadata" : {
      "modelVersion" : {
        "major" : 0,
        "minor" : 0
      },
      "repoInfo" : {
        "repoHandle" : "011AVK170000000000JO"
      },
      "objectRefs" : [ "juyrfO1L7Wvcl7kLQovcq7", "3K3iEVO1mahlJ46LwZEM6W" ],
      "contextAttributes" : [ {
        "name" : "id",
        "value" : "@1"
      } ],
      "additionalInfo" : {
        "description" : "",
        "contentType" : "JSON",
        "documentState" : "VALID"
      }
    }
  }, {
    "objectGuid" : "d8jkikoX8I1dJrXQIq5hGq",
    "objectName" : "m_PPP_Prepaid_Disconnect_BRSPD",
    "objectType" : "DTEMPLATE",
    "path" : "/Explore/BRSPD Data Integration/Mapping",
    "metadata" : {
      "modelVersion" : {
        "major" : 0,
        "minor" : 0
      },
      "repoInfo" : {
        "repoHandle" : "011AVK170000000000KV"
      },
      "objectRefs" : [ "9pNBfNP1UWakQd6Pi8c0kw", "3K3iEVO1mahlJ46LwZEM6W" ],
      "contextAttributes" : [ {
        "name" : "id",
        "value" : "@1"
      } ],
      "additionalInfo" : {
        "description" : "",
        "contentType" : "JSON",
        "documentState" : "VALID"
      }
    }
  }, {
    "objectGuid" : "jinHel1UMkSjgUucmLQwgf",
    "objectName" : "qfiicssaodc02-prod.corp.intranet",
    "objectType" : "AgentGroup",
    "path" : "/SYS",
    "metadata" : {
      "modelVersion" : {
        "major" : 0,
        "minor" : 0
      },
      "repoInfo" : {
        "repoHandle" : "011AVK25000000000004"
      },
      "objectRefs" : [ ],
      "contextAttributes" : [ {
        "name" : "id",
        "value" : "@1"
      } ],
      "additionalInfo" : {
        "description" : null,
        "contentType" : "JSON",
        "documentState" : "VALID"
      }
    }
  }, {
    "objectGuid" : "88mKPD6ZwWxiwwDup1uBU5",
    "objectName" : "Mapping",
    "objectType" : "Folder",
    "path" : "/Explore/BRSPD Data Integration",
    "metadata" : {
      "modelVersion" : {
        "major" : 0,
        "minor" : 0
      },
      "repoInfo" : null,
      "objectRefs" : [ ],
      "contextAttributes" : [ ],
      "additionalInfo" : {
        "description" : "",
        "contentType" : "Binary",
        "documentState" : "COMPLETE"
      }
    }
  }, {
    "objectGuid" : "89ZqfDwry4jbkSztCGeJ4n",
    "objectName" : "Taskflow",
    "objectType" : "Folder",
    "path" : "/Explore/BRSPD Data Integration Production",
    "metadata" : {
      "modelVersion" : {
        "major" : 0,
        "minor" : 0
      },
      "repoInfo" : null,
      "objectRefs" : [ ],
      "contextAttributes" : [ ],
      "additionalInfo" : {
        "description" : "",
        "contentType" : null,
        "documentState" : "COMPLETE"
      }
    }
  }, {
    "objectGuid" : "gCrzU4CFeqRhh3K3iPzIOv",
    "objectName" : "Business Service",
    "objectType" : "Folder",
    "path" : "/Explore/BRSPD Data Integration",
    "metadata" : {
      "modelVersion" : {
        "major" : 0,
        "minor" : 0
      },
      "repoInfo" : null,
      "objectRefs" : [ ],
      "contextAttributes" : [ ],
      "additionalInfo" : {
        "description" : "",
        "contentType" : "Binary",
        "documentState" : "COMPLETE"
      }
    }
  }, {
    "objectGuid" : "juyrfO1L7Wvcl7kLQovcq7",
    "objectName" : "bsc_ P_Disconnect_BMOM_TEST",
    "objectType" : "BSERVICE",
    "path" : "/Explore/LUMEN_DEV/HJM",
    "metadata" : {
      "modelVersion" : {
        "major" : 0,
        "minor" : 0
      },
      "repoInfo" : {
        "repoHandle" : "011AVK2700000000004B"
      },
      "objectRefs" : [ "k5Rvl6cRUu0cZHpQTzqXU4" ],
      "contextAttributes" : [ {
        "name" : "id",
        "value" : "@1"
      }, {
        "name" : "011AVK2800000000004I",
        "value" : "juyrfO1L7Wvcl7kLQovcq7@P_Disconnect_BMOM_TESTOperation"
      } ],
      "additionalInfo" : {
        "description" : "",
        "contentType" : "JSON",
        "documentState" : "VALID"
      }
    }
  }, {
    "objectGuid" : "eQTieebosm9czufAowehU6",
    "objectName" : "qfmig-iics-sa-prod-two",
    "objectType" : "AgentGroup",
    "path" : "/SYS",
    "metadata" : {
      "modelVersion" : {
        "major" : 0,
        "minor" : 0
      },
      "repoInfo" : {
        "repoHandle" : "011AVK25000000000002"
      },
      "objectRefs" : [ ],
      "contextAttributes" : [ {
        "name" : "id",
        "value" : "@1"
      } ],
      "additionalInfo" : {
        "description" : null,
        "contentType" : "JSON",
        "documentState" : "VALID"
      }
    }
  }, {
    "objectGuid" : "488Nv40ENGyi6sozYbF168",
    "objectName" : "m_PPP_Prepaid_Disconnect",
    "objectType" : "DTEMPLATE",
    "path" : "/Explore/BRSPD Data Integration Production/Mapping",
    "metadata" : {
      "modelVersion" : {
        "major" : 0,
        "minor" : 0
      },
      "repoInfo" : {
        "repoHandle" : "011AVK170000000000LH"
      },
      "objectRefs" : [ "lp4ASzpqWOhjOwNipCM9Ar", "3K3iEVO1mahlJ46LwZEM6W" ],
      "contextAttributes" : [ {
        "name" : "id",
        "value" : "@1"
      } ],
      "additionalInfo" : {
        "description" : "",
        "contentType" : "JSON",
        "documentState" : "VALID"
      }
    }
  }, {
    "objectGuid" : "k5Rvl6cRUu0cZHpQTzqXU4",
    "objectName" : "wsc_Disconnect_BMOM_TEST_BRSPD",
    "objectType" : "Connection",
    "path" : "/SYS",
    "metadata" : {
      "modelVersion" : {
        "major" : 0,
        "minor" : 0
      },
      "repoInfo" : {
        "repoHandle" : "011AVK0B00000000003A"
      },
      "objectRefs" : [ "jinHel1UMkSjgUucmLQwgf" ],
      "contextAttributes" : [ {
        "name" : "id",
        "value" : "@1"
      } ],
      "additionalInfo" : {
        "description" : null,
        "contentType" : "JSON",
        "documentState" : "COMPLETE"
      }
    }
  }, {
    "objectGuid" : "3LHwvqIbeyYbEu6BTAdJOA",
    "objectName" : "BRSPD Data Integration Production",
    "objectType" : "Project",
    "path" : "/Explore",
    "metadata" : {
      "modelVersion" : {
        "major" : 0,
        "minor" : 0
      },
      "repoInfo" : null,
      "objectRefs" : [ ],
      "contextAttributes" : [ ],
      "additionalInfo" : {
        "description" : "",
        "contentType" : "Binary",
        "documentState" : "COMPLETE"
      }
    }
  }, {
    "objectGuid" : "6Pgi6vTh0PQlqRVWHtJcup",
    "objectName" : "dst_SF_ORDER_brsp",
    "objectType" : "DSS",
    "path" : "/Explore/BRSPD Cloud Application Integration/HJM",
    "metadata" : {
      "modelVersion" : {
        "major" : 0,
        "minor" : 0
      },
      "repoInfo" : {
        "repoHandle" : "011AVK0I0000000000CJ"
      },
      "objectRefs" : [ "5jN0vFtFWqZgastMdPAM87", "3K3iEVO1mahlJ46LwZEM6W" ],
      "contextAttributes" : [ {
        "name" : "id",
        "value" : "@1"
      } ],
      "additionalInfo" : {
        "description" : "",
        "contentType" : "JSON",
        "documentState" : "VALID"
      }
    }
  }, {
    "objectGuid" : "9pNBfNP1UWakQd6Pi8c0kw",
    "objectName" : "bsc_ P_Disconnect_PPP_Prepaid_TEST_BRSPD",
    "objectType" : "BSERVICE",
    "path" : "/Explore/BRSPD Data Integration/Business Service",
    "metadata" : {
      "modelVersion" : {
        "major" : 0,
        "minor" : 0
      },
      "repoInfo" : {
        "repoHandle" : "011AVK2700000000004M"
      },
      "objectRefs" : [ "2KdG7hNR2wycNwzEVnXgum" ],
      "contextAttributes" : [ {
        "name" : "id",
        "value" : "@1"
      }, {
        "name" : "011AVK2800000000004V",
        "value" : "9pNBfNP1UWakQd6Pi8c0kw@P_Disconnect_PPP_Prepaid_TEST_BRSPDOperation"
      } ],
      "additionalInfo" : {
        "description" : "",
        "contentType" : "JSON",
        "documentState" : "VALID"
      }
    }
  }, {
    "objectGuid" : "2SRQs6gGuUIfVHavAys0Wj",
    "objectName" : "m_ORDER_ACTIVE_brsp",
    "objectType" : "DTEMPLATE",
    "path" : "/Explore/BRSPD Cloud Application Integration/HJM",
    "metadata" : {
      "modelVersion" : {
        "major" : 0,
        "minor" : 0
      },
      "repoInfo" : {
        "repoHandle" : "011AVK170000000000JP"
      },
      "objectRefs" : [ "5P4OKMokx9VjiMmYXJvFiZ", "3K3iEVO1mahlJ46LwZEM6W" ],
      "contextAttributes" : [ {
        "name" : "id",
        "value" : "@1"
      } ],
      "additionalInfo" : {
        "description" : "",
        "contentType" : "JSON",
        "documentState" : "VALID"
      }
    }
  }, {
    "objectGuid" : "4GcQ798h6zelkZQHmmgFUs",
    "objectName" : "LUMEN_DEV",
    "objectType" : "Project",
    "path" : "/Explore",
    "metadata" : {
      "modelVersion" : {
        "major" : 0,
        "minor" : 0
      },
      "repoInfo" : null,
      "objectRefs" : [ ],
      "contextAttributes" : [ ],
      "additionalInfo" : {
        "description" : "For Lumen Development Project",
        "contentType" : "Binary",
        "documentState" : "COMPLETE"
      }
    }
  }, {
    "objectGuid" : "a2vDGFFJ5zIkecoCbzdVQP",
    "objectName" : "BRSPD Data Integration",
    "objectType" : "Project",
    "path" : "/Explore",
    "metadata" : {
      "modelVersion" : {
        "major" : 0,
        "minor" : 0
      },
      "repoInfo" : null,
      "objectRefs" : [ ],
      "contextAttributes" : [ ],
      "additionalInfo" : {
        "description" : "",
        "contentType" : "Binary",
        "documentState" : "COMPLETE"
      }
    }
  }, {
    "objectGuid" : "9d6eyk7d1p5elaebEfO00u",
    "objectName" : "bsc_ P_Disconnect_BMOM_BRSPD-Prod",
    "objectType" : "BSERVICE",
    "path" : "/Explore/BRSPD Data Integration Production/Business Service",
    "metadata" : {
      "modelVersion" : {
        "major" : 0,
        "minor" : 0
      },
      "repoInfo" : {
        "repoHandle" : "011AVK2700000000004S"
      },
      "objectRefs" : [ "k5Rvl6cRUu0cZHpQTzqXU4" ],
      "contextAttributes" : [ {
        "name" : "id",
        "value" : "@1"
      }, {
        "name" : "011AVK28000000000053",
        "value" : "9d6eyk7d1p5elaebEfO00u@P_Disconnect_BMOM_TEST_BRSPDOperation"
      } ],
      "additionalInfo" : {
        "description" : "",
        "contentType" : null,
        "documentState" : "VALID"
      }
    }
  }, {
    "objectGuid" : "0dCkGvxnZf6hSg0avVBFaE",
    "objectName" : "mt_ORDER_ACTIVE_BS",
    "objectType" : "MTT",
    "path" : "/Explore/BRSPD Data Integration Production/Tasks",
    "metadata" : {
      "modelVersion" : {
        "major" : 0,
        "minor" : 0
      },
      "repoInfo" : {
        "repoHandle" : "011AVK0Z0000000000E9"
      },
      "objectRefs" : [ "eQTieebosm9czufAowehU6", "5P4OKMokx9VjiMmYXJvFiZ", "3K3iEVO1mahlJ46LwZEM6W", "2Wdq5tkludWhGOkRfJP064", "50bzpk804wXeeUmey5OLqS" ],
      "contextAttributes" : [ {
        "name" : "id",
        "value" : "@1"
      } ],
      "additionalInfo" : {
        "description" : "",
        "contentType" : null,
        "documentState" : "VALID"
      }
    }
  }, {
    "objectGuid" : "2KdG7hNR2wycNwzEVnXgum",
    "objectName" : "wsc_Disconnect_PPP_Prepaid_TEST_BRSPD",
    "objectType" : "Connection",
    "path" : "/SYS",
    "metadata" : {
      "modelVersion" : {
        "major" : 0,
        "minor" : 0
      },
      "repoInfo" : {
        "repoHandle" : "011AVK0B00000000001S"
      },
      "objectRefs" : [ "eQTieebosm9czufAowehU6" ],
      "contextAttributes" : [ {
        "name" : "id",
        "value" : "@1"
      } ],
      "additionalInfo" : {
        "description" : "c360 biwf  Filter",
        "contentType" : "JSON",
        "documentState" : "COMPLETE"
      }
    }
  }, {
    "objectGuid" : "0IZhwxnH5G9ikiNaRIrIgW",
    "objectName" : "bsc_update_CMS_BRSPD-Prod",
    "objectType" : "BSERVICE",
    "path" : "/Explore/BRSPD Data Integration Production/Business Service",
    "metadata" : {
      "modelVersion" : {
        "major" : 0,
        "minor" : 0
      },
      "repoInfo" : {
        "repoHandle" : "011AVK2700000000004U"
      },
      "objectRefs" : [ "2Wdq5tkludWhGOkRfJP064" ],
      "contextAttributes" : [ {
        "name" : "id",
        "value" : "@1"
      }, {
        "name" : "011AVK28000000000055",
        "value" : "0IZhwxnH5G9ikiNaRIrIgW@P_Update_Customer_Status_Group_BRSPDOperation"
      } ],
      "additionalInfo" : {
        "description" : "",
        "contentType" : null,
        "documentState" : "VALID"
      }
    }
  }, {
    "objectGuid" : "8ncWnAznwe0l2CmOeTheC4",
    "objectName" : "HJM",
    "objectType" : "Folder",
    "path" : "/Explore/LUMEN_DEV",
    "metadata" : {
      "modelVersion" : {
        "major" : 0,
        "minor" : 0
      },
      "repoInfo" : null,
      "objectRefs" : [ ],
      "contextAttributes" : [ ],
      "additionalInfo" : {
        "description" : "",
        "contentType" : "Binary",
        "documentState" : "COMPLETE"
      }
    }
  }, {
    "objectGuid" : "34NdG03P5ZOeKpZxcoks4k",
    "objectName" : "mt_ORDER_ACTIVE_LFACS_NIC",
    "objectType" : "MTT",
    "path" : "/Explore/BRSPD Cloud Application Integration/HJM",
    "metadata" : {
      "modelVersion" : {
        "major" : 0,
        "minor" : 0
      },
      "repoInfo" : {
        "repoHandle" : "011AVK0Z0000000000DC"
      },
      "objectRefs" : [ "eQTieebosm9czufAowehU6", "5P4OKMokx9VjiMmYXJvFiZ", "3K3iEVO1mahlJ46LwZEM6W", "2SRQs6gGuUIfVHavAys0Wj", "2Wdq5tkludWhGOkRfJP064" ],
      "contextAttributes" : [ {
        "name" : "id",
        "value" : "@1"
      } ],
      "additionalInfo" : {
        "description" : "",
        "contentType" : "JSON",
        "documentState" : "VALID"
      }
    }
  }, {
    "objectGuid" : "3K3iEVO1mahlJ46LwZEM6W",
    "objectName" : "MySQL-LumenStagingDB-Prod",
    "objectType" : "Connection",
    "path" : "/SYS",
    "metadata" : {
      "modelVersion" : {
        "major" : 0,
        "minor" : 0
      },
      "repoInfo" : {
        "repoHandle" : "011AVK0B000000000002"
      },
      "objectRefs" : [ "eQTieebosm9czufAowehU6" ],
      "contextAttributes" : [ {
        "name" : "id",
        "value" : "@1"
      } ],
      "additionalInfo" : {
        "description" : "GCP Prod MySQL",
        "contentType" : "JSON",
        "documentState" : "COMPLETE"
      }
    }
  }, {
    "objectGuid" : "4ecTYH3dP9PbT8Iskyn7eP",
    "objectName" : "tf_ORDER_ACTIVE",
    "objectType" : "TASKFLOW",
    "path" : "/Explore/BRSPD Data Integration Production/Taskflow",
    "metadata" : {
      "modelVersion" : {
        "major" : 1,
        "minor" : 0
      },
      "repoInfo" : {
        "repoHandle" : "0oZBJRvDINciZBp-gt-6157343-2022-08-04T05:24:55.996Z::tf.xml"
      },
      "objectRefs" : [ "94bwTuc5WCYk8k64zrUuYv", "6Pgi6vTh0PQlqRVWHtJcup", "34NdG03P5ZOeKpZxcoks4k" ],
      "contextAttributes" : null,
      "additionalInfo" : {
        "description" : "",
        "contentType" : null,
        "documentState" : "VALID"
      }
    }
  }, {
    "objectGuid" : "hNhoZPSPVSNhOOSBLB1WIH",
    "objectName" : "bsc_ P_Disconnect_PPP_Prepaid_TEST",
    "objectType" : "BSERVICE",
    "path" : "/Explore/LUMEN_DEV/HJM",
    "metadata" : {
      "modelVersion" : {
        "major" : 0,
        "minor" : 0
      },
      "repoInfo" : {
        "repoHandle" : "011AVK2700000000004C"
      },
      "objectRefs" : [ "2KdG7hNR2wycNwzEVnXgum" ],
      "contextAttributes" : [ {
        "name" : "id",
        "value" : "@1"
      }, {
        "name" : "011AVK2800000000004J",
        "value" : "hNhoZPSPVSNhOOSBLB1WIH@P_Disconnect_PPP_Prepaid_TESTOperation"
      } ],
      "additionalInfo" : {
        "description" : "",
        "contentType" : "JSON",
        "documentState" : "VALID"
      }
    }
  }, {
    "objectGuid" : "1rsiFuW31O8f4pf3eE8nCm",
    "objectName" : "m_BMOM_Disconnect-Prod",
    "objectType" : "DTEMPLATE",
    "path" : "/Explore/BRSPD Data Integration Production/Mapping",
    "metadata" : {
      "modelVersion" : {
        "major" : 0,
        "minor" : 0
      },
      "repoInfo" : {
        "repoHandle" : "011AVK170000000000LF"
      },
      "objectRefs" : [ "3K3iEVO1mahlJ46LwZEM6W", "9d6eyk7d1p5elaebEfO00u" ],
      "contextAttributes" : [ {
        "name" : "id",
        "value" : "@1"
      } ],
      "additionalInfo" : {
        "description" : "",
        "contentType" : "JSON",
        "documentState" : "VALID"
      }
    }
  }, {
    "objectGuid" : "90jk1pdE40Sc3QDxv3dcwV",
    "objectName" : "Business Service",
    "objectType" : "Folder",
    "path" : "/Explore/BRSPD Data Integration Production",
    "metadata" : {
      "modelVersion" : {
        "major" : 0,
        "minor" : 0
      },
      "repoInfo" : null,
      "objectRefs" : [ ],
      "contextAttributes" : [ ],
      "additionalInfo" : {
        "description" : "",
        "contentType" : null,
        "documentState" : "COMPLETE"
      }
    }
  }, {
    "objectGuid" : "7PEf3pvtNqXhAYOR3KwkSC",
    "objectName" : "Components",
    "objectType" : "Folder",
    "path" : "/Explore/BRSPD Data Integration Production",
    "metadata" : {
      "modelVersion" : {
        "major" : 0,
        "minor" : 0
      },
      "repoInfo" : null,
      "objectRefs" : [ ],
      "contextAttributes" : [ ],
      "additionalInfo" : {
        "description" : "",
        "contentType" : null,
        "documentState" : "COMPLETE"
      }
    }
  } ]
}