<aetgt:getResponse xmlns:aetgt="http://schemas.active-endpoints.com/appmodules/repository/2010/10/avrepository.xsd"
                   xmlns:types1="http://schemas.active-endpoints.com/appmodules/repository/2010/10/avrepository.xsd">
   <types1:Item>
      <types1:EntryId>0oZBJRvDINciZBp-gt-6157343-2022-08-04T05:24:55.996Z::tf.xml</types1:EntryId>
      <types1:Name>tf_ORDER_ACTIVE_BRSPD_Prod</types1:Name>
      <types1:MimeType>application/xml+taskflow</types1:MimeType>
      <types1:Description/>
      <types1:AppliesTo/>
      <types1:Tags/>
      <types1:VersionLabel>1.0</types1:VersionLabel>
      <types1:State>CURRENT</types1:State>
      <types1:ProcessGroup/>
      <types1:CreatedBy>AD15100_PRD</types1:CreatedBy>
      <types1:CreationDate>2022-08-04T05:24:56Z</types1:CreationDate>
      <types1:ModifiedBy>AD15100_PRD</types1:ModifiedBy>
      <types1:ModificationDate>2022-09-13T07:43:30Z</types1:ModificationDate>
      <types1:PublicationStatus>unpublished</types1:PublicationStatus>
      <types1:AutosaveExists>false</types1:AutosaveExists>
      <types1:Entry>
         <taskflow xmlns="http://schemas.active-endpoints.com/appmodules/screenflow/2010/10/avosScreenflow.xsd"
                   xmlns:tfm="http://schemas.active-endpoints.com/appmodules/screenflow/2021/04/taskflowModel.xsd"
                   xmlns:list="urn:activevos:spi:list:functions"
                   displayName="tf_ORDER_ACTIVE_BRSPD_Prod"
                   name="tf_ORDER_ACTIVE_BRSPD_Prod"
                   overrideAPIName="false">
            <parameterSet xmlns="http://schemas.active-endpoints.com/appmodules/screenflow/2021/04/taskflowModel.xsd"/>
            <appliesTo/>
            <description/>
            <tags/>
            <generator>Informatica Process Designer 11</generator>
            <tempFields>
               <field description=""
                      name="mt_PPP_Prepaid_Disconnect_BRSPD_Prod"
                      type="reference">
                  <options>
                     <option name="failOnNotRun">false</option>
                     <option name="failOnFault">false</option>
                     <option name="referenceTo">$po:mt-PPP-Prepaid-Disconnect-BRSPD-Prod</option>
                  </options>
               </field>
               <field description="" name="mt_ORDER_ACTIVE_BSRSP_Prod" type="reference">
                  <options>
                     <option name="failOnNotRun">false</option>
                     <option name="failOnFault">false</option>
                     <option name="referenceTo">$po:mt-ORDER-ACTIVE-BSRSP-Prod</option>
                  </options>
               </field>
               <field description="" name="dst_SF_ORDER_brsp" type="reference">
                  <options>
                     <option name="failOnNotRun">false</option>
                     <option name="failOnFault">false</option>
                     <option name="referenceTo">$po:dst-SF-ORDER-BRSPD</option>
                  </options>
               </field>
            </tempFields>
            <notes/>
            <deployment suspendOnFault="false" tracingLevel="verbose">
               <rest/>
            </deployment>
            <flow id="a">
               <start id="b">
                  <link id="l3o30gxz" targetId="l3o30gy4"/>
               </start>
               <eventContainer id="l3o30gy4">
                  <service id="l3o30gxy">
                     <title>dst_SF_ORDER_brsp</title>
                     <serviceName>ICSExecuteDataTask</serviceName>
                     <serviceGUID/>
                     <serviceInput>
                        <parameter name="Wait for Task to Complete" source="constant" updatable="true">true</parameter>
                        <parameter name="Max Wait" source="constant" updatable="true">604800</parameter>
                        <parameter name="Task Name" source="constant" updatable="true">dst_SF_ORDER_BRSPD</parameter>
                        <parameter name="GUID" source="constant" updatable="true">1LR5jzK3vpWcFvFVkf56gC</parameter>
                        <parameter name="Task Type" source="constant" updatable="true">SAAS_DSS</parameter>
                        <parameter name="Has Inout Parameters" source="constant" updatable="true">false</parameter>
                        <parameter name="taskField" source="nested">
                           <operation source="field" to="dst-SF-ORDER-BRSPD">temp.dst_SF_ORDER_brsp</operation>
                        </parameter>
                     </serviceInput>
                     <serviceOutput>
                        <operation source="field" to="temp.dst_SF_ORDER_brsp/output/Object_Name">Object Name</operation>
                        <operation source="field" to="temp.dst_SF_ORDER_brsp/output/Run_Id">Run Id</operation>
                        <operation source="field" to="temp.dst_SF_ORDER_brsp/output/Log_Id">Log Id</operation>
                        <operation source="field" to="temp.dst_SF_ORDER_brsp/output/Task_Id">Task Id</operation>
                        <operation source="field" to="temp.dst_SF_ORDER_brsp/output/Task_Status">Task Status</operation>
                        <operation source="field" to="temp.dst_SF_ORDER_brsp/output/Success_Source_Rows">Success Source Rows</operation>
                        <operation source="field" to="temp.dst_SF_ORDER_brsp/output/Failed_Source_Rows">Failed Source Rows</operation>
                        <operation source="field" to="temp.dst_SF_ORDER_brsp/output/Success_Target_Rows">Success Target Rows</operation>
                        <operation source="field" to="temp.dst_SF_ORDER_brsp/output/Failed_Target_Rows">Failed Target Rows</operation>
                        <operation source="field" to="temp.dst_SF_ORDER_brsp/output/Start_Time">Start Time</operation>
                        <operation source="field" to="temp.dst_SF_ORDER_brsp/output/End_Time">End Time</operation>
                        <operation source="field" to="temp.dst_SF_ORDER_brsp/output/Error_Message">Error Message</operation>
                        <operation source="field" to="temp.dst_SF_ORDER_brsp/output/TotalTransErrors">Total Transformation Errors</operation>
                        <operation source="field" to="temp.dst_SF_ORDER_brsp/output/FirstErrorCode">First Error Code</operation>
                     </serviceOutput>
                  </service>
                  <link id="l3o30gy0" targetId="l3o30gz3"/>
                  <events>
                     <catch faultField="temp.dst_SF_ORDER_brsp/fault"
                            id="l3o30gy2"
                            interrupting="true"
                            name="error">
                        <suspend/>
                     </catch>
                     <catch faultField="temp.dst_SF_ORDER_brsp/fault"
                            id="l3o30gy3"
                            interrupting="true"
                            name="warning"/>
                  </events>
               </eventContainer>
               <eventContainer id="l3o30gz3">
                  <service id="l3o30gxs">
                     <title>mt_ORDER_ACTIVE_BSRSP_Prod</title>
                     <serviceName>ICSExecuteDataTask</serviceName>
                     <serviceGUID/>
                     <serviceInput>
                        <parameter name="Wait for Task to Complete" source="constant" updatable="true">true</parameter>
                        <parameter name="Max Wait" source="constant" updatable="true">604800</parameter>
                        <parameter name="Task Name" source="constant" updatable="true">mt_ORDER_ACTIVE_BSRSP_Prod</parameter>
                        <parameter name="GUID" source="constant" updatable="true">06aATwOeY5SgjygmPuq1eR</parameter>
                        <parameter name="Task Type" source="constant" updatable="true">MCT</parameter>
                        <parameter name="Has Inout Parameters" source="constant" updatable="true">false</parameter>
                        <parameter name="taskField" source="nested">
                           <operation source="field" to="mt-ORDER-ACTIVE-BSRSP-Prod">temp.mt_ORDER_ACTIVE_BSRSP_Prod</operation>
                        </parameter>
                     </serviceInput>
                     <serviceOutput>
                        <operation source="field" to="temp.mt_ORDER_ACTIVE_BSRSP_Prod/output/Object_Name">Object Name</operation>
                        <operation source="field" to="temp.mt_ORDER_ACTIVE_BSRSP_Prod/output/Run_Id">Run Id</operation>
                        <operation source="field" to="temp.mt_ORDER_ACTIVE_BSRSP_Prod/output/Log_Id">Log Id</operation>
                        <operation source="field" to="temp.mt_ORDER_ACTIVE_BSRSP_Prod/output/Task_Id">Task Id</operation>
                        <operation source="field" to="temp.mt_ORDER_ACTIVE_BSRSP_Prod/output/Task_Status">Task Status</operation>
                        <operation source="field"
                                   to="temp.mt_ORDER_ACTIVE_BSRSP_Prod/output/Success_Source_Rows">Success Source Rows</operation>
                        <operation source="field"
                                   to="temp.mt_ORDER_ACTIVE_BSRSP_Prod/output/Failed_Source_Rows">Failed Source Rows</operation>
                        <operation source="field"
                                   to="temp.mt_ORDER_ACTIVE_BSRSP_Prod/output/Success_Target_Rows">Success Target Rows</operation>
                        <operation source="field"
                                   to="temp.mt_ORDER_ACTIVE_BSRSP_Prod/output/Failed_Target_Rows">Failed Target Rows</operation>
                        <operation source="field" to="temp.mt_ORDER_ACTIVE_BSRSP_Prod/output/Start_Time">Start Time</operation>
                        <operation source="field" to="temp.mt_ORDER_ACTIVE_BSRSP_Prod/output/End_Time">End Time</operation>
                        <operation source="field"
                                   to="temp.mt_ORDER_ACTIVE_BSRSP_Prod/output/Error_Message">Error Message</operation>
                        <operation source="field"
                                   to="temp.mt_ORDER_ACTIVE_BSRSP_Prod/output/TotalTransErrors">Total Transformation Errors</operation>
                        <operation source="field"
                                   to="temp.mt_ORDER_ACTIVE_BSRSP_Prod/output/FirstErrorCode">First Error Code</operation>
                     </serviceOutput>
                  </service>
                  <link id="l3o30hat" targetId="l3o30gwl"/>
                  <events>
                     <catch faultField="temp.mt_ORDER_ACTIVE_BSRSP_Prod/fault"
                            id="l3o30gz1"
                            interrupting="true"
                            name="error">
                        <suspend/>
                     </catch>
                     <catch faultField="temp.mt_ORDER_ACTIVE_BSRSP_Prod/fault"
                            id="l3o30gz2"
                            interrupting="true"
                            name="warning"/>
                  </events>
               </eventContainer>
               <eventContainer id="l3o30gwl">
                  <service id="l3o30gvy">
                     <title>mt_PPP_Prepaid_Disconnect_BRSPD_Prod</title>
                     <serviceName>ICSExecuteDataTask</serviceName>
                     <serviceGUID/>
                     <serviceInput>
                        <parameter name="Wait for Task to Complete" source="constant" updatable="true">true</parameter>
                        <parameter name="Max Wait" source="constant" updatable="true">604800</parameter>
                        <parameter name="Task Name" source="constant" updatable="true">mt_PPP_Prepaid_Disconnect_BRSPD_Prod</parameter>
                        <parameter name="GUID" source="constant" updatable="true">gKnCuTf7SCPdQ8aCcY55oa</parameter>
                        <parameter name="Task Type" source="constant" updatable="true">MCT</parameter>
                        <parameter name="Has Inout Parameters" source="constant" updatable="true">false</parameter>
                        <parameter name="taskField" source="nested">
                           <operation source="field" to="mt-PPP-Prepaid-Disconnect-BRSPD-Prod">temp.mt_PPP_Prepaid_Disconnect_BRSPD_Prod</operation>
                        </parameter>
                     </serviceInput>
                     <serviceOutput>
                        <operation source="field"
                                   to="temp.mt_PPP_Prepaid_Disconnect_BRSPD_Prod/output/Object_Name">Object Name</operation>
                        <operation source="field"
                                   to="temp.mt_PPP_Prepaid_Disconnect_BRSPD_Prod/output/Run_Id">Run Id</operation>
                        <operation source="field"
                                   to="temp.mt_PPP_Prepaid_Disconnect_BRSPD_Prod/output/Log_Id">Log Id</operation>
                        <operation source="field"
                                   to="temp.mt_PPP_Prepaid_Disconnect_BRSPD_Prod/output/Task_Id">Task Id</operation>
                        <operation source="field"
                                   to="temp.mt_PPP_Prepaid_Disconnect_BRSPD_Prod/output/Task_Status">Task Status</operation>
                        <operation source="field"
                                   to="temp.mt_PPP_Prepaid_Disconnect_BRSPD_Prod/output/Success_Source_Rows">Success Source Rows</operation>
                        <operation source="field"
                                   to="temp.mt_PPP_Prepaid_Disconnect_BRSPD_Prod/output/Failed_Source_Rows">Failed Source Rows</operation>
                        <operation source="field"
                                   to="temp.mt_PPP_Prepaid_Disconnect_BRSPD_Prod/output/Success_Target_Rows">Success Target Rows</operation>
                        <operation source="field"
                                   to="temp.mt_PPP_Prepaid_Disconnect_BRSPD_Prod/output/Failed_Target_Rows">Failed Target Rows</operation>
                        <operation source="field"
                                   to="temp.mt_PPP_Prepaid_Disconnect_BRSPD_Prod/output/Start_Time">Start Time</operation>
                        <operation source="field"
                                   to="temp.mt_PPP_Prepaid_Disconnect_BRSPD_Prod/output/End_Time">End Time</operation>
                        <operation source="field"
                                   to="temp.mt_PPP_Prepaid_Disconnect_BRSPD_Prod/output/Error_Message">Error Message</operation>
                        <operation source="field"
                                   to="temp.mt_PPP_Prepaid_Disconnect_BRSPD_Prod/output/TotalTransErrors">Total Transformation Errors</operation>
                        <operation source="field"
                                   to="temp.mt_PPP_Prepaid_Disconnect_BRSPD_Prod/output/FirstErrorCode">First Error Code</operation>
                     </serviceOutput>
                  </service>
                  <link id="l3o30gw0" targetId="c"/>
                  <events>
                     <catch faultField="temp.mt_PPP_Prepaid_Disconnect_BRSPD_Prod/fault"
                            id="l3o30gwj"
                            interrupting="true"
                            name="error">
                        <suspend/>
                     </catch>
                     <catch faultField="temp.mt_PPP_Prepaid_Disconnect_BRSPD_Prod/fault"
                            id="l3o30gwk"
                            interrupting="true"
                            name="warning"/>
                  </events>
               </eventContainer>
               <end id="c"/>
            </flow>
            <dependencies>
               <processObject xmlns="http://schemas.active-endpoints.com/appmodules/screenflow/2011/06/avosHostEnvironment.xsd"
                              displayName="mt-PPP-Prepaid-Disconnect-BRSPD-Prod"
                              isByCopy="true"
                              name="mt-PPP-Prepaid-Disconnect-BRSPD-Prod">
                  <description/>
                  <tags/>
                  <detail>
                     <field label="TaskProperties Parameters"
                            name="taskProperties"
                            nullable="true"
                            required="false"
                            type="reference"/>
                     <field label="Output Parameters"
                            name="output"
                            nullable="true"
                            required="false"
                            type="reference"/>
                     <field label="Fault"
                            name="fault"
                            nullable="true"
                            required="false"
                            type="reference"/>
                  </detail>
               </processObject>
               <processObject xmlns="http://schemas.active-endpoints.com/appmodules/screenflow/2011/06/avosHostEnvironment.xsd"
                              displayName="mt-ORDER-ACTIVE-BSRSP-Prod"
                              isByCopy="true"
                              name="mt-ORDER-ACTIVE-BSRSP-Prod">
                  <description/>
                  <tags/>
                  <detail>
                     <field label="TaskProperties Parameters"
                            name="taskProperties"
                            nullable="true"
                            required="false"
                            type="reference"/>
                     <field label="Output Parameters"
                            name="output"
                            nullable="true"
                            required="false"
                            type="reference"/>
                     <field label="Fault"
                            name="fault"
                            nullable="true"
                            required="false"
                            type="reference"/>
                  </detail>
               </processObject>
               <processObject xmlns="http://schemas.active-endpoints.com/appmodules/screenflow/2011/06/avosHostEnvironment.xsd"
                              displayName="dst-SF-ORDER-BRSPD"
                              isByCopy="true"
                              name="dst-SF-ORDER-BRSPD">
                  <description/>
                  <tags/>
                  <detail>
                     <field label="Output Parameters"
                            name="output"
                            nullable="true"
                            required="false"
                            type="reference"/>
                     <field label="Fault"
                            name="fault"
                            nullable="true"
                            required="false"
                            type="reference"/>
                  </detail>
               </processObject>
            </dependencies>
         </taskflow>
      </types1:Entry>
      <types1:GUID>4ecTYH3dP9PbT8Iskyn7eP</types1:GUID>
      <types1:DisplayName>tf_ORDER_ACTIVE_BRSPD_Prod</types1:DisplayName>
   </types1:Item>
   <types1:CurrentServerDateTime>2023-02-06T04:24:36.084Z</types1:CurrentServerDateTime>
</aetgt:getResponse>
