<aetgt:getResponse xmlns:aetgt="http://schemas.active-endpoints.com/appmodules/repository/2010/10/avrepository.xsd"
                   xmlns:types1="http://schemas.active-endpoints.com/appmodules/repository/2010/10/avrepository.xsd">
   <types1:Item>
      <types1:EntryId>VsKKkhEuHWvJ4rs-gt-131414-2022-08-02T20:51:38.763Z::po.xml</types1:EntryId>
      <types1:Name>PO-Error-Message-BRSPD</types1:Name>
      <types1:ParentFlowIds>Cs4MAreFRqXpIW7-gt-228620-2022-08-09T05:52:39.461Z::pd.xml,m7O2htghGZ5i4rs-gt-113374-2022-08-02T20:49:51.198Z::pd.xml,UhuCMLkZlkZ2sBs-gt-15473-2022-07-06T02:43:31.742Z::pd.xml</types1:ParentFlowIds>
      <types1:MimeType>application/xml+processobject</types1:MimeType>
      <types1:Description>Structure for Error Message Response</types1:Description>
      <types1:AppliesTo/>
      <types1:Tags/>
      <types1:VersionLabel>1.0</types1:VersionLabel>
      <types1:State>CURRENT</types1:State>
      <types1:ProcessGroup/>
      <types1:CreatedBy>AD15100_PRD</types1:CreatedBy>
      <types1:CreationDate>2022-08-02T20:51:39Z</types1:CreationDate>
      <types1:ModifiedBy>AD15100_PRD</types1:ModifiedBy>
      <types1:ModificationDate>2022-08-02T20:52:56Z</types1:ModificationDate>
      <types1:PublicationStatus>unpublished</types1:PublicationStatus>
      <types1:AutosaveExists>false</types1:AutosaveExists>
      <types1:Entry>
         <processObject xmlns="http://schemas.active-endpoints.com/appmodules/screenflow/2011/06/avosHostEnvironment.xsd"
                        displayName="PO-Error-Message-BRSPD"
                        isByCopy="true"
                        name="PO-Error-Message-BRSPD">
            <description>Structure for Error Message Response</description>
            <tags/>
            <detail>
               <field label="Code"
                      name="Code"
                      nullable="true"
                      required="false"
                      type="string"/>
               <field label="Reason"
                      name="Reason"
                      nullable="true"
                      required="false"
                      type="string"/>
               <field label="Detail"
                      name="Detail"
                      nullable="true"
                      required="false"
                      type="string"/>
            </detail>
         </processObject>
      </types1:Entry>
      <types1:GUID>a0wFUxNfoZjeYASJFhvBO1</types1:GUID>
      <types1:DisplayName>PO-Error-Message-BRSPD</types1:DisplayName>
   </types1:Item>
   <types1:CurrentServerDateTime>2022-09-09T10:44:37.357Z</types1:CurrentServerDateTime>
</aetgt:getResponse>
