<aetgt:getResponse xmlns:aetgt="http://schemas.active-endpoints.com/appmodules/repository/2010/10/avrepository.xsd"
                   xmlns:types1="http://schemas.active-endpoints.com/appmodules/repository/2010/10/avrepository.xsd">
   <types1:Item>
      <types1:EntryId>VB4EFpr1Iw8jIw8-gt-90990-2022-08-01T02:54:28.764Z::conn.xml</types1:EntryId>
      <types1:Name>AC-OAuth-Access-Token-Prod-BRSPD</types1:Name>
      <types1:MimeType>application/xml+connection</types1:MimeType>
      <types1:Description>Application Connection for Oauth Token</types1:Description>
      <types1:AppliesTo/>
      <types1:Tags/>
      <types1:VersionLabel>1.0</types1:VersionLabel>
      <types1:State>CURRENT</types1:State>
      <types1:ProcessGroup/>
      <types1:CreatedBy>AC83336_PRD</types1:CreatedBy>
      <types1:CreationDate>2022-08-01T02:54:29Z</types1:CreationDate>
      <types1:ModifiedBy>AD15119_PRD</types1:ModifiedBy>
      <types1:ModificationDate>2022-08-01T08:33:50Z</types1:ModificationDate>
      <types1:PublicationStatus>published</types1:PublicationStatus>
      <types1:PublishedBy>AD15119_PRD</types1:PublishedBy>
      <types1:PublicationDate>2022-08-01T08:34:11Z</types1:PublicationDate>
      <types1:PublishedContributionId>project:/rt.connection/AC-OAuth-Access-Token-Prod-BRSPD/AC-OAuth-Access-Token-Prod-BRSPD.conn.xml</types1:PublishedContributionId>
      <types1:AutosaveExists>false</types1:AutosaveExists>
      <types1:Entry>
         <connection xmlns="http://schemas.informatica.com/socrates/data-services/2014/04/avosConnections.xsd"
                     displayName="AC-OAuth-Access-Token-Prod-BRSPD"
                     label="AC-OAuth-Access-Token-Prod-BRSPD"
                     name="AC-OAuth-Access-Token-Prod-BRSPD">
            <description>Application Connection for Oauth Token</description>
            <tags/>
            <agent/>
            <attributes>
               <attribute encrypted="false"
                          name="hostName"
                          value="centurylink-prod.apigee.net"/>
            </attributes>
            <businessConnector xmlns="http://schemas.informatica.com/appmodules/screenflow/2014/04/avosConnectors.xsd"
                               agentOnly="false"
                               connectorPath="project:/rt.connector/SC_Oauth_Access_Token_Prod_BRSPD/SC_Oauth_Access_Token_Prod_BRSPD_svcDef.xml"
                               guid="iYkoQb8y9gYcEkboYwVXml"
                               name="SC_Oauth_Access_Token_Prod_BRSPD"
                               supportsConnectionTest="false"
                               uuid="793f3bd4-731e-4a9e-94b4-c33d77d1bd1d">
               <description>This service connector generates access_token for IICS and Polygon API</description>
            </businessConnector>
         </connection>
      </types1:Entry>
      <types1:GUID>4z6JCPypHymf6EWcESZgQu</types1:GUID>
      <types1:DisplayName>AC-OAuth-Access-Token-Prod-BRSPD</types1:DisplayName>
   </types1:Item>
   <types1:CurrentServerDateTime>2023-01-27T08:37:27.765Z</types1:CurrentServerDateTime>
</aetgt:getResponse>
