<aetgt:getResponse xmlns:aetgt="http://schemas.active-endpoints.com/appmodules/repository/2010/10/avrepository.xsd"
                   xmlns:types1="http://schemas.active-endpoints.com/appmodules/repository/2010/10/avrepository.xsd">
   <types1:Item>
      <types1:EntryId>uSOlA1vyoY2G7Qn-gt-91120-2022-08-01T02:54:39.327Z::pd.xml</types1:EntryId>
      <types1:Name>get1</types1:Name>
      <types1:MimeType>application/xml+process</types1:MimeType>
      <types1:Description/>
      <types1:AppliesTo/>
      <types1:Tags>.anonymous</types1:Tags>
      <types1:VersionLabel>1.0</types1:VersionLabel>
      <types1:State>CURRENT</types1:State>
      <types1:ProcessGroup/>
      <types1:CreatedBy>AC83336_PRD</types1:CreatedBy>
      <types1:CreationDate>2022-08-01T02:54:39Z</types1:CreationDate>
      <types1:ModifiedBy/>
      <types1:PublicationStatus>unpublished</types1:PublicationStatus>
      <types1:AutosaveExists>false</types1:AutosaveExists>
      <types1:Entry>
         <process xmlns="http://schemas.active-endpoints.com/appmodules/screenflow/2010/10/avosScreenflow.xsd"
                  xmlns:tfm="http://schemas.active-endpoints.com/appmodules/screenflow/2021/04/taskflowModel.xsd"
                  xmlns:list="urn:activevos:spi:list:functions"
                  displayName="get1"
                  name="get1"
                  overrideAPIName="false">
            <parameterSet xmlns="http://schemas.active-endpoints.com/appmodules/screenflow/2021/04/taskflowModel.xsd"/>
            <appliesTo/>
            <description/>
            <tags>.anonymous</tags>
            <generator>Informatica Process Designer 11</generator>
            <input>
               <parameter description=""
                          name="Billing Account"
                          required="true"
                          type="string">
                  <options>
                     <option name="required">false</option>
                  </options>
               </parameter>
            </input>
            <output>
               <field description="" name="output_get_api" type="reference">
                  <options>
                     <option name="referenceTo">AppConnBRSPD-DEV:Order</option>
                     <option name="required">false</option>
                     <option name="guid">98V5NbVMga5kcomGtGx42f</option>
                  </options>
               </field>
               <field description="" name="output_po" type="reference">
                  <options>
                     <option name="referenceTo">$po:PObrsp1</option>
                     <option name="required">false</option>
                     <option name="isCopy">true</option>
                     <option name="guid">k0SpDnits4whb2dfBL6Tiz</option>
                  </options>
               </field>
            </output>
            <notes/>
            <deployment suspendOnFault="false" tracingLevel="none">
               <rest>
                  <allowAnonymousAccess/>
               </rest>
            </deployment>
            <flow id="a">
               <start id="b">
                  <link id="kyanbtr4" targetId="kyanbtr3"/>
               </start>
               <assignment id="kyanbtr3">
                  <title>get_api</title>
                  <operation source="query" to="output.output_get_api">
                     <query advanceQuery="false" from="AppConnBRSPD-DEV:Order">
                        <where>Billing Account = '{$input.Zuora__CustomerAccount__c}'</where>
                     </query>
                  </operation>
                  <link id="l3axahd0" targetId="kyanbtry"/>
               </assignment>
               <assignment id="kyanbtry">
                  <title>output</title>
                  <operation source="field" to="output.output_po[1]/Contact_Name__c">output.output_get_api.Contact_Name__c</operation>
                  <operation source="field" to="output.output_po[1]/Zuora__CustomerAccount__c">output.output_get_api.vlocity_cmt__DefaultBillingAccountId__c</operation>
                  <link id="kyanbts0" targetId="c"/>
               </assignment>
               <end id="c"/>
            </flow>
         </process>
         <ns1:sample-data-sets xmlns:ns1="http://schemas.active-endpoints.com/appmodules/repository/2010/10/sampleData.xsd">
            <ns1:SampleData>
               <ns1:Id>f9a0e15c-c785-47c9-9086-476c0553d0da</ns1:Id>
               <ns1:Name>Test</ns1:Name>
               <ns1:CreatedBy>AC83336_PRD</ns1:CreatedBy>
               <ns1:CreationDate>2022-08-01T02:54:39Z</ns1:CreationDate>
               <ns1:ModifiedBy>AC83336_PRD</ns1:ModifiedBy>
               <ns1:ModifiedDate>2022-08-01T02:54:39Z</ns1:ModifiedDate>
               <ns1:Data format="json">{
	 "Order_Number": "1"	
}</ns1:Data>
            </ns1:SampleData>
         </ns1:sample-data-sets>
      </types1:Entry>
      <types1:GUID>6plS0DSFhYXcvmJkelyUQt</types1:GUID>
      <types1:DisplayName>get1</types1:DisplayName>
   </types1:Item>
   <types1:CurrentServerDateTime>2022-09-09T10:44:39.061Z</types1:CurrentServerDateTime>
</aetgt:getResponse>
