<aetgt:getResponse xmlns:aetgt="http://schemas.active-endpoints.com/appmodules/repository/2010/10/avrepository.xsd"
                   xmlns:types1="http://schemas.active-endpoints.com/appmodules/repository/2010/10/avrepository.xsd">
   <types1:Item>
      <types1:EntryId>H2bfZk9EW4ARW8U-gt-89776-2022-08-01T02:54:41.546Z::pd.xml</types1:EntryId>
      <types1:Name>P_Post_Order-v1</types1:Name>
      <types1:MimeType>application/xml+process</types1:MimeType>
      <types1:Description/>
      <types1:AppliesTo/>
      <types1:Tags/>
      <types1:VersionLabel>1.0</types1:VersionLabel>
      <types1:State>CURRENT</types1:State>
      <types1:ProcessGroup/>
      <types1:CreatedBy>AC83336_PRD</types1:CreatedBy>
      <types1:CreationDate>2022-08-01T02:54:42Z</types1:CreationDate>
      <types1:ModifiedBy/>
      <types1:PublicationStatus>unpublished</types1:PublicationStatus>
      <types1:AutosaveExists>false</types1:AutosaveExists>
      <types1:Entry>
         <process xmlns="http://schemas.active-endpoints.com/appmodules/screenflow/2010/10/avosScreenflow.xsd"
                  xmlns:tfm="http://schemas.active-endpoints.com/appmodules/screenflow/2021/04/taskflowModel.xsd"
                  xmlns:list="urn:activevos:spi:list:functions"
                  displayName="P_Post_Order-v1"
                  name="P_Post_Order-v1"
                  overrideAPIName="false">
            <parameterSet xmlns="http://schemas.active-endpoints.com/appmodules/screenflow/2021/04/taskflowModel.xsd"/>
            <appliesTo/>
            <description/>
            <tags/>
            <generator>Informatica Process Designer 11</generator>
            <input>
               <parameter description="" name="input" type="reference">
                  <options>
                     <option name="referenceTo">$po:PO-GET-ORDER-v1</option>
                     <option name="required">false</option>
                     <option name="isCopy">true</option>
                     <option name="guid">0aQQOmdKCNKjdnjFQ0kksp</option>
                  </options>
               </parameter>
            </input>
            <output>
               <field description="" name="out_get_api" type="reference">
                  <options>
                     <option name="referenceTo">$po:PO-GET-ORDER-v1</option>
                     <option name="required">false</option>
                     <option name="isCopy">true</option>
                     <option name="guid">0aQQOmdKCNKjdnjFQ0kksp</option>
                  </options>
               </field>
            </output>
            <tempFields>
               <field description="" name="output" type="reference">
                  <options>
                     <option name="referenceTo">AppConnBRSPD-DEV:Order</option>
                     <option name="required">false</option>
                     <option name="guid">98V5NbVMga5kcomGtGx42f</option>
                  </options>
               </field>
            </tempFields>
            <notes/>
            <deployment suspendOnFault="false" tracingLevel="none">
               <rest/>
            </deployment>
            <flow id="a">
               <start id="b">
                  <link id="l3b52yht" targetId="l3b52yhs"/>
               </start>
               <assignment id="l3b52yhs">
                  <title>Initialized Data Input</title>
                  <operation source="query" to="temp.output">
                     <query advanceQuery="false" from="AppConnBRSPD-DEV:Order">
                        <where>OrderNumber = '{$input.Input[1]/OrderNumber}'</where>
                     </query>
                  </operation>
                  <link id="l3b52yhy" targetId="l3b52yhx"/>
               </assignment>
               <create id="l3b52yhx">
                  <title>Update Order OUTPUT</title>
                  <entityName>AppConnBRSPD-DEV:Order</entityName>
                  <createInput>
                     <parameter name="EffectiveDate" source="constant" updatable="true">2022-05-18</parameter>
                     <parameter name="Status" source="constant" updatable="true">Draft</parameter>
                  </createInput>
                  <link id="l3b52yhz" targetId="c"/>
               </create>
               <end id="c"/>
            </flow>
         </process>
      </types1:Entry>
      <types1:GUID>28xAplvPYbrgu60SZIdegz</types1:GUID>
      <types1:DisplayName>P_Post_Order-v1</types1:DisplayName>
   </types1:Item>
   <types1:CurrentServerDateTime>2022-09-09T10:44:39.61Z</types1:CurrentServerDateTime>
</aetgt:getResponse>
