<aetgt:getResponse xmlns:aetgt="http://schemas.active-endpoints.com/appmodules/repository/2010/10/avrepository.xsd"
                   xmlns:types1="http://schemas.active-endpoints.com/appmodules/repository/2010/10/avrepository.xsd">
   <types1:Item>
      <types1:EntryId>MpCtbdsreK8ZAZf-gt-90052-2022-08-01T02:54:23.618Z::conn.xml</types1:EntryId>
      <types1:Name>AC-Polygon-BRSPD</types1:Name>
      <types1:ParentFlowIds>3MYOuVGTiPZx1Xm-gt-89924-2022-08-01T03:39:17.875Z::pd.xml,jtycotFgpKi9zhF-gt-199255-2022-08-10T01:46:17.152Z::pd.xml,kVNKSmvD4teIssj-gt-357637-2022-08-18T07:53:17.166Z::pd.xml,qAhrswVYx8R8WrY-gt-214354-2022-08-11T06:57:08.272Z::pd.xml,ya-gt-271343-2022-08-22T08:38:29.387Z::pd.xml</types1:ParentFlowIds>
      <types1:MimeType>application/xml+connection</types1:MimeType>
      <types1:Description>Application Connection for Polygon Details</types1:Description>
      <types1:AppliesTo/>
      <types1:Tags/>
      <types1:VersionLabel>1.0</types1:VersionLabel>
      <types1:State>CURRENT</types1:State>
      <types1:ProcessGroup/>
      <types1:CreatedBy>AC83336_PRD</types1:CreatedBy>
      <types1:CreationDate>2022-08-01T02:54:24Z</types1:CreationDate>
      <types1:ModifiedBy>AD15100_PRD</types1:ModifiedBy>
      <types1:ModificationDate>2022-08-04T03:12:45Z</types1:ModificationDate>
      <types1:PublicationStatus>published</types1:PublicationStatus>
      <types1:PublishedBy>AD15100_PRD</types1:PublishedBy>
      <types1:PublicationDate>2022-08-04T03:12:51Z</types1:PublicationDate>
      <types1:PublishedContributionId>project:/rt.connection/AC-Polygon-BRSPD/AC-Polygon-BRSPD.conn.xml</types1:PublishedContributionId>
      <types1:AutosaveExists>false</types1:AutosaveExists>
      <types1:Entry>
         <connection xmlns="http://schemas.informatica.com/socrates/data-services/2014/04/avosConnections.xsd"
                     displayName="AC-Polygon-BRSPD"
                     label="AC-Polygon-BRSPD"
                     name="AC-Polygon-BRSPD">
            <description>Application Connection for Polygon Details</description>
            <tags/>
            <agent/>
            <attributes>
               <attribute encrypted="false"
                          name="hostName"
                          value="centurylink-prod.apigee.net"/>
            </attributes>
            <businessConnector xmlns="http://schemas.informatica.com/appmodules/screenflow/2014/04/avosConnectors.xsd"
                               agentOnly="false"
                               connectorPath="project:/rt.connector/SC_Polygon_Prod_BRSPD/SC_Polygon_Prod_BRSPD_svcDef.xml"
                               guid="d9PFQbtT3Q0baOpNkRLbK7"
                               name="SC_Polygon_Prod_BRSPD"
                               supportsConnectionTest="false"
                               uuid="7a1567c8-d5a7-48a0-9b0c-1e7328214560">
               <description>This service connector is for Polygon API</description>
            </businessConnector>
         </connection>
      </types1:Entry>
      <types1:GUID>6vNrQ0vs1sYeCfWsFUSDcu</types1:GUID>
      <types1:DisplayName>AC-Polygon-BRSPD</types1:DisplayName>
   </types1:Item>
   <types1:CurrentServerDateTime>2022-10-21T03:10:50.463Z</types1:CurrentServerDateTime>
</aetgt:getResponse>
