<aetgt:getResponse xmlns:aetgt="http://schemas.active-endpoints.com/appmodules/repository/2010/10/avrepository.xsd"
                   xmlns:types1="http://schemas.active-endpoints.com/appmodules/repository/2010/10/avrepository.xsd">
   <types1:Item>
      <types1:EntryId>bg9hOznKKvvNtLS-gt-545977-2022-07-06T02:43:28.031Z::pd.xml</types1:EntryId>
      <types1:Name>P_Error_Handling_Case_Creation</types1:Name>
      <types1:ParentFlowIds>3MYOuVGTiPZx1Xm-gt-89924-2022-08-01T03:39:17.875Z::pd.xml,5kchzt1Y6tMFygl-gt-91132-2022-08-01T02:54:51.906Z::pd.xml,7Np2vRES7FdpOfT-gt-91144-2022-08-01T02:54:52.941Z::pd.xml,aaa-gt-1080799-2022-07-13T05:06:46Z::pd.xml,Bxiggor3rp3yD7t-gt-138499-2022-08-03T22:49:34.451Z::pd.xml,Dcgqzm5Y6tMFygl-gt-116376-2022-08-03T22:49:17.469Z::pd.xml,Dr3tfUbbf5ZK0CY-gt-91180-2022-08-01T02:54:54.482Z::pd.xml,H3zx6i4tciSrZMS-gt-30961-2022-07-06T02:43:35.537Z::pd.xml,igdpIO3M4WwOC2X-gt-117321-2022-08-03T22:50:09.014Z::pd.xml,JTqXpIW7WHK80FI-gt-1080820-2022-07-13T18:16:16.572Z::pd.xml,jtycotFgpKi9zhF-gt-199255-2022-08-10T01:46:17.152Z::pd.xml,kVNKSmvD4teIssj-gt-357637-2022-08-18T07:53:17.166Z::pd.xml,LyCnNZPD4ARW8UB-gt-90263-2022-08-01T02:54:56.611Z::pd.xml,mcmWR7hsAVR3aaa-gt-546345-2022-07-06T06:14:14.201Z::pd.xml,MoONhsJlv58pIO3-gt-232610-2022-08-10T00:45:16.26Z::pd.xml,OBCQrXhNUdyOoMd-gt-547262-2022-07-06T15:14:55.659Z::pd.xml,PnE29Em2kVNKSmv-gt-72902-2022-07-11T02:47:18.672Z::pd.xml,qAhrswVYx8R8WrY-gt-214354-2022-08-11T06:57:08.272Z::pd.xml,reFRqXpIW7WHK80-gt-1083459-2022-07-15T03:16:52.284Z::pd.xml,SlCCKpNz6HKoJBU-gt-1081777-2022-07-14T06:45:56.722Z::pd.xml,sMSAP38nXxpr1Iw-gt-146592-2022-08-03T22:50:13.293Z::pd.xml,TnRpB7O2htghGZ5-gt-89507-2022-08-01T02:54:53.729Z::pd.xml,uNciZBpDUQbgdwU-gt-549328-2022-07-08T01:02:23.262Z::pd.xml,Uopz4KhPVEQrXhN-gt-89555-2022-08-01T02:54:56.756Z::pd.xml,USJRS4JtlI20hEL-gt-116420-2022-08-03T22:49:31.746Z::pd.xml,uSOlA1vyoY2G7Qn-gt-89531-2022-08-01T02:54:55.327Z::pd.xml,xkeDuYZ06NYcmYs-gt-1080784-2022-07-13T05:05:13.765Z::pd.xml,ya-gt-271343-2022-08-22T08:38:29.387Z::pd.xml,Zbdqpw0VPNzUzeA-gt-1015349-2022-07-11T06:08:28.308Z::pd.xml,zk9Gjw4ARW8UBM7-gt-46157-2022-07-11T06:49:40.414Z::pd.xml</types1:ParentFlowIds>
      <types1:MimeType>application/xml+process</types1:MimeType>
      <types1:Description>Create Case in QF Test4</types1:Description>
      <types1:AppliesTo/>
      <types1:Tags/>
      <types1:VersionLabel>1.0</types1:VersionLabel>
      <types1:State>CURRENT</types1:State>
      <types1:ProcessGroup/>
      <types1:CreatedBy>AC83336_PRD</types1:CreatedBy>
      <types1:CreationDate>2022-07-06T02:43:28Z</types1:CreationDate>
      <types1:ModifiedBy>AC83336_PRD</types1:ModifiedBy>
      <types1:ModificationDate>2022-07-06T07:04:34Z</types1:ModificationDate>
      <types1:PublicationStatus>published</types1:PublicationStatus>
      <types1:PublishedBy>AD15100_PRD</types1:PublishedBy>
      <types1:PublicationDate>2022-09-20T05:38:38Z</types1:PublicationDate>
      <types1:PublishedContributionId>project:/spi.P_Error_Handling_Case_Creation/P_Error_Handling_Case_Creation.pd.xml</types1:PublishedContributionId>
      <types1:AutosaveExists>false</types1:AutosaveExists>
      <types1:Entry>
         <process xmlns="http://schemas.active-endpoints.com/appmodules/screenflow/2010/10/avosScreenflow.xsd"
                  xmlns:tfm="http://schemas.active-endpoints.com/appmodules/screenflow/2021/04/taskflowModel.xsd"
                  xmlns:list="urn:activevos:spi:list:functions"
                  displayName="P_Error_Handling_Case_Creation"
                  name="P_Error_Handling_Case_Creation"
                  overrideAPIName="false">
            <parameterSet xmlns="http://schemas.active-endpoints.com/appmodules/screenflow/2021/04/taskflowModel.xsd"/>
            <appliesTo/>
            <description>Create Case in QF Test4</description>
            <tags/>
            <generator>Informatica Process Designer 11</generator>
            <input>
               <parameter description=""
                          name="AccountID_in"
                          required="true"
                          type="string">
                  <options>
                     <option name="required">false</option>
                  </options>
               </parameter>
               <parameter description=""
                          name="Error description_in"
                          required="true"
                          type="string">
                  <options>
                     <option name="required">false</option>
                  </options>
               </parameter>
               <parameter description="" name="LeadID_in" type="string">
                  <options>
                     <option name="required">false</option>
                  </options>
               </parameter>
               <parameter description="" name="Flag_in" type="string">
                  <options>
                     <option name="required">false</option>
                  </options>
               </parameter>
            </input>
            <tempFields>
               <field description="" name="Counter_temp" type="int">
                  <options>
                     <option name="required">false</option>
                     <option name="initialvalue">0</option>
                  </options>
               </field>
            </tempFields>
            <notes/>
            <deployment suspendOnFault="false" tracingLevel="terse">
               <rest>
                  <allowedGroups>
                     <group>CustomerMigrationLeadProcessProd</group>
                  </allowedGroups>
                  <additionalConstraint>
                     <constraint>APIM</constraint>
                  </additionalConstraint>
               </rest>
            </deployment>
            <flow id="a">
               <start id="b">
                  <link id="kl1tu33j" targetId="kl1tu32w"/>
               </start>
               <eventContainer id="kl1tu32w">
                  <create id="kl1tu337">
                     <title>Case</title>
                     <entityName>AC-QF-Salesforce-Test4:Case</entityName>
                     <createInput>
                        <parameter name="BusinessHoursId" source="constant" updatable="true">01m3j000000EunHAAS</parameter>
                        <parameter name="Type" source="constant" updatable="true">Question</parameter>
                        <parameter name="RecordTypeId" source="constant" updatable="true">0123j000001dCNUAA2</parameter>
                        <parameter name="Status" source="constant" updatable="true">Open</parameter>
                        <parameter name="Origin" source="constant" updatable="true">Migration</parameter>
                        <parameter name="Description" source="field" updatable="true">input.Error description_in</parameter>
                        <parameter name="OwnerId" source="constant" updatable="true">00G3j000007FwqCEAS</parameter>
                        <parameter name="Notes__c" source="constant" updatable="true">if (fn:exists($input.LeadID_in) and $input.Flag_in  = 'LIFELINE')
then 'Customer has Lifeline discounts associated to this Account. Please follow up'
else if (fn:exists($input.LeadID_in) and $input.Flag_in  = 'DISCONNECT')
then 'Please manually disconnect</parameter>
                        <parameter name="Lead_Callback__c" source="formula" updatable="true">
                           <expression language="XQuery">$input.LeadID_in</expression>
                        </parameter>
                     </createInput>
                  </create>
                  <flow id="kl1tu32x">
                     <link id="kl1tu33a" targetId="kl1tu32w" type="containerLink"/>
                  </flow>
                  <flow id="kl1tu32y">
                     <assignment id="kl1tu32z">
                        <title>Asgn_counter_tmp</title>
                        <operation source="formula" to="temp.Counter_temp">
                           <expression language="XQuery">$temp.Counter_temp + 1</expression>
                        </operation>
                        <link id="kl1tu33c" targetId="kl1tu330"/>
                     </assignment>
                     <wait id="kl1tu330">
                        <title>Wait_5Seconds_for_case</title>
                        <duration source="formula">
                           <function name="duration_expression">
                              <arg name="value">5</arg>
                              <arg name="scale">S</arg>
                              <arg name="businessDays"/>
                           </function>
                        </duration>
                        <link id="kl1tu33d" targetId="kl1tu331"/>
                     </wait>
                     <container id="kl1tu331" type="exclusive">
                        <title>Dsc_Counter_tmp</title>
                        <flow id="kl1tu332">
                           <throw id="kltzgkx3">
                              <title>Throw Error</title>
                              <throwInput>
                                 <parameter name="code" source="constant" updatable="true">{$output.faultInfo[1]/code}</parameter>
                                 <parameter name="detail" source="constant" updatable="true">{$output.faultInfo[1]/detail}</parameter>
                                 <parameter name="reason" source="constant" updatable="true">{$output.faultInfo[1]/reason}</parameter>
                              </throwInput>
                           </throw>
                        </flow>
                        <flow id="kl1tu335">
                           <jumpTo id="kl1tu336">
                              <link id="kl1tu33i" targetId="kl1tu32w"/>
                           </jumpTo>
                        </flow>
                        <link id="kl1tu33e" targetId="kl1tu332" type="containerLink">
                           <condition source="formula">
                              <function name="greater-than">
                                 <arg name="left">{$temp.Counter_temp}</arg>
                                 <arg name="right">{4}</arg>
                              </function>
                           </condition>
                        </link>
                        <link id="kl1tu33f" targetId="kl1tu335" type="containerLink"/>
                     </container>
                  </flow>
                  <link id="kl1tu338" targetId="kl1tu32x" type="containerLink"/>
                  <link id="kl1tu33s" targetId="c"/>
                  <events>
                     <catch faultField="faultInfo" id="kkweky6a" interrupting="true">
                        <link id="kl1tu339" targetId="kl1tu32y" type="containerLink"/>
                     </catch>
                  </events>
               </eventContainer>
               <end id="c"/>
            </flow>
         </process>
         <ns1:sample-data-sets xmlns:ns1="http://schemas.active-endpoints.com/appmodules/repository/2010/10/sampleData.xsd">
            <ns1:SampleData>
               <ns1:Id>20152299-fb6a-41a2-a260-0d057c839abe</ns1:Id>
               <ns1:Name>dhDH</ns1:Name>
               <ns1:CreatedBy>AC83336_PRD</ns1:CreatedBy>
               <ns1:CreationDate>2022-07-06T02:43:28Z</ns1:CreationDate>
               <ns1:ModifiedBy>AC83336_PRD</ns1:ModifiedBy>
               <ns1:ModificationDate>2022-07-06T02:43:28Z</ns1:ModificationDate>
               <ns1:Data format="json">{
	 "id": "",
	 "Legacy_SF_in": {
	 	 "ACCOUNT_ID": ""
	 }
}</ns1:Data>
            </ns1:SampleData>
            <ns1:SampleData>
               <ns1:Id>da7d96d4-f197-4ecf-8a9e-a407bbf4b533</ns1:Id>
               <ns1:Name>error</ns1:Name>
               <ns1:CreatedBy>AC83336_PRD</ns1:CreatedBy>
               <ns1:CreationDate>2022-07-06T02:43:28Z</ns1:CreationDate>
               <ns1:ModifiedBy>AC83336_PRD</ns1:ModifiedBy>
               <ns1:ModificationDate>2022-07-06T02:43:28Z</ns1:ModificationDate>
               <ns1:Data format="json">{
  "AccountID": "PPB00007862"
}</ns1:Data>
            </ns1:SampleData>
            <ns1:SampleData>
               <ns1:Id>1cca99dc-0fdb-491a-82e1-31ec88b71e81</ns1:Id>
               <ns1:Name>test</ns1:Name>
               <ns1:CreatedBy>AC83336_PRD</ns1:CreatedBy>
               <ns1:CreationDate>2022-07-06T02:43:28Z</ns1:CreationDate>
               <ns1:ModifiedBy>AC83336_PRD</ns1:ModifiedBy>
               <ns1:ModificationDate>2022-07-06T02:43:28Z</ns1:ModificationDate>
               <ns1:Data format="json">{
"requestName": "getAccountDetails",
"personaValue": "7026170101"
}</ns1:Data>
            </ns1:SampleData>
            <ns1:SampleData>
               <ns1:Id>dbd3c2e5-9e8a-4e2a-8587-b45274133594</ns1:Id>
               <ns1:Name>test main</ns1:Name>
               <ns1:CreatedBy>AC83336_PRD</ns1:CreatedBy>
               <ns1:CreationDate>2022-07-06T02:43:28Z</ns1:CreationDate>
               <ns1:ModifiedBy>AC83336_PRD</ns1:ModifiedBy>
               <ns1:ModificationDate>2022-07-06T02:43:28Z</ns1:ModificationDate>
               <ns1:Data format="json">{
	 "Legacy_SF_in": {
	 	 "ACCOUNT_ID": ""
	 }
}
</ns1:Data>
            </ns1:SampleData>
            <ns1:SampleData>
               <ns1:Id>09235297-375a-482e-b84b-29386208da9d</ns1:Id>
               <ns1:Name>TEST Main load</ns1:Name>
               <ns1:CreatedBy>AC83336_PRD</ns1:CreatedBy>
               <ns1:CreationDate>2022-07-06T02:43:28Z</ns1:CreationDate>
               <ns1:ModifiedBy>AC83336_PRD</ns1:ModifiedBy>
               <ns1:ModificationDate>2022-07-06T02:43:28Z</ns1:ModificationDate>
               <ns1:Data format="json">{
	 "Legacy_SF_in": {
	 	 "AccountNumber": "PPB00002922",
	 	 "ID": "PPB00002922",
	 	 "Name": "",
	 	 "Service_Addresses": "",
	 	 "Current_Bill_Due_Date": "2020-12-02",
	 	 "Billing_Method_Source": "",
	 	 "Billing_Source": "",
	 	 "Default_Service_Address": "",
	 	 "Billling_Cycle": "",
	 	 "Valid_Email": "",
	 	 "Email": ""
	 }
}</ns1:Data>
            </ns1:SampleData>
            <ns1:SampleData>
               <ns1:Id>f815c213-a7fa-4066-b068-978a4d057e25</ns1:Id>
               <ns1:Name>test2</ns1:Name>
               <ns1:CreatedBy>AC83336_PRD</ns1:CreatedBy>
               <ns1:CreationDate>2022-07-06T02:43:28Z</ns1:CreationDate>
               <ns1:ModifiedBy>AC83336_PRD</ns1:ModifiedBy>
               <ns1:ModificationDate>2022-07-06T02:43:28Z</ns1:ModificationDate>
               <ns1:Data format="json">{
	 "PPP_Read_in": {
	 	 "ACCOUNT_ID": "PPB00007862"
	 }
}</ns1:Data>
            </ns1:SampleData>
            <ns1:SampleData>
               <ns1:Id>3808a261-b78c-429a-ab1b-48209f43ee7d</ns1:Id>
               <ns1:Name>test_ppp</ns1:Name>
               <ns1:CreatedBy>AC83336_PRD</ns1:CreatedBy>
               <ns1:CreationDate>2022-07-06T02:43:28Z</ns1:CreationDate>
               <ns1:ModifiedBy>AC83336_PRD</ns1:ModifiedBy>
               <ns1:ModificationDate>2022-07-06T02:43:28Z</ns1:ModificationDate>
               <ns1:Data format="json">{
	 "personaValue": "",
	 "requestName": "",
	 "C360_Read_in": {
	 	 "requestName": "",
	 	 "requestParameter": ""
	 },
	 "Cust_Status_in": {
	 	 "DTN": "",
	 	 "AccountNumber": "",
	 	 "LegacySFID": "",
	 	 "LegacySystem": "",
	 	 "OLT_ID": "",
	 	 "Place_ID": "",
	 	 "Status": "",
	 	 "qf_LeadID": "",
	 	 "Sequence_No": "",
	 	 "Active": "",
	 	 "Last_Modified_By": "",
	 	 "Error_Message": "",
	 	 "Success_Message": "",
	 	 "Last_Modified_Date": "",
	 	 "Status_Date": "",
	 	 "Status_DateTime": "",
	 	 "LegacyAccountNumber": "",
	 	 "Full_Address": "",
	 	 "City": "",
	 	 "State": "",
	 	 "State_long": "",
	 	 "State_Short": "",
	 	 "country": "",
	 	 "zip": "",
	 	 "house_number_long": "",
	 	 "house_number_short": "",
	 	 "street": "",
	 	 "Street_Direction": "",
	 	 "Locality": "",
	 	 "Locality_Long": "",
	 	 "Locality_Short": "",
	 	 "Latitude": "",
	 	 "Longitude": ""
	 },
	 "PPP_Read_in": {
	 	 "ACCOUNT_ID": ""
	 }
}</ns1:Data>
            </ns1:SampleData>
         </ns1:sample-data-sets>
      </types1:Entry>
      <types1:GUID>95XLNrXr76tettPHSQ1cCQ</types1:GUID>
      <types1:DisplayName>P_Error_Handling_Case_Creation</types1:DisplayName>
   </types1:Item>
   <types1:CurrentServerDateTime>2023-05-19T15:06:32.194Z</types1:CurrentServerDateTime>
</aetgt:getResponse>
