<aetgt:getResponse xmlns:aetgt="http://schemas.active-endpoints.com/appmodules/repository/2010/10/avrepository.xsd"
                   xmlns:types1="http://schemas.active-endpoints.com/appmodules/repository/2010/10/avrepository.xsd">
   <types1:Item>
      <types1:EntryId>Y028jIw8jIw8jIw-gt-194632-2022-08-10T00:45:11.812Z::pd.xml</types1:EntryId>
      <types1:Name>P_ENS_Execute_SQL_BRSPD-2</types1:Name>
      <types1:MimeType>application/xml+process</types1:MimeType>
      <types1:Description>Execute SQL on Mysql Database on GCP</types1:Description>
      <types1:AppliesTo/>
      <types1:Tags>.agent:qfiicssaodc02-prod.corp.intranet,.anonymous</types1:Tags>
      <types1:VersionLabel>1.0</types1:VersionLabel>
      <types1:State>CURRENT</types1:State>
      <types1:ProcessGroup/>
      <types1:CreatedBy>AD15119_PRD</types1:CreatedBy>
      <types1:CreationDate>2022-08-10T00:45:12Z</types1:CreationDate>
      <types1:ModifiedBy/>
      <types1:PublicationStatus>published</types1:PublicationStatus>
      <types1:PublishedBy>AD15100_PRD</types1:PublishedBy>
      <types1:PublicationDate>2022-09-28T05:32:35Z</types1:PublicationDate>
      <types1:PublishedContributionId>project:/spi.P_ENS_Execute_SQL_BRSPD-2/P_ENS_Execute_SQL_BRSPD-2.pd.xml</types1:PublishedContributionId>
      <types1:AutosaveExists>false</types1:AutosaveExists>
      <types1:Entry>
         <process xmlns="http://schemas.active-endpoints.com/appmodules/screenflow/2010/10/avosScreenflow.xsd"
                  xmlns:tfm="http://schemas.active-endpoints.com/appmodules/screenflow/2021/04/taskflowModel.xsd"
                  xmlns:list="urn:activevos:spi:list:functions"
                  displayName="P_ENS_Execute_SQL_BRSPD"
                  name="P_ENS_Execute_SQL_BRSPD-2"
                  overrideAPIName="false">
            <parameterSet xmlns="http://schemas.active-endpoints.com/appmodules/screenflow/2021/04/taskflowModel.xsd"/>
            <appliesTo/>
            <description>Execute SQL on Mysql Database on GCP</description>
            <tags>.agent:qfiicssaodc02-prod.corp.intranet,.anonymous</tags>
            <generator>Informatica Process Designer 11</generator>
            <input>
               <parameter description="SQL to Execute"
                          name="SQL"
                          required="true"
                          type="string">
                  <options>
                     <option name="required">false</option>
                  </options>
               </parameter>
            </input>
            <output>
               <field description="" name="resultset" type="objectlist">
                  <options>
                     <option name="referenceTo">$po:$any</option>
                     <option hide="true" name="multiSelect">true</option>
                     <option name="required">false</option>
                     <option name="isCopy">true</option>
                  </options>
               </field>
            </output>
            <notes/>
            <deployment suspendOnFault="false" tracingLevel="none">
               <targetLocation>qfiicssaodc02-prod.corp.intranet</targetLocation>
               <rest>
                  <allowAnonymousAccess/>
               </rest>
            </deployment>
            <flow id="a">
               <start id="b">
                  <link id="joh3hrfd" targetId="joh3hrfc"/>
               </start>
               <service id="joh3hrfc">
                  <title>ExecuteSQLStatement</title>
                  <serviceName>P_ENS_Oracle_DAS_Prod_Service_BRSPD_TEST</serviceName>
                  <serviceGUID/>
                  <serviceInput>
                     <parameter name="SQLStatement" source="constant">{$input.SQL}</parameter>
                  </serviceInput>
                  <link id="joh3hrfm" targetId="joh3hrfl"/>
               </service>
               <assignment id="joh3hrfl">
                  <title>SetResponse</title>
                  <operation source="formula" to="output.resultset">
                     <expression language="XQuery">$output.Response//*:row</expression>
                  </operation>
                  <link id="joh3hrfn" targetId="c"/>
               </assignment>
               <end id="c"/>
            </flow>
         </process>
         <ns1:sample-data-sets xmlns:ns1="http://schemas.active-endpoints.com/appmodules/repository/2010/10/sampleData.xsd">
            <ns1:SampleData>
               <ns1:Id>8ccf7730-2ad2-4f74-8ab0-e922954c3b40</ns1:Id>
               <ns1:Name>test</ns1:Name>
               <ns1:CreatedBy>AD15119_PRD</ns1:CreatedBy>
               <ns1:CreationDate>2022-08-10T00:45:12Z</ns1:CreationDate>
               <ns1:ModifiedBy>AD15119_PRD</ns1:ModifiedBy>
               <ns1:ModificationDate>2022-08-10T00:45:12Z</ns1:ModificationDate>
               <ns1:Data format="json">{"SQL":"SLEECT * FROM CHARGE FETCH 1 ROWS ONLY"
 }</ns1:Data>
            </ns1:SampleData>
         </ns1:sample-data-sets>
      </types1:Entry>
      <types1:GUID>5LCn5bYgauZcnAyE0EhTQI</types1:GUID>
      <types1:DisplayName>P_ENS_Execute_SQL_BRSPD</types1:DisplayName>
   </types1:Item>
   <types1:CurrentServerDateTime>2023-01-27T08:38:19.076Z</types1:CurrentServerDateTime>
</aetgt:getResponse>
