<aetgt:getResponse xmlns:aetgt="http://schemas.active-endpoints.com/appmodules/repository/2010/10/avrepository.xsd"
                   xmlns:types1="http://schemas.active-endpoints.com/appmodules/repository/2010/10/avrepository.xsd">
   <types1:Item>
      <types1:EntryId>FBGZkL0jmu6lS01-gt-30844-2022-07-06T02:43:25.504Z::po.xml</types1:EntryId>
      <types1:Name>PO-Error-Message-1</types1:Name>
      <types1:ParentFlowIds>1XQeK8ZAZf5kck8-gt-104070-2022-07-15T00:32:03.847Z::pd.xml,hDPWNMZQELaabcl-gt-91108-2022-08-01T02:54:39.121Z::pd.xml,IFDlyjllCYAOTMn-gt-116500-2022-08-03T22:49:53.552Z::pd.xml,Owhz5chspiRASmv-gt-90173-2022-08-01T02:54:36.658Z::pd.xml,QhtGci3zymbduaa-gt-546038-2022-07-06T02:43:32.686Z::pd.xml,QWu8zbgdwUiQLnz-gt-1084024-2022-07-15T00:36:47.691Z::pd.xml,tJYKqUlLnzYLnzY-gt-231078-2022-08-10T00:44:40.309Z::pd.xml,wW6jKsJlv58pIO3-gt-89764-2022-08-01T02:54:41.357Z::pd.xml,YEWNTrKkQIW3Ni7-gt-117147-2022-08-03T22:49:18.815Z::pd.xml,ZDMxrteIssjqluQ-gt-138645-2022-08-03T22:50:14.827Z::pd.xml,zTm8lnCmp6oIuQa-gt-124962-2022-08-02T08:18:28.409Z::pd.xml,ZXXUfTRgpDqotxG-gt-198712-2022-08-10T00:45:13.823Z::pd.xml</types1:ParentFlowIds>
      <types1:MimeType>application/xml+processobject</types1:MimeType>
      <types1:Description>Structure for Error Message Response</types1:Description>
      <types1:AppliesTo/>
      <types1:Tags/>
      <types1:VersionLabel>1.0</types1:VersionLabel>
      <types1:State>CURRENT</types1:State>
      <types1:ProcessGroup/>
      <types1:CreatedBy>AC83336_PRD</types1:CreatedBy>
      <types1:CreationDate>2022-07-06T02:43:26Z</types1:CreationDate>
      <types1:ModifiedBy/>
      <types1:PublicationStatus>unpublished</types1:PublicationStatus>
      <types1:AutosaveExists>false</types1:AutosaveExists>
      <types1:Entry>
         <processObject xmlns="http://schemas.active-endpoints.com/appmodules/screenflow/2011/06/avosHostEnvironment.xsd"
                        displayName="PO-Error-Message"
                        isByCopy="true"
                        name="PO-Error-Message-1">
            <description>Structure for Error Message Response</description>
            <tags/>
            <detail>
               <field label="Code" name="Code" type="string"/>
               <field label="Reason" name="Reason" type="string"/>
               <field label="Detail" name="Detail" type="string"/>
            </detail>
         </processObject>
      </types1:Entry>
      <types1:GUID>elCZnzY7VM5gmshtgaEu4t</types1:GUID>
      <types1:DisplayName>PO-Error-Message</types1:DisplayName>
   </types1:Item>
   <types1:CurrentServerDateTime>2022-09-09T10:45:11.004Z</types1:CurrentServerDateTime>
</aetgt:getResponse>
