objectPath,objectName,objectType,id
/Explore/BRSPD Data Integration/Mapping,m_BMOM_Disconnect_BRSPD,DTEMPLATE,dNnIYWeIC2PddJDPkalHix
/SYS,BRSPD_DEV_SF,Connection,5jN0vFtFWqZgastMdPAM87
/Explore/BRSPD Data Integration/Tasks,mt_ORDER_ACTIVE_BRSPD,MTT,1GzwRlCb7oYf6hRDwLY86E
/Explore/BRSPD Data Integration/Tasks,mt_Update_IS_FM_CNV_BRSPD,MTT,8eM070MIEzhkYDnHkUwYqc
/Explore/BRSPD Data Integration/Tasks,mt_BMOM_Disconnect_BRSPD,MTT,gLlqC5VahEZim9Jch0pGwg
/SYS,wsc_UPDATE_CMS_TEST_BRSPD,Connection,2Wdq5tkludWhGOkRfJP064
/Explore/BRSPD Data Integration/Mapping,m_PPP_Prepaid_Disconnect_BRSPD,DTEMPLATE,d8jkikoX8I1dJrXQIq5hGq
/Explore/BRSPD Data Integration/Mapping,m_Update_IS_FM_CNV,DTEMPLATE,84t9kgSohI2k2Kam5Iwh6S
/SYS,qfiicssaodc02-prod.corp.intranet,AgentGroup,jinHel1UMkSjgUucmLQwgf
/Explore/BRSPD Data Integration,Mapping,Folder,88mKPD6ZwWxiwwDup1uBU5
/Explore/BRSPD Data Integration,Business Service,Folder,gCrzU4CFeqRhh3K3iPzIOv
/Explore/BRSPD Data Integration/Tasks,dst_SF_ORDER_BRSPD,DSS,5e27PP3NKcSdVaewSpBIAR
/SYS,qfmig-iics-sa-prod-two,AgentGroup,eQTieebosm9czufAowehU6
/Explore/BRSPD Data Integration,Taskflow,Folder,9LiFXLuQ00lhw3lfL0rjEV
/SYS,wsc_Disconnect_BMOM_TEST_BRSPD,Connection,k5Rvl6cRUu0cZHpQTzqXU4
/Explore/BRSPD Data Integration,Tasks,Folder,5GMxfnqkI5AdZjuFeMETq5
/Explore/BRSPD Data Integration/Taskflow,tf_ORDER_ACTIVE_BRSPD -  TEST,TASKFLOW,4hVf0ECOqLGf1hDnadXPCr
/Explore/BRSPD Data Integration/Business Service,bsc_ P_Disconnect_PPP_Prepaid_TEST_BRSPD,BSERVICE,9pNBfNP1UWakQd6Pi8c0kw
/Explore,BRSPD Data Integration,Project,a2vDGFFJ5zIkecoCbzdVQP
/Explore/BRSPD Data Integration/Mapping,m_ORDER_ACTIVE_BRSPD,DTEMPLATE,4XA1KIal8mdl0stUGRGTKx
/SYS,wsc_Disconnect_PPP_Prepaid_TEST_BRSPD,Connection,2KdG7hNR2wycNwzEVnXgum
/Explore/BRSPD Data Integration/Tasks,mt_PPP_Prepaid_Disconnect_BRSPD,MTT,1FJi0O3mh0rhS6bPeSq9iV
/Explore/BRSPD Data Integration/Taskflow,tf_ORDER_ACTIVE_BRSPD,TASKFLOW,5rRBYZ5KjDJe5yk5o5t4UO
/Explore/BRSPD Data Integration/Business Service,bsc_ P_Disconnect_BMOM_TEST_BRSPD,BSERVICE,99YnmbNKbALj8QICCo3fqQ
/SYS,MySQL-LumenStagingDB-Prod,Connection,3K3iEVO1mahlJ46LwZEM6W
/Explore/BRSPD Data Integration/Business Service,bsc_update_CMS_TEST_BRSPD,BSERVICE,cfXsHB8bqa0ckvC9sROEIF
/Explore/BRSPD Data Integration,Components,Folder,lcOHK4W9IWakYssGdE7s6y