{
  "name" : "BRSPD Data Integration-1661488563176",
  "sourceOrgId" : "k1qNBasfeEQdUMj15ONzuM",
  "sourceOrgName" : "Mass Market - Quantum Fiber - Prod",
  "exportedObjects" : [ {
    "objectGuid" : "dNnIYWeIC2PddJDPkalHix",
    "objectName" : "m_BMOM_Disconnect_BRSPD",
    "objectType" : "DTEMPLATE",
    "path" : "/Explore/BRSPD Data Integration/Mapping",
    "metadata" : {
      "modelVersion" : {
        "major" : 0,
        "minor" : 0
      },
      "repoInfo" : {
        "repoHandle" : "011AVK170000000000KU"
      },
      "objectRefs" : [ "99YnmbNKbALj8QICCo3fqQ", "3K3iEVO1mahlJ46LwZEM6W" ],
      "contextAttributes" : [ {
        "name" : "id",
        "value" : "@1"
      } ],
      "additionalInfo" : {
        "description" : "",
        "contentType" : "JSON",
        "documentState" : "VALID"
      }
    }
  }, {
    "objectGuid" : "5jN0vFtFWqZgastMdPAM87",
    "objectName" : "BRSPD_DEV_SF",
    "objectType" : "Connection",
    "path" : "/SYS",
    "metadata" : {
      "modelVersion" : {
        "major" : 0,
        "minor" : 0
      },
      "repoInfo" : {
        "repoHandle" : "011AVK0B000000000037"
      },
      "objectRefs" : [ "eQTieebosm9czufAowehU6" ],
      "contextAttributes" : [ {
        "name" : "id",
        "value" : "@1"
      } ],
      "additionalInfo" : {
        "description" : "Brightspeed SF DEV Connection",
        "contentType" : "JSON",
        "documentState" : "COMPLETE"
      }
    }
  }, {
    "objectGuid" : "1GzwRlCb7oYf6hRDwLY86E",
    "objectName" : "mt_ORDER_ACTIVE_BRSPD",
    "objectType" : "MTT",
    "path" : "/Explore/BRSPD Data Integration/Tasks",
    "metadata" : {
      "modelVersion" : {
        "major" : 0,
        "minor" : 0
      },
      "repoInfo" : {
        "repoHandle" : "011AVK0Z0000000000DN"
      },
      "objectRefs" : [ "eQTieebosm9czufAowehU6", "3K3iEVO1mahlJ46LwZEM6W", "cfXsHB8bqa0ckvC9sROEIF", "2Wdq5tkludWhGOkRfJP064", "4XA1KIal8mdl0stUGRGTKx" ],
      "contextAttributes" : [ {
        "name" : "id",
        "value" : "@1"
      } ],
      "additionalInfo" : {
        "description" : "",
        "contentType" : "JSON",
        "documentState" : "VALID"
      }
    }
  }, {
    "objectGuid" : "8eM070MIEzhkYDnHkUwYqc",
    "objectName" : "mt_Update_IS_FM_CNV_BRSPD",
    "objectType" : "MTT",
    "path" : "/Explore/BRSPD Data Integration/Tasks",
    "metadata" : {
      "modelVersion" : {
        "major" : 0,
        "minor" : 0
      },
      "repoInfo" : {
        "repoHandle" : "011AVK0Z0000000000FR"
      },
      "objectRefs" : [ "eQTieebosm9czufAowehU6", "3K3iEVO1mahlJ46LwZEM6W", "84t9kgSohI2k2Kam5Iwh6S" ],
      "contextAttributes" : [ {
        "name" : "id",
        "value" : "@1"
      } ],
      "additionalInfo" : {
        "description" : "",
        "contentType" : "JSON",
        "documentState" : "VALID"
      }
    }
  }, {
    "objectGuid" : "gLlqC5VahEZim9Jch0pGwg",
    "objectName" : "mt_BMOM_Disconnect_BRSPD",
    "objectType" : "MTT",
    "path" : "/Explore/BRSPD Data Integration/Tasks",
    "metadata" : {
      "modelVersion" : {
        "major" : 0,
        "minor" : 0
      },
      "repoInfo" : {
        "repoHandle" : "011AVK0Z0000000000DO"
      },
      "objectRefs" : [ "k5Rvl6cRUu0cZHpQTzqXU4", "dNnIYWeIC2PddJDPkalHix", "3K3iEVO1mahlJ46LwZEM6W", "99YnmbNKbALj8QICCo3fqQ", "jinHel1UMkSjgUucmLQwgf" ],
      "contextAttributes" : [ {
        "name" : "id",
        "value" : "@1"
      } ],
      "additionalInfo" : {
        "description" : "",
        "contentType" : "JSON",
        "documentState" : "VALID"
      }
    }
  }, {
    "objectGuid" : "2Wdq5tkludWhGOkRfJP064",
    "objectName" : "wsc_UPDATE_CMS_TEST_BRSPD",
    "objectType" : "Connection",
    "path" : "/SYS",
    "metadata" : {
      "modelVersion" : {
        "major" : 0,
        "minor" : 0
      },
      "repoInfo" : {
        "repoHandle" : "011AVK0B00000000003B"
      },
      "objectRefs" : [ "eQTieebosm9czufAowehU6" ],
      "contextAttributes" : [ {
        "name" : "id",
        "value" : "@1"
      } ],
      "additionalInfo" : {
        "description" : null,
        "contentType" : "JSON",
        "documentState" : "COMPLETE"
      }
    }
  }, {
    "objectGuid" : "d8jkikoX8I1dJrXQIq5hGq",
    "objectName" : "m_PPP_Prepaid_Disconnect_BRSPD",
    "objectType" : "DTEMPLATE",
    "path" : "/Explore/BRSPD Data Integration/Mapping",
    "metadata" : {
      "modelVersion" : {
        "major" : 0,
        "minor" : 0
      },
      "repoInfo" : {
        "repoHandle" : "011AVK170000000000KV"
      },
      "objectRefs" : [ "9pNBfNP1UWakQd6Pi8c0kw", "3K3iEVO1mahlJ46LwZEM6W" ],
      "contextAttributes" : [ {
        "name" : "id",
        "value" : "@1"
      } ],
      "additionalInfo" : {
        "description" : "",
        "contentType" : "JSON",
        "documentState" : "VALID"
      }
    }
  }, {
    "objectGuid" : "84t9kgSohI2k2Kam5Iwh6S",
    "objectName" : "m_Update_IS_FM_CNV",
    "objectType" : "DTEMPLATE",
    "path" : "/Explore/BRSPD Data Integration/Mapping",
    "metadata" : {
      "modelVersion" : {
        "major" : 0,
        "minor" : 0
      },
      "repoInfo" : {
        "repoHandle" : "011AVK170000000000ND"
      },
      "objectRefs" : [ "3K3iEVO1mahlJ46LwZEM6W" ],
      "contextAttributes" : [ {
        "name" : "id",
        "value" : "@1"
      } ],
      "additionalInfo" : {
        "description" : "",
        "contentType" : "JSON",
        "documentState" : "VALID"
      }
    }
  }, {
    "objectGuid" : "jinHel1UMkSjgUucmLQwgf",
    "objectName" : "qfiicssaodc02-prod.corp.intranet",
    "objectType" : "AgentGroup",
    "path" : "/SYS",
    "metadata" : {
      "modelVersion" : {
        "major" : 0,
        "minor" : 0
      },
      "repoInfo" : {
        "repoHandle" : "011AVK25000000000004"
      },
      "objectRefs" : [ ],
      "contextAttributes" : [ {
        "name" : "id",
        "value" : "@1"
      } ],
      "additionalInfo" : {
        "description" : null,
        "contentType" : "JSON",
        "documentState" : "VALID"
      }
    }
  }, {
    "objectGuid" : "88mKPD6ZwWxiwwDup1uBU5",
    "objectName" : "Mapping",
    "objectType" : "Folder",
    "path" : "/Explore/BRSPD Data Integration",
    "metadata" : {
      "modelVersion" : {
        "major" : 0,
        "minor" : 0
      },
      "repoInfo" : null,
      "objectRefs" : [ ],
      "contextAttributes" : [ ],
      "additionalInfo" : {
        "description" : "",
        "contentType" : "Binary",
        "documentState" : "COMPLETE"
      }
    }
  }, {
    "objectGuid" : "gCrzU4CFeqRhh3K3iPzIOv",
    "objectName" : "Business Service",
    "objectType" : "Folder",
    "path" : "/Explore/BRSPD Data Integration",
    "metadata" : {
      "modelVersion" : {
        "major" : 0,
        "minor" : 0
      },
      "repoInfo" : null,
      "objectRefs" : [ ],
      "contextAttributes" : [ ],
      "additionalInfo" : {
        "description" : "",
        "contentType" : "Binary",
        "documentState" : "COMPLETE"
      }
    }
  }, {
    "objectGuid" : "5e27PP3NKcSdVaewSpBIAR",
    "objectName" : "dst_SF_ORDER_BRSPD",
    "objectType" : "DSS",
    "path" : "/Explore/BRSPD Data Integration/Tasks",
    "metadata" : {
      "modelVersion" : {
        "major" : 0,
        "minor" : 0
      },
      "repoInfo" : {
        "repoHandle" : "011AVK0I0000000000CM"
      },
      "objectRefs" : [ "5jN0vFtFWqZgastMdPAM87", "3K3iEVO1mahlJ46LwZEM6W" ],
      "contextAttributes" : [ {
        "name" : "id",
        "value" : "@1"
      } ],
      "additionalInfo" : {
        "description" : "",
        "contentType" : "JSON",
        "documentState" : "VALID"
      }
    }
  }, {
    "objectGuid" : "eQTieebosm9czufAowehU6",
    "objectName" : "qfmig-iics-sa-prod-two",
    "objectType" : "AgentGroup",
    "path" : "/SYS",
    "metadata" : {
      "modelVersion" : {
        "major" : 0,
        "minor" : 0
      },
      "repoInfo" : {
        "repoHandle" : "011AVK25000000000002"
      },
      "objectRefs" : [ ],
      "contextAttributes" : [ {
        "name" : "id",
        "value" : "@1"
      } ],
      "additionalInfo" : {
        "description" : null,
        "contentType" : "JSON",
        "documentState" : "VALID"
      }
    }
  }, {
    "objectGuid" : "9LiFXLuQ00lhw3lfL0rjEV",
    "objectName" : "Taskflow",
    "objectType" : "Folder",
    "path" : "/Explore/BRSPD Data Integration",
    "metadata" : {
      "modelVersion" : {
        "major" : 0,
        "minor" : 0
      },
      "repoInfo" : null,
      "objectRefs" : [ ],
      "contextAttributes" : [ ],
      "additionalInfo" : {
        "description" : "",
        "contentType" : "Binary",
        "documentState" : "COMPLETE"
      }
    }
  }, {
    "objectGuid" : "k5Rvl6cRUu0cZHpQTzqXU4",
    "objectName" : "wsc_Disconnect_BMOM_TEST_BRSPD",
    "objectType" : "Connection",
    "path" : "/SYS",
    "metadata" : {
      "modelVersion" : {
        "major" : 0,
        "minor" : 0
      },
      "repoInfo" : {
        "repoHandle" : "011AVK0B00000000003A"
      },
      "objectRefs" : [ "jinHel1UMkSjgUucmLQwgf" ],
      "contextAttributes" : [ {
        "name" : "id",
        "value" : "@1"
      } ],
      "additionalInfo" : {
        "description" : null,
        "contentType" : "JSON",
        "documentState" : "COMPLETE"
      }
    }
  }, {
    "objectGuid" : "5GMxfnqkI5AdZjuFeMETq5",
    "objectName" : "Tasks",
    "objectType" : "Folder",
    "path" : "/Explore/BRSPD Data Integration",
    "metadata" : {
      "modelVersion" : {
        "major" : 0,
        "minor" : 0
      },
      "repoInfo" : null,
      "objectRefs" : [ ],
      "contextAttributes" : [ ],
      "additionalInfo" : {
        "description" : "",
        "contentType" : "Binary",
        "documentState" : "COMPLETE"
      }
    }
  }, {
    "objectGuid" : "4hVf0ECOqLGf1hDnadXPCr",
    "objectName" : "tf_ORDER_ACTIVE_BRSPD -  TEST",
    "objectType" : "TASKFLOW",
    "path" : "/Explore/BRSPD Data Integration/Taskflow",
    "metadata" : {
      "modelVersion" : {
        "major" : 1,
        "minor" : 0
      },
      "repoInfo" : {
        "repoHandle" : "tGci3zymbduaa-gt-12775796-2022-08-22T08:03:03.087Z::tf.xml"
      },
      "objectRefs" : [ "5e27PP3NKcSdVaewSpBIAR", "1GzwRlCb7oYf6hRDwLY86E", "1FJi0O3mh0rhS6bPeSq9iV", "8eM070MIEzhkYDnHkUwYqc" ],
      "contextAttributes" : null,
      "additionalInfo" : {
        "description" : "",
        "contentType" : "application/json; charset=utf-8",
        "documentState" : "VALID"
      }
    }
  }, {
    "objectGuid" : "9pNBfNP1UWakQd6Pi8c0kw",
    "objectName" : "bsc_ P_Disconnect_PPP_Prepaid_TEST_BRSPD",
    "objectType" : "BSERVICE",
    "path" : "/Explore/BRSPD Data Integration/Business Service",
    "metadata" : {
      "modelVersion" : {
        "major" : 0,
        "minor" : 0
      },
      "repoInfo" : {
        "repoHandle" : "011AVK2700000000004M"
      },
      "objectRefs" : [ "2KdG7hNR2wycNwzEVnXgum" ],
      "contextAttributes" : [ {
        "name" : "id",
        "value" : "@1"
      }, {
        "name" : "011AVK2800000000004V",
        "value" : "9pNBfNP1UWakQd6Pi8c0kw@P_Disconnect_PPP_Prepaid_TEST_BRSPDOperation"
      } ],
      "additionalInfo" : {
        "description" : "",
        "contentType" : "JSON",
        "documentState" : "VALID"
      }
    }
  }, {
    "objectGuid" : "a2vDGFFJ5zIkecoCbzdVQP",
    "objectName" : "BRSPD Data Integration",
    "objectType" : "Project",
    "path" : "/Explore",
    "metadata" : {
      "modelVersion" : {
        "major" : 0,
        "minor" : 0
      },
      "repoInfo" : null,
      "objectRefs" : [ ],
      "contextAttributes" : [ ],
      "additionalInfo" : {
        "description" : "",
        "contentType" : "Binary",
        "documentState" : "COMPLETE"
      }
    }
  }, {
    "objectGuid" : "4XA1KIal8mdl0stUGRGTKx",
    "objectName" : "m_ORDER_ACTIVE_BRSPD",
    "objectType" : "DTEMPLATE",
    "path" : "/Explore/BRSPD Data Integration/Mapping",
    "metadata" : {
      "modelVersion" : {
        "major" : 0,
        "minor" : 0
      },
      "repoInfo" : {
        "repoHandle" : "011AVK170000000000KW"
      },
      "objectRefs" : [ "3K3iEVO1mahlJ46LwZEM6W", "cfXsHB8bqa0ckvC9sROEIF" ],
      "contextAttributes" : [ {
        "name" : "id",
        "value" : "@1"
      } ],
      "additionalInfo" : {
        "description" : "",
        "contentType" : "JSON",
        "documentState" : "VALID"
      }
    }
  }, {
    "objectGuid" : "2KdG7hNR2wycNwzEVnXgum",
    "objectName" : "wsc_Disconnect_PPP_Prepaid_TEST_BRSPD",
    "objectType" : "Connection",
    "path" : "/SYS",
    "metadata" : {
      "modelVersion" : {
        "major" : 0,
        "minor" : 0
      },
      "repoInfo" : {
        "repoHandle" : "011AVK0B00000000001S"
      },
      "objectRefs" : [ "eQTieebosm9czufAowehU6" ],
      "contextAttributes" : [ {
        "name" : "id",
        "value" : "@1"
      } ],
      "additionalInfo" : {
        "description" : "c360 biwf  Filter",
        "contentType" : "JSON",
        "documentState" : "COMPLETE"
      }
    }
  }, {
    "objectGuid" : "1FJi0O3mh0rhS6bPeSq9iV",
    "objectName" : "mt_PPP_Prepaid_Disconnect_BRSPD",
    "objectType" : "MTT",
    "path" : "/Explore/BRSPD Data Integration/Tasks",
    "metadata" : {
      "modelVersion" : {
        "major" : 0,
        "minor" : 0
      },
      "repoInfo" : {
        "repoHandle" : "011AVK0Z0000000000DM"
      },
      "objectRefs" : [ "2KdG7hNR2wycNwzEVnXgum", "eQTieebosm9czufAowehU6", "9pNBfNP1UWakQd6Pi8c0kw", "3K3iEVO1mahlJ46LwZEM6W", "d8jkikoX8I1dJrXQIq5hGq" ],
      "contextAttributes" : [ {
        "name" : "id",
        "value" : "@1"
      } ],
      "additionalInfo" : {
        "description" : "Disconnect Account ",
        "contentType" : "JSON",
        "documentState" : "VALID"
      }
    }
  }, {
    "objectGuid" : "5rRBYZ5KjDJe5yk5o5t4UO",
    "objectName" : "tf_ORDER_ACTIVE_BRSPD",
    "objectType" : "TASKFLOW",
    "path" : "/Explore/BRSPD Data Integration/Taskflow",
    "metadata" : {
      "modelVersion" : {
        "major" : 1,
        "minor" : 0
      },
      "repoInfo" : {
        "repoHandle" : "CSHbf13ErhNzUze-gt-5755223-2022-08-02T19:12:59.466Z::tf.xml"
      },
      "objectRefs" : [ "1GzwRlCb7oYf6hRDwLY86E", "1FJi0O3mh0rhS6bPeSq9iV" ],
      "contextAttributes" : null,
      "additionalInfo" : {
        "description" : "",
        "contentType" : "application/json; charset=utf-8",
        "documentState" : "VALID"
      }
    }
  }, {
    "objectGuid" : "99YnmbNKbALj8QICCo3fqQ",
    "objectName" : "bsc_ P_Disconnect_BMOM_TEST_BRSPD",
    "objectType" : "BSERVICE",
    "path" : "/Explore/BRSPD Data Integration/Business Service",
    "metadata" : {
      "modelVersion" : {
        "major" : 0,
        "minor" : 0
      },
      "repoInfo" : {
        "repoHandle" : "011AVK2700000000004L"
      },
      "objectRefs" : [ "k5Rvl6cRUu0cZHpQTzqXU4" ],
      "contextAttributes" : [ {
        "name" : "id",
        "value" : "@1"
      }, {
        "name" : "011AVK2800000000004U",
        "value" : "99YnmbNKbALj8QICCo3fqQ@P_Disconnect_BMOM_TEST_BRSPDOperation"
      } ],
      "additionalInfo" : {
        "description" : "",
        "contentType" : "JSON",
        "documentState" : "VALID"
      }
    }
  }, {
    "objectGuid" : "3K3iEVO1mahlJ46LwZEM6W",
    "objectName" : "MySQL-LumenStagingDB-Prod",
    "objectType" : "Connection",
    "path" : "/SYS",
    "metadata" : {
      "modelVersion" : {
        "major" : 0,
        "minor" : 0
      },
      "repoInfo" : {
        "repoHandle" : "011AVK0B000000000002"
      },
      "objectRefs" : [ "eQTieebosm9czufAowehU6" ],
      "contextAttributes" : [ {
        "name" : "id",
        "value" : "@1"
      } ],
      "additionalInfo" : {
        "description" : "GCP Prod MySQL",
        "contentType" : "JSON",
        "documentState" : "COMPLETE"
      }
    }
  }, {
    "objectGuid" : "cfXsHB8bqa0ckvC9sROEIF",
    "objectName" : "bsc_update_CMS_TEST_BRSPD",
    "objectType" : "BSERVICE",
    "path" : "/Explore/BRSPD Data Integration/Business Service",
    "metadata" : {
      "modelVersion" : {
        "major" : 0,
        "minor" : 0
      },
      "repoInfo" : {
        "repoHandle" : "011AVK2700000000004J"
      },
      "objectRefs" : [ "2Wdq5tkludWhGOkRfJP064" ],
      "contextAttributes" : [ {
        "name" : "id",
        "value" : "@1"
      }, {
        "name" : "011AVK2800000000005C",
        "value" : "cfXsHB8bqa0ckvC9sROEIF@P_Call_UpdateCMS_BRSPDOperation"
      } ],
      "additionalInfo" : {
        "description" : "",
        "contentType" : "JSON",
        "documentState" : "VALID"
      }
    }
  }, {
    "objectGuid" : "lcOHK4W9IWakYssGdE7s6y",
    "objectName" : "Components",
    "objectType" : "Folder",
    "path" : "/Explore/BRSPD Data Integration",
    "metadata" : {
      "modelVersion" : {
        "major" : 0,
        "minor" : 0
      },
      "repoInfo" : null,
      "objectRefs" : [ ],
      "contextAttributes" : [ ],
      "additionalInfo" : {
        "description" : "",
        "contentType" : "Binary",
        "documentState" : "COMPLETE"
      }
    }
  } ]
}