<aetgt:getResponse xmlns:aetgt="http://schemas.active-endpoints.com/appmodules/repository/2010/10/avrepository.xsd"
                   xmlns:types1="http://schemas.active-endpoints.com/appmodules/repository/2010/10/avrepository.xsd">
   <types1:Item>
      <types1:EntryId>m4gkVgglxbdypKw-gt-89419-2022-08-01T02:54:29.197Z::conn.xml</types1:EntryId>
      <types1:Name>AC-MySQL-LumenStagingDB-MainLeadLoad-1</types1:Name>
      <types1:ParentFlowIds>5kchzt1Y6tMFygl-gt-91132-2022-08-01T02:54:51.906Z::pd.xml,7Np2vRES7FdpOfT-gt-91144-2022-08-01T02:54:52.941Z::pd.xml,Bxiggor3rp3yD7t-gt-138499-2022-08-03T22:49:34.451Z::pd.xml,Dcgqzm5Y6tMFygl-gt-116376-2022-08-03T22:49:17.469Z::pd.xml,Dr3tfUbbf5ZK0CY-gt-91180-2022-08-01T02:54:54.482Z::pd.xml,igdpIO3M4WwOC2X-gt-117321-2022-08-03T22:50:09.014Z::pd.xml,LyCnNZPD4ARW8UB-gt-90263-2022-08-01T02:54:56.611Z::pd.xml,sMSAP38nXxpr1Iw-gt-146592-2022-08-03T22:50:13.293Z::pd.xml,TnRpB7O2htghGZ5-gt-89507-2022-08-01T02:54:53.729Z::pd.xml,Uopz4KhPVEQrXhN-gt-89555-2022-08-01T02:54:56.756Z::pd.xml,USJRS4JtlI20hEL-gt-116420-2022-08-03T22:49:31.746Z::pd.xml,uSOlA1vyoY2G7Qn-gt-89531-2022-08-01T02:54:55.327Z::pd.xml</types1:ParentFlowIds>
      <types1:MimeType>application/xml+connection</types1:MimeType>
      <types1:Description/>
      <types1:AppliesTo/>
      <types1:Tags>.agent:qfmig-iics-sa</types1:Tags>
      <types1:VersionLabel>1.0</types1:VersionLabel>
      <types1:State>CURRENT</types1:State>
      <types1:ProcessGroup/>
      <types1:CreatedBy>AC83336_PRD</types1:CreatedBy>
      <types1:CreationDate>2022-08-01T02:54:29Z</types1:CreationDate>
      <types1:ModifiedBy/>
      <types1:PublicationStatus>unpublished</types1:PublicationStatus>
      <types1:AutosaveExists>false</types1:AutosaveExists>
      <types1:Entry>
         <connection xmlns="http://schemas.informatica.com/socrates/data-services/2014/04/avosConnections.xsd"
                     displayName="AC-MySQL-LumenStagingDB-MainLeadLoad"
                     label="AC-MySQL-LumenStagingDB-MainLeadLoad-1"
                     name="AC-MySQL-LumenStagingDB-MainLeadLoad-1">
            <description/>
            <tags>.agent:qfmig-iics-sa</tags>
            <agent>qfmig-iics-sa</agent>
            <attributes>
               <attribute encrypted="false"
                          name="JDBC Connection URL"
                          value="jdbc:mysql://104.197.205.236:3306/LumenStagingDB?allowPublicKeyRetrieval=true&amp;useSSL=false"/>
               <attribute encrypted="false"
                          name="JDBC Jar Directory"
                          value="/iics/infaagent/apps/process-engine/ext"/>
               <attribute encrypted="false" name="JDBC Driver Class Name" value=""/>
               <attribute encrypted="false" name="Schema" value="LumenStagingDB"/>
               <attribute encrypted="false" name="Username" value="root"/>
               <attribute encrypted="true" name="Password" value=""/>
               <attribute encrypted="false"
                          name="Object Filter"
                          value="CUSTOMER_MIGRATION_STATUS, QF_LEAD_STG,CUSTOMER_MIGRATION_STATUS_TEST,IICS_PROCESS_STATS,CUSTOMER_MIGRATION_STATUS_GROUP4_5, CUSTOMER_MIGRATION_STATUS_GROUP3_4_5,CUSTOMER_MIGRATION_STATUS_GROUP5,QF_LEAD_STG_NEW_CODE,CUSTOMER_MIGRATION_STATUS_TEST_0430,SF_ACCOUNT_LKP ,VOM_CREATE_ORDER_STG_test"/>
               <attribute encrypted="false" name="TimeZone" value="Default"/>
               <attribute encrypted="false" name="$read-Isolation Level" value="None"/>
               <attribute encrypted="false"
                          name="$read-Override Isolation Level"
                          value="false"/>
               <attribute encrypted="false" name="$write-Number of retries" value="5"/>
               <attribute encrypted="false" name="$write-Retry wait period" value="3"/>
            </attributes>
            <javaConnector xmlns="http://schemas.informatica.com/appmodules/screenflow/2014/04/avosConnectors.xsd"
                           agentOnly="true"
                           plugin="ICS"
                           supportsConnectionTest="true"
                           supportsDataPreview="true"
                           supportsOData="true"
                           type="GenericJDBCAdapter"
                           uuid="33ec8fc7-dc6d-4d2e-9f6f-a950669a62d1">
               <description>JDBC  Generic Cloud Adapter</description>
            </javaConnector>
         </connection>
      </types1:Entry>
      <types1:GUID>edJlHioltAjlenCSMLeyEH</types1:GUID>
      <types1:DisplayName>AC-MySQL-LumenStagingDB-MainLeadLoad</types1:DisplayName>
   </types1:Item>
   <types1:CurrentServerDateTime>2022-09-09T10:45:11.026Z</types1:CurrentServerDateTime>
</aetgt:getResponse>
