<aetgt:getResponse xmlns:aetgt="http://schemas.active-endpoints.com/appmodules/repository/2010/10/avrepository.xsd"
                   xmlns:types1="http://schemas.active-endpoints.com/appmodules/repository/2010/10/avrepository.xsd">
   <types1:Item>
      <types1:EntryId>WdvSzYLnzYLnzYL-gt-138553-2022-08-03T22:49:46.781Z::svc.xml</types1:EntryId>
      <types1:Name>SC_Sftp_OnPremise_To_GCP_Prod_BRSPD-1</types1:Name>
      <types1:MimeType>application/xml+businesssconnector</types1:MimeType>
      <types1:Description>Sftp File from Onpremise to GCP</types1:Description>
      <types1:AppliesTo/>
      <types1:Tags/>
      <types1:VersionLabel>1.0</types1:VersionLabel>
      <types1:State>CURRENT</types1:State>
      <types1:ProcessGroup/>
      <types1:CreatedBy>AD15100_PRD</types1:CreatedBy>
      <types1:CreationDate>2022-08-03T22:49:47Z</types1:CreationDate>
      <types1:ModifiedBy/>
      <types1:PublicationStatus>unpublished</types1:PublicationStatus>
      <types1:AutosaveExists>false</types1:AutosaveExists>
      <types1:Entry>
         <businessConnector xmlns="http://schemas.informatica.com/socrates/data-services/2014/05/business-connector-model.xsd"
                            agentOnly="false"
                            debug="false"
                            displayName="SC_Sftp_OnPremise_To_GCP_Prod_BRSPD"
                            label=""
                            name="SC_Sftp_OnPremise_To_GCP_Prod_BRSPD-1"
                            uuid="d491be79-b1c3-44ff-a6d7-f1157aae656b">
            <description>Sftp File from Onpremise to GCP</description>
            <tags/>
            <connectionAttributes xmlns="http://schemas.informatica.com/appmodules/screenflow/2014/04/avosConnectors.xsd">
               <connectionAttribute description="url"
                                    masked="false"
                                    name="url"
                                    required="true"
                                    testWith="https://usw3-cai.dm1-us.informaticacloud.com/active-bpel/public/rt/k1qNBasfeEQdUMj15ONzuM/P_Sftp_OnPremise_To_Gcp_Prod"
                                    type="string"/>
            </connectionAttributes>
            <actions>
               <action category=""
                       failOnError="true"
                       forSearch="false"
                       label="P_Sftp_OnPremise_To_Gcp_C360Operation"
                       maxRedirects="100"
                       name="P_Sftp_OnPremise_To_Gcp_C360Operation"
                       preemptiveAuth="true"
                       responseEncoding="">
                  <description>SFTP File to GCP from On-premise</description>
                  <input>
                     <parameter label="FileAttachment_in"
                                name="FileAttachment_in"
                                required="true"
                                testWith=""
                                type="attachment"/>
                  </input>
                  <binding>
                     <restSimpleBinding multiUsing="semicolonSeparated" url="{$url}" verb="POST">
                        <mutualAuth enabled="false">
                           <keyStore mode="file"/>
                           <keyStorePassword/>
                        </mutualAuth>
                        <httpHeaders>
                           <header name="Content-Type">application/json</header>
                        </httpHeaders>
                        <body generateUsing="Form"/>
                     </restSimpleBinding>
                  </binding>
                  <output>
                     <field description=""
                            name="HttpResponse"
                            responseStatusCode="true"
                            type="string"/>
                  </output>
               </action>
            </actions>
            <objects>
               <processObject xmlns="http://schemas.active-endpoints.com/appmodules/screenflow/2011/06/avosHostEnvironment.xsd"
                              isByCopy="true"
                              name="FileInformation">
                  <description/>
                  <detail>
                     <field name="ext" nullable="true" required="false" type="string"/>
                     <field name="path" nullable="true" required="false" type="string"/>
                     <field name="size" nullable="true" required="false" type="int"/>
                     <field name="name" nullable="true" required="false" type="string"/>
                     <field name="fullName" nullable="true" required="false" type="string"/>
                     <field name="lastModified"
                            nullable="true"
                            required="false"
                            type="datetime"/>
                     <field name="dir" nullable="true" required="false" type="string"/>
                  </detail>
               </processObject>
               <processObject xmlns="http://schemas.active-endpoints.com/appmodules/screenflow/2011/06/avosHostEnvironment.xsd"
                              isByCopy="true"
                              name="string">
                  <description/>
                  <detail>
                     <field name="string" nullable="true" required="false" type="string"/>
                  </detail>
               </processObject>
               <processObject xmlns="http://schemas.active-endpoints.com/appmodules/screenflow/2011/06/avosHostEnvironment.xsd"
                              isByCopy="true"
                              name="boolean">
                  <description/>
                  <detail>
                     <field name="boolean" nullable="true" required="false" type="boolean"/>
                  </detail>
               </processObject>
               <processObject xmlns="http://schemas.active-endpoints.com/appmodules/screenflow/2011/06/avosHostEnvironment.xsd"
                              isByCopy="true"
                              name="double">
                  <description/>
                  <detail>
                     <field name="double" nullable="true" required="false" type="double"/>
                  </detail>
               </processObject>
               <processObject xmlns="http://schemas.active-endpoints.com/appmodules/screenflow/2011/06/avosHostEnvironment.xsd"
                              isByCopy="true"
                              name="integer">
                  <description/>
                  <detail>
                     <field name="integer" nullable="true" required="false" type="int"/>
                  </detail>
               </processObject>
               <processObject xmlns="http://schemas.active-endpoints.com/appmodules/screenflow/2011/06/avosHostEnvironment.xsd"
                              isByCopy="true"
                              name="AttachmentFileContent">
                  <description/>
                  <detail>
                     <field name="attachment"
                            nullable="true"
                            required="false"
                            type="string"/>
                     <field name="fileInfo"
                            nullable="true"
                            required="false"
                            type="reference">
                        <options>
                           <option name="referenceTo">FileInformation</option>
                           <option name="relationshipName">Child</option>
                        </options>
                     </field>
                  </detail>
               </processObject>
            </objects>
         </businessConnector>
      </types1:Entry>
      <types1:GUID>99vvd9dQehOb7i86hWTECp</types1:GUID>
      <types1:DisplayName>SC_Sftp_OnPremise_To_GCP_Prod_BRSPD</types1:DisplayName>
   </types1:Item>
   <types1:CurrentServerDateTime>2022-09-02T08:22:05.862Z</types1:CurrentServerDateTime>
</aetgt:getResponse>
