objectPath,objectName,objectType,id
/Explore/BRSPD Data Integration Production,Mapping,Folder,0e3D7qDIMKthXiO4GdWb8U
/Explore/BRSPD Data Integration Production/Business Service,bsc_ P_Disconnect_PPP_Prepaid_BRSPD-Prod,BSERVICE,lp4ASzpqWOhjOwNipCM9Ar
/SYS,BRSPD_DEV_SF,Connection,5jN0vFtFWqZgastMdPAM87
/Explore/BRSPD Data Integration Production,Tasks,Folder,8ndg5m6IieleEVyRrsRy4O
/Explore/BRSPD Data Integration Production/Tasks,Mapping31,DTEMPLATE,hNriJeTgJiubMp9g4FOukF
/SYS,wsc_UPDATE_CMS_TEST_BRSPD,Connection,2Wdq5tkludWhGOkRfJP064
/Explore/BRSPD Data Integration Production/Mapping,m_ORDER_ACTIVE_BSRSP_Prod,DTEMPLATE,23N9FNnl1ockvvd6srB3yF
/SYS,qfiicssaodc02-prod.corp.intranet,AgentGroup,jinHel1UMkSjgUucmLQwgf
/Explore/BRSPD Data Integration Production/Tasks,mt_ORDER_ACTIVE_BSRSP_Prod,MTT,06aATwOeY5SgjygmPuq1eR
/Explore/BRSPD Data Integration Production,Taskflow,Folder,89ZqfDwry4jbkSztCGeJ4n
/SYS,qfmig-iics-sa-prod-two,AgentGroup,eQTieebosm9czufAowehU6
/Explore/BRSPD Data Integration Production/Mapping,m_PPP_Prepaid_Disconnect_BRSPD_Prod,DTEMPLATE,488Nv40ENGyi6sozYbF168
/SYS,wsc_Disconnect_BMOM_TEST_BRSPD,Connection,k5Rvl6cRUu0cZHpQTzqXU4
/Explore,BRSPD Data Integration Production,Project,3LHwvqIbeyYbEu6BTAdJOA
/Explore/BRSPD Data Integration Production/Business Service,bsc_ P_Disconnect_BMOM_BRSPD-Prod,BSERVICE,9d6eyk7d1p5elaebEfO00u
/Explore/BRSPD Data Integration Production/Business Service,bsc_update_CMS_TEST_BRSPD,BSERVICE,awlLXOHKsOhf4C0otFFi8o
/Explore/BRSPD Data Integration Production/Tasks,mt_PPP_Prepaid_Disconnect_BRSPD_Prod,MTT,gKnCuTf7SCPdQ8aCcY55oa
/SYS,wsc_Disconnect_PPP_Prepaid_TEST_BRSPD,Connection,2KdG7hNR2wycNwzEVnXgum
/Explore/BRSPD Data Integration Production/Business Service,bsc_update_CMS_BRSPD-Prod,BSERVICE,0IZhwxnH5G9ikiNaRIrIgW
/Explore/BRSPD Data Integration Production/Tasks,dst_SF_ORDER_BRSPD,DSS,1LR5jzK3vpWcFvFVkf56gC
/SYS,MySQL-LumenStagingDB-Prod,Connection,3K3iEVO1mahlJ46LwZEM6W
/Explore/BRSPD Data Integration Production/Taskflow,tf_ORDER_ACTIVE_BRSPD_Prod,TASKFLOW,4ecTYH3dP9PbT8Iskyn7eP
/Explore/BRSPD Data Integration Production/Mapping,m_BMOM_Disconnect-Prod,DTEMPLATE,1rsiFuW31O8f4pf3eE8nCm
/Explore/BRSPD Data Integration Production,Business Service,Folder,90jk1pdE40Sc3QDxv3dcwV
/Explore/BRSPD Data Integration Production,Components,Folder,7PEf3pvtNqXhAYOR3KwkSC