<aetgt:getResponse xmlns:aetgt="http://schemas.active-endpoints.com/appmodules/repository/2010/10/avrepository.xsd"
                   xmlns:types1="http://schemas.active-endpoints.com/appmodules/repository/2010/10/avrepository.xsd">
   <types1:Item>
      <types1:EntryId>6xtjqbdpIO3M4Ww-gt-198590-2022-08-10T00:44:39.29Z::po.xml</types1:EntryId>
      <types1:Name>customers-BRSPD-2</types1:Name>
      <types1:ParentFlowIds>SlCCKpNz6HKoJBU-gt-194529-2022-08-10T00:44:40.722Z::pd.xml,tJYKqUlLnzYLnzY-gt-231078-2022-08-10T00:44:40.309Z::pd.xml,ZXXUfTRgpDqotxG-gt-198712-2022-08-10T00:45:13.823Z::pd.xml</types1:ParentFlowIds>
      <types1:MimeType>application/xml+processobject</types1:MimeType>
      <types1:Description>Customer Status Input fields with Address</types1:Description>
      <types1:AppliesTo/>
      <types1:Tags/>
      <types1:VersionLabel>1.0</types1:VersionLabel>
      <types1:State>CURRENT</types1:State>
      <types1:ProcessGroup/>
      <types1:CreatedBy>AD15119_PRD</types1:CreatedBy>
      <types1:CreationDate>2022-08-10T00:44:39Z</types1:CreationDate>
      <types1:ModifiedBy/>
      <types1:PublicationStatus>unpublished</types1:PublicationStatus>
      <types1:AutosaveExists>false</types1:AutosaveExists>
      <types1:Entry>
         <processObject xmlns="http://schemas.active-endpoints.com/appmodules/screenflow/2011/06/avosHostEnvironment.xsd"
                        displayName="customers-BRSPD"
                        isByCopy="true"
                        name="customers-BRSPD-2">
            <description>Customer Status Input fields with Address</description>
            <tags/>
            <detail>
               <field label="DTN" name="DTN" type="string"/>
               <field label="AccountNumber" name="AccountNumber" type="string"/>
               <field label="LegacySFID" name="LegacySFID" type="string"/>
               <field label="LegacySystem" name="LegacySystem" type="string"/>
               <field label="Status" name="Status" type="string"/>
               <field label="QF_Lead_ID" name="QF_Lead_ID" type="string"/>
               <field label="Last_Modified_By" name="Last_Modified_By" type="string"/>
               <field label="Last_Modified_Date"
                      name="Last_Modified_Date"
                      type="datetime"/>
               <field label="LegacyAccountNumber"
                      name="LegacyAccountNumber"
                      type="string"/>
               <field label="OLT_ID" name="OLT_ID" type="string"/>
               <field label="OLT_Shelf" name="OLT_Shelf" type="string"/>
               <field label="Address" name="Address" type="reference">
                  <options>
                     <option name="referenceTo">$po:PO-CustStatus-Address-1</option>
                     <option name="guid">4ZVOJ70HRmmfOSdpHlVUOp</option>
                     <option name="relationshipName">Child</option>
                  </options>
               </field>
               <field label="ErrorMessage" name="ErrorMessage" type="string"/>
               <field label="Voice_Enabled" name="Voice_Enabled" type="string"/>
               <field label="Is_Converted" name="Is_Converted" type="string"/>
               <field label="Converted_Date" name="Converted_Date" type="string"/>
               <field label="Converted_Account_ID"
                      name="Converted_Account_ID"
                      type="string"/>
               <field label="SequenceNumber" name="SequenceNumber" type="string"/>
               <field label="Inventory_Source" name="Inventory_Source" type="string"/>
            </detail>
         </processObject>
      </types1:Entry>
      <types1:GUID>7sz7xfnOcomgfJAfcOzBqy</types1:GUID>
      <types1:DisplayName>customers-BRSPD</types1:DisplayName>
   </types1:Item>
   <types1:CurrentServerDateTime>2023-01-23T07:09:00.912Z</types1:CurrentServerDateTime>
</aetgt:getResponse>
