<aetgt:getResponse xmlns:aetgt="http://schemas.active-endpoints.com/appmodules/repository/2010/10/avrepository.xsd"
                   xmlns:types1="http://schemas.active-endpoints.com/appmodules/repository/2010/10/avrepository.xsd">
   <types1:Item>
      <types1:EntryId>jkWOMzeHbcjqbdp-gt-91498-2022-08-01T03:29:21.47Z::svc.xml</types1:EntryId>
      <types1:Name>SC_C360_BIWF_BRSPD</types1:Name>
      <types1:MimeType>application/xml+businesssconnector</types1:MimeType>
      <types1:Description>C360 Api for BIWF Data</types1:Description>
      <types1:AppliesTo/>
      <types1:Tags/>
      <types1:VersionLabel>1.0</types1:VersionLabel>
      <types1:State>CURRENT</types1:State>
      <types1:ProcessGroup/>
      <types1:CreatedBy>AD15100_PRD</types1:CreatedBy>
      <types1:CreationDate>2022-08-01T03:29:21Z</types1:CreationDate>
      <types1:ModifiedBy>AD15119_PRD</types1:ModifiedBy>
      <types1:ModificationDate>2022-08-01T08:16:47Z</types1:ModificationDate>
      <types1:PublicationStatus>published</types1:PublicationStatus>
      <types1:PublishedBy>AD15100_PRD</types1:PublishedBy>
      <types1:PublicationDate>2022-08-03T06:05:00Z</types1:PublicationDate>
      <types1:PublishedContributionId>project:/rt.connector/SC_C360_BIWF_BRSPD/SC_C360_BIWF_BRSPD_svcDef.xml</types1:PublishedContributionId>
      <types1:AutosaveExists>false</types1:AutosaveExists>
      <types1:Entry>
         <businessConnector xmlns="http://schemas.informatica.com/socrates/data-services/2014/05/business-connector-model.xsd"
                            agentOnly="false"
                            debug="false"
                            displayName="SC_C360_BIWF_BRSPD"
                            label=""
                            name="SC_C360_BIWF_BRSPD"
                            uuid="e6655b4b-cd0a-413f-9d04-3ff098015988">
            <description>C360 Api for BIWF Data</description>
            <tags/>
            <connectionAttributes xmlns="http://schemas.informatica.com/appmodules/screenflow/2014/04/avosConnectors.xsd">
               <connectionAttribute description="HostName"
                                    masked="false"
                                    name="hostName"
                                    required="true"
                                    testWith="api-test1.lumen.com"
                                    type="string"/>
               <connectionAttribute description="ApiKey"
                                    masked="true"
                                    name="ApiKey"
                                    required="true"
                                    testWith=""
                                    type="string"/>
               <connectionAttribute description="ApiSecret"
                                    masked="true"
                                    name="ApiSecret"
                                    required="true"
                                    testWith=""
                                    type="string"/>
            </connectionAttributes>
            <actions>
               <action category=""
                       failOnError="true"
                       forSearch="false"
                       label="C360_BIWF_Filter"
                       maxRedirects="100"
                       name="C360_BIWF_Filter"
                       preemptiveAuth="true"
                       responseEncoding="">
                  <description>C360 Get Data Service with Filter</description>
                  <input>
                     <parameter description="Last Update Time Stamp to get the CDC Data"
                                label="LastUpdateDate"
                                name="LastUpdateDate"
                                nogen="true"
                                required="true"
                                testWith="2021-07-01-T07:55:11.904Z"
                                type="string"/>
                  </input>
                  <binding>
                     <restSimpleBinding multiUsing="semicolonSeparated"
                                        url="https://{$hostName }/Consumer/v1/Account/massmarketDataRequest/getbiwfdatefilter?datetime={$LastUpdateDate}"
                                        verb="GET">
                        <mutualAuth enabled="false">
                           <keyStore mode="file"/>
                           <keyStorePassword/>
                        </mutualAuth>
                        <otherParams>
                           <otherParam name="EpochTime">{date:now()}</otherParam>
                        </otherParams>
                        <httpHeaders>
                           <header name="X-Application-Key">{$ApiKey}</header>
                           <header name="X-Digest">{dsig:hmacSHA256signature($EpochTime,$ApiSecret)}</header>
                           <header name="X-Digest-Time">{$EpochTime}</header>
                           <header name="Content-Type">application/json</header>
                        </httpHeaders>
                     </restSimpleBinding>
                  </binding>
                  <output>
                     <field description=""
                            name="HttpResponse"
                            responseStatusCode="true"
                            type="string"/>
                     <field description="" name="code" property="code" type="string"/>
                     <field description="" name="status" property="status" type="string"/>
                  </output>
               </action>
               <action category=""
                       failOnError="true"
                       forSearch="false"
                       label="C360_BIWF"
                       maxRedirects="100"
                       name="C360_BIWF"
                       preemptiveAuth="true"
                       responseEncoding="">
                  <description>C360 Get Data Service</description>
                  <input/>
                  <binding>
                     <restSimpleBinding multiUsing="semicolonSeparated"
                                        url="https://{$hostName }/Consumer/v1/Account/massmarketDataRequest/getbiwfdata"
                                        verb="GET">
                        <mutualAuth enabled="false">
                           <keyStore mode="file"/>
                           <keyStorePassword/>
                        </mutualAuth>
                        <otherParams>
                           <otherParam name="EpochTime">{date:now()}</otherParam>
                        </otherParams>
                        <httpHeaders>
                           <header name="X-Application-Key">{$ApiKey}</header>
                           <header name="X-Digest">{dsig:hmacSHA256signature($EpochTime,$ApiSecret)}</header>
                           <header name="X-Digest-Time">{$EpochTime}</header>
                           <header name="Content-Type">application/json</header>
                        </httpHeaders>
                     </restSimpleBinding>
                  </binding>
                  <output>
                     <field description=""
                            name="HttpResponse"
                            responseStatusCode="true"
                            type="string"/>
                     <field description="" name="code" property="code" type="string"/>
                     <field description="" name="status" property="status" type="string"/>
                  </output>
               </action>
            </actions>
            <objects>
               <processObject xmlns="http://schemas.active-endpoints.com/appmodules/screenflow/2011/06/avosHostEnvironment.xsd"
                              isByCopy="true"
                              name="PayLoad">
                  <description>PayLoad for BMOM Disconnect</description>
                  <detail>
                     <field name="ban" nullable="true" required="false" type="string"/>
                     <field name="isBRC" nullable="true" required="false" type="boolean"/>
                     <field name="reasonCode"
                            nullable="true"
                            required="false"
                            type="string"/>
                     <field name="sourceSystem"
                            nullable="true"
                            required="false"
                            type="string"/>
                     <field name="dueDate" nullable="true" required="false" type="string"/>
                     <field name="salesChannel"
                            nullable="true"
                            required="false"
                            type="string"/>
                  </detail>
               </processObject>
            </objects>
         </businessConnector>
      </types1:Entry>
      <types1:GUID>86kY1N2KJtkhV19z9a8GW3</types1:GUID>
      <types1:DisplayName>SC_C360_BIWF_BRSPD</types1:DisplayName>
   </types1:Item>
   <types1:CurrentServerDateTime>2022-11-11T09:27:37.77Z</types1:CurrentServerDateTime>
</aetgt:getResponse>
