<aetgt:getResponse xmlns:aetgt="http://schemas.active-endpoints.com/appmodules/repository/2010/10/avrepository.xsd"
                   xmlns:types1="http://schemas.active-endpoints.com/appmodules/repository/2010/10/avrepository.xsd">
   <types1:Item>
      <types1:EntryId>1Y8DglxbdypKwKB-gt-91088-2022-08-01T02:54:38.841Z::po.xml</types1:EntryId>
      <types1:Name>customers-BRSPD</types1:Name>
      <types1:ParentFlowIds>Cs4MAreFRqXpIW7-gt-228620-2022-08-09T05:52:39.461Z::pd.xml,m7O2htghGZ5i4rs-gt-113374-2022-08-02T20:49:51.198Z::pd.xml,UhuCMLkZlkZ2sBs-gt-15473-2022-07-06T02:43:31.742Z::pd.xml,zTm8lnCmp6oIuQa-gt-124962-2022-08-02T08:18:28.409Z::pd.xml</types1:ParentFlowIds>
      <types1:MimeType>application/xml+processobject</types1:MimeType>
      <types1:Description>Customer Status Input fields with Address</types1:Description>
      <types1:AppliesTo/>
      <types1:Tags/>
      <types1:VersionLabel>1.0</types1:VersionLabel>
      <types1:State>CURRENT</types1:State>
      <types1:ProcessGroup/>
      <types1:CreatedBy>AC83336_PRD</types1:CreatedBy>
      <types1:CreationDate>2022-08-01T02:54:39Z</types1:CreationDate>
      <types1:ModifiedBy>AD15119_PRD</types1:ModifiedBy>
      <types1:ModificationDate>2022-08-01T09:16:48Z</types1:ModificationDate>
      <types1:PublicationStatus>unpublished</types1:PublicationStatus>
      <types1:AutosaveExists>false</types1:AutosaveExists>
      <types1:Entry>
         <processObject xmlns="http://schemas.active-endpoints.com/appmodules/screenflow/2011/06/avosHostEnvironment.xsd"
                        displayName="customers-BRSPD"
                        isByCopy="true"
                        name="customers-BRSPD">
            <description>Customer Status Input fields with Address</description>
            <tags/>
            <detail>
               <field label="DTN" name="DTN" type="string"/>
               <field label="AccountNumber" name="AccountNumber" type="string"/>
               <field label="LegacySFID" name="LegacySFID" type="string"/>
               <field label="LegacySystem" name="LegacySystem" type="string"/>
               <field label="Status" name="Status" type="string"/>
               <field label="QF_Lead_ID" name="QF_Lead_ID" type="string"/>
               <field label="Last_Modified_By" name="Last_Modified_By" type="string"/>
               <field label="Last_Modified_Date"
                      name="Last_Modified_Date"
                      type="datetime"/>
               <field label="LegacyAccountNumber"
                      name="LegacyAccountNumber"
                      type="string"/>
               <field label="OLT_ID" name="OLT_ID" type="string"/>
               <field label="OLT_Shelf" name="OLT_Shelf" type="string"/>
               <field label="Address" name="Address" type="reference">
                  <options>
                     <option name="referenceTo">$po:PO-CustStatus-Address-1</option>
                     <option name="guid">4ZVOJ70HRmmfOSdpHlVUOp</option>
                     <option name="relationshipName">Child</option>
                  </options>
               </field>
               <field label="ErrorMessage" name="ErrorMessage" type="string"/>
               <field label="Voice_Enabled" name="Voice_Enabled" type="string"/>
               <field label="Is_Converted" name="Is_Converted" type="string"/>
               <field label="Converted_Date" name="Converted_Date" type="string"/>
               <field label="Converted_Account_ID"
                      name="Converted_Account_ID"
                      type="string"/>
               <field label="SequenceNumber" name="SequenceNumber" type="string"/>
               <field label="Inventory_Source" name="Inventory_Source" type="string"/>
            </detail>
         </processObject>
      </types1:Entry>
      <types1:GUID>120Kxb9nRQAcNCofHWrhoT</types1:GUID>
      <types1:DisplayName>customers-BRSPD</types1:DisplayName>
   </types1:Item>
   <types1:CurrentServerDateTime>2022-12-16T04:09:12.106Z</types1:CurrentServerDateTime>
</aetgt:getResponse>
