<aetgt:getResponse xmlns:aetgt="http://schemas.active-endpoints.com/appmodules/repository/2010/10/avrepository.xsd"
                   xmlns:types1="http://schemas.active-endpoints.com/appmodules/repository/2010/10/avrepository.xsd">
   <types1:Item>
      <types1:EntryId>Mo1QLnzYLnzYLnz-gt-30890-2022-07-06T02:43:29.618Z::conn.xml</types1:EntryId>
      <types1:Name>AC-BMOM-Disconnect</types1:Name>
      <types1:ParentFlowIds>eHls2z8Uuopz4Kh-gt-90275-2022-08-01T02:54:57.073Z::pd.xml,HUPAZf5kck8jKBm-gt-117273-2022-08-03T22:49:57.545Z::pd.xml,W1830nYNmumf6S3-gt-30973-2022-07-06T02:43:35.786Z::pd.xml</types1:ParentFlowIds>
      <types1:MimeType>application/xml+connection</types1:MimeType>
      <types1:Description>Disconnect Account on BMOM</types1:Description>
      <types1:AppliesTo/>
      <types1:Tags>.agent:qfiicssaodc02-prod.corp.intranet</types1:Tags>
      <types1:VersionLabel>1.0</types1:VersionLabel>
      <types1:State>CURRENT</types1:State>
      <types1:ProcessGroup/>
      <types1:CreatedBy>AC83336_PRD</types1:CreatedBy>
      <types1:CreationDate>2022-07-06T02:43:30Z</types1:CreationDate>
      <types1:ModifiedBy>AC83336_PRD</types1:ModifiedBy>
      <types1:ModificationDate>2022-07-27T08:13:21Z</types1:ModificationDate>
      <types1:PublicationStatus>published</types1:PublicationStatus>
      <types1:PublishedBy>AC83336_PRD</types1:PublishedBy>
      <types1:PublicationDate>2022-07-27T08:13:31Z</types1:PublicationDate>
      <types1:PublishedContributionId>project:/rt.connection/AC-BMOM-Disconnect/AC-BMOM-Disconnect.conn.xml</types1:PublishedContributionId>
      <types1:AutosaveExists>false</types1:AutosaveExists>
      <types1:Entry>
         <connection xmlns="http://schemas.informatica.com/socrates/data-services/2014/04/avosConnections.xsd"
                     displayName="AC-BMOM-Disconnect"
                     label="AC-BMOM-Disconnect"
                     name="AC-BMOM-Disconnect">
            <description>Disconnect Account on BMOM</description>
            <tags>.agent:qfiicssaodc02-prod.corp.intranet</tags>
            <agent>qfiicssaodc02-prod.corp.intranet</agent>
            <attributes>
               <attribute encrypted="false" name="hostName" value="api-test1.lumen.com"/>
               <attribute encrypted="true" name="apiKey" value=""/>
               <attribute encrypted="true" name="apiSecret" value=""/>
            </attributes>
            <businessConnector xmlns="http://schemas.informatica.com/appmodules/screenflow/2014/04/avosConnectors.xsd"
                               agentOnly="false"
                               connectorPath="project:/rt.connector/SC_BMOM_Disconnect/SC_BMOM_Disconnect_svcDef.xml"
                               guid="aczY7g6QRi2dSyZXtWMOiq"
                               name="SC_BMOM_Disconnect"
                               supportsConnectionTest="false"
                               uuid="e6655b4b-cd0a-413f-9d04-3ff098015988">
               <description>Disconnect on BMOM System</description>
            </businessConnector>
         </connection>
      </types1:Entry>
      <types1:GUID>9GhPeFTOGrXdwKUCunMN24</types1:GUID>
      <types1:DisplayName>AC-BMOM-Disconnect</types1:DisplayName>
   </types1:Item>
   <types1:CurrentServerDateTime>2022-08-19T08:07:21.043Z</types1:CurrentServerDateTime>
</aetgt:getResponse>
