objectPath,objectName,objectType,id
/Explore/Lumen Cloud Application Integration/Process,P_Error_Handling_Case_Creation,PROCESS,95XLNrXr76tettPHSQ1cCQ
/Explore/BRSPD Cloud Application Integration Production/BRSPD,mt_ORDER_ACTIVE_BRSP,MTT,8K9zkpb07UCkuGYjSppX6w
/Explore/BRSPD Cloud Application Integration Production/Service Connector,SC_PPP_Prepaid_Disconnect_BRSPD-Prod,AI_SERVICE_CONNECTOR,lKySd5CzByQgfvO93cAyg0
/Explore/Lumen Cloud Application Integration/App Connection,AC-Modem-Scan,AI_CONNECTION,8SmDICdUpSzfXB3fw8Q7m8
/Explore/Lumen Cloud Application Integration/Process Objects,PO-Error-Message,PROCESS_OBJECT,elCZnzY7VM5gmshtgaEu4t
/Explore/BRSPD Cloud Application Integration Production/BRSPD,dst_SF_ORDER_LKP,DSS,5gudu1WWjcjf1OKo1Idk2b
/Explore/BRSPD Cloud Application Integration Production/Process,P_error_handling_Case_Creation_BRSPD-Prod,PROCESS,9svJJrtYAwUdbPgYzX6Ggt
/Explore/Lumen Cloud Application Integration/Process,P_Create_Process_Stats,PROCESS,b3rU05Crbq4iLZLk21ntiA
/Explore/LUMEN_DEV/Main Lead Process,P_Error_Handling_Case_Creation_MFQ,PROCESS,3i5kS8SeEfacJcCPdLBqeG
/Explore/BRSPD Cloud Application Integration Production/Service Connector,SC_BMOM_Disconnect_BRSPD-Prod,AI_SERVICE_CONNECTOR,aldrDTkdZbxby5x0SO33Yn
/SYS,wsc_UPDATE_CMS_TEST_BRSPD,Connection,2Wdq5tkludWhGOkRfJP064
/Explore/BRSPD Cloud Application Integration Production/Service Connector,SC_Polygon_Prod_BRSPD,AI_SERVICE_CONNECTOR,aVEQl7OxWZ3jWbIjuNQvkS
/Explore/BRSPD Cloud Application Integration Production/BRSPD,tf_ORDER_ACTIVE,TASKFLOW,jz44Q9lKtqoiZ1J3HyA5MC
/Explore/Lumen Cloud Application Integration/App Connection,AC-MySQL-LumenStagingDB-Test,AI_CONNECTION,6BmTmnFDWCtfd44zV6vgA5
/Explore/Lumen Cloud Application Integration/App Connection,AC-QF-BASKET-SE-Salesforce,AI_CONNECTION,0DH32MzWsYRcS8oz6tIDmr
/Explore/BRSPD Cloud Application Integration Production/BRSPD,PObrsp,PROCESS_OBJECT,7Z6ei65ymahdsMuaQiczQa
/Explore/BRSPD Cloud Application Integration Production/Process Objects,PO-ENS-Account-BRSPD,PROCESS_OBJECT,6Du9BR9Lnm7cIVcl8KqrQ4
/Explore/BRSPD Cloud Application Integration Production/BRSPD,bsc_ P_Disconnect_BMOM_TEST,BSERVICE,00oKs75d5ejdIBauM5ysuU
/Explore/BRSPD Cloud Application Integration Production/BRSPD,sc_swaggerfile,AI_SERVICE_CONNECTOR,7zt5oaUTva6cRIYnNB13E4
/Explore/BRSPD Cloud Application Integration Production/Process Objects,PO-CustStatus-RG-BRSPD,PROCESS_OBJECT,2TaKS9MK7UIi08EgTOuDqL
/Explore/BRSPD Cloud Application Integration Production/BRSPD,AC-PPP-OPTIN-TESTBS,AI_CONNECTION,7SnyV2dLb47fiv0JICBLke
/Explore/BRSPD Cloud Application Integration Production/BRSPD,P_Main_Automation_Lead_Load_Process_test -WA,PROCESS,42yCaPe9uS3lU05giKfC8y
/SYS,wsc_Disconnect_BMOM_TEST_BRSPD,Connection,k5Rvl6cRUu0cZHpQTzqXU4
/Explore/Lumen Cloud Application Integration Production,App Connection,Folder,3IqfLNMYSaneEKwWAGohCv
/Explore/BRSPD Cloud Application Integration Production/BRSPD,P_Disconnect_PPP_Prepaid_TEST,PROCESS,0gLQBhUJnqAeX4pMwsvWQk
/Explore/BRSPD Cloud Application Integration Production/BRSPD,m_BMOM_Disconnect,DTEMPLATE,4DVnysozRYsgDMKlmg5dEe
/Explore/BRSPD Cloud Application Integration Production/Process,P_Update_Customer_Status_BRSPD-Prod,PROCESS,4bQKmqjuXAkdR7MmJm3985
/Explore/BRSPD Cloud Application Integration Production/BRSPD,BRSP-SalesForce,AI_CONNECTION,cG6kdXPwfKWdCEwtxRof4A
/Explore/Lumen Cloud Application Integration Production/App Connection,AC-Polygon-Prod,AI_CONNECTION,bOzMVRiXrMqf6Np8FskVgk
/Explore/BRSPD Cloud Application Integration Production/BRSPD,NAME-NO-status,PROCESS_OBJECT,9uEdv6j4PSWju7oKT7r2U7
/Explore/Lumen Cloud Application Integration/Process Objects,PO-ENS-Pricing,PROCESS_OBJECT,aIZ1HZtlQMNe7SANjemT8T
/Explore/BRSPD Cloud Application Integration Production/BRSPD,mt_ACCOUNT_TO_SF_BULK_fortest4,MTT,5eIaYnornUlklv3KGByX24
/Explore/BRSPD Cloud Application Integration Production/Process Objects,PO-ENS-PPP-Pricing-BRSPD,PROCESS_OBJECT,1p15jZBa1RfeAJUtRgesUf
/SYS,QF-TEST4-Sandbox-Salesforce,Connection,3N1Mn0hONIeiXQBpzHgYsp
/Explore/BRSPD Cloud Application Integration Production/BRSPD,table2,PROCESS_OBJECT,aQ9JmvzISgrfCNH78hW0SE
/Explore/LUMEN_DEV,HJM,Folder,8ncWnAznwe0l2CmOeTheC4
/Explore,Lumen Cloud Application Integration Production,Project,a9OdSiQW9KRiKp06etZSgu
/Explore/Lumen Cloud Application Integration,Process,Folder,0HpvYc1OmWudIG4pZtJtcP
/Explore/BRSPD Cloud Application Integration Production/BRSPD,check_legacy_ENS,DTEMPLATE,0Jh5xDGjGs0kvOWqgziFQH
/Explore/BRSPD Cloud Application Integration Production/BRSPD,mt_ORDER_ACTIVE_LFACS_NIC,MTT,h3qANIMviUSe0UGZ5Thx6A
/SYS,Oracle_ENS,Connection,3VS0w6FYWMqcfh6kYMKD8O
/Explore/BRSPD Cloud Application Integration Production/BRSPD,m_ORDER_ACTIVE_brsp,DTEMPLATE,679eg1B6CySf3hxhEIuUkT
/Explore/BRSPD Cloud Application Integration Production/BRSPD,BRSP-SalesForce1,AI_CONNECTION,byLFl6RXhGTcYWqg1Ml2is
/Explore/BRSPD Cloud Application Integration Production/Service Connector,SC-Modem-Scan-Prod_BRSPD-Prod,AI_SERVICE_CONNECTOR,4WK9PByqmKhjAE9nReEGMf
/Explore/LUMEN_DEV/HJM,AC-PPP-OPTIN-TESTBS,AI_CONNECTION,225KlvEetATicIL2BPrPEj
/Explore,BRSPD Cloud Application Integration Production,Project,hMSIIvYGRwedD71pNL6i4E
/Explore,Lumen Cloud Application Integration,Project,4w7ZPPMG6AlgEbKOnMrK8B
/Explore/BRSPD Cloud Application Integration Production/BRSPD,mt_PPP_Prepaid_Disconnect,MTT,9KBYbytIpzwe4Tg5huV6Wr
/Explore/Lumen Cloud Application Integration/Service Connector,SC_BMOM_Disconnect,AI_SERVICE_CONNECTOR,aczY7g6QRi2dSyZXtWMOiq
/Explore/Lumen Cloud Application Integration/Process Objects,PO-ENS-PPP-Pricing,PROCESS_OBJECT,26zCaOSpw14hpccF2o0aYd
/Explore/Lumen Cloud Application Integration/Process Objects,PO-Transform-QF-Lead,PROCESS_OBJECT,0uarc9tWkG7fFqyRneUC0E
/Explore/BRSPD Cloud Application Integration Production/BRSPD,bsc_ORDER_ACTIVE_STATUS,BSERVICE,834T5DIVo9edSPiTiYTpwr
/Explore/BRSPD Cloud Application Integration Production/BRSPD,dst_CONTACT_SF_STG_CTL_ON,DSS,3HBQPI4fJu1eWZvDQbuKwK
/Explore/BRSPD Cloud Application Integration Production/Process Objects,PO-CustStatus-Address-BRSPD,PROCESS_OBJECT,3seqE3uaMRGgT4y9L27Ik3
/SYS,qfiicssaodc02-prod.corp.intranet,AgentGroup,jinHel1UMkSjgUucmLQwgf
/Explore/BRSPD Cloud Application Integration Production/BRSPD,P_Post_Order-v1,PROCESS,4LfmsgVxWUThThqSco6B8H
/Explore/BRSPD Cloud Application Integration Production/BRSPD,SalesforceBS,AI_CONNECTION,jMonaIRMFg9bNsi7EUiSg8
/Explore/BRSPD Cloud Application Integration Production/Process Objects,PO-Error-Message_BRSPD,PROCESS_OBJECT,aJr7ZTk75uek8fiongOsut
/Explore/BRSPD Cloud Application Integration Production/BRSPD,mt_BMOM_Disconnect,MTT,6jBvMTQ1tIIl4bJRuVM0Yl
/Explore/BRSPD Cloud Application Integration Production/Process,P_PPP_Oracle_Execute_SQL_BRSPD-Prod,PROCESS,0rkkhxxL375cXnJzce1Tet
/Explore/LUMEN_DEV/HJM,bsc_ P_Disconnect_BMOM_TEST,BSERVICE,juyrfO1L7Wvcl7kLQovcq7
/Explore/BRSPD Cloud Application Integration Production/BRSPD,P_Main_Automation_Lead_Load_Process_test - workaround,PROCESS,3idf7rVEm0Ulkvz7ejO5yR
/Explore/BRSPD Cloud Application Integration Production/BRSPD,CUSTOMER_MIGRATION_STATUS_JJG_POST,PROCESS,4rfSWDyfo9xh662RCkl1Yp
/Explore,LUMEN_DEV,Project,4GcQ798h6zelkZQHmmgFUs
/Explore/BRSPD Cloud Application Integration Production/BRSPD,emp-no-stat,PROCESS_OBJECT,gLVnb42az2OjpCKfLCW9gm
/Explore/BRSPD Cloud Application Integration Production/Service Connector,SC_FileWriter_Communications_Prod_BRSPD-Prod,AI_SERVICE_CONNECTOR,59yoKyEJOEybnj8O6Mz6m7
/Explore/Lumen Cloud Application Integration,Process Objects,Folder,i6uWGryUX40dCdKKftJV64
/Explore/Lumen Cloud Application Integration/App Connection,AC-MySQL-LumenStagingDB-MainLeadLoad,AI_CONNECTION,edJlHioltAjlenCSMLeyEH
/Explore/BRSPD Cloud Application Integration Production/Process,P_Update_Customer_Status_Group_BRSPD-Prod,PROCESS,9gvgOhu4qBrfAP41ZGbVqP
/Explore/BRSPD Cloud Application Integration Production/App Connection,AC-BMOM-Disconnect-BRSPD-Prod,AI_CONNECTION,0WQ9guMKxMVgE85Zi9MXWK
/Explore/BRSPD Cloud Application Integration Production/BRSPD,CUSTOMER_MIGRATION_4QA,PROCESS,c9ranTmyZOjgRUpmHtZccF
/Explore/BRSPD Cloud Application Integration Production/BRSPD,m_ORDER_ACTIVE_BS,DTEMPLATE,ioSw6VE17q0g0c2APYQGCT
/Explore/Lumen Cloud Application Integration/Process Objects,PO-CustStatus-RG,PROCESS_OBJECT,eZaWXmKtEq0cMv4hF7c063
/Explore/BRSPD Cloud Application Integration Production/Process,P_Disconnect_PPP_Prepaid_BRSPD-Prod,PROCESS,3PSckXFPNLYjxE8JEjFj28
/Explore/BRSPD Cloud Application Integration Production/BRSPD,P_Disconnect_ENS-TEST,PROCESS,47rC6G9UgIdivBq7oTACeJ
/Explore/BRSPD Cloud Application Integration Production/App Connection,AppConnBRSPD-DEV-Prod,AI_CONNECTION,1ChTmIwkPi6cQd5vj5r9mh
/Explore/BRSPD Cloud Application Integration Production/BRSPD,WWW,PROCESS,0cVW5bpW5jLfetDN4HTu65
/Explore/BRSPD Cloud Application Integration Production/BRSPD,test1,PROCESS,37O9BMqfN80aZSDRbU6u4m
/Explore/BRSPD Cloud Application Integration Production/BRSPD,PO-PPP-Read,PROCESS_OBJECT,dtIwqjuqN2PbPkpOoiEQIT
/Explore/BRSPD Cloud Application Integration Production/BRSPD,BRSP-TEST,PROCESS,6p5CzG2n3VmghqocB75rE7
/Explore/Lumen Cloud Application Integration/Process,P_GCP_Staging_Execute_SQL,PROCESS,8eNu9r157PBlYDNIL9Wt2y
/SYS,BRSPD_DEV_SF,Connection,5jN0vFtFWqZgastMdPAM87
/Explore,BRSPD Cloud Application Integration,Project,6jeakSty7FMe6Ma2pmtJqS
/Explore/BRSPD Cloud Application Integration Production/App Connection,AC-MySQL-LumenStagingDB-MainLeadLoad-BRSPD-Prod,AI_CONNECTION,acrKEYx3buUgJNeOHPlTI0
/Explore/BRSPD Cloud Application Integration,App Connection,Folder,6wWw7ZTNMOdg31ycGYkP87
/Explore/BRSPD Cloud Application Integration Production/BRSPD,bsc_update_CMS_TEST,BSERVICE,3ZaO5SNeGLoiYbg06FLJm6
/Explore/BRSPD Cloud Application Integration Production,BRSPD,Folder,a6RX6kCqxkEjAxnksfCPs6
/Explore/BRSPD Cloud Application Integration Production/App Connection,AC-Modem-Scan-BRSPD-Prod,AI_CONNECTION,5Z3EpFX2pTTbbHvsapLwmr
/Explore/BRSPD Cloud Application Integration Production/Service Connector,SC_Oauth_Access_Token_Prod_BRSPD,AI_SERVICE_CONNECTOR,8DFiZqVCAlRjnjZFa1BJ8S
/Explore/BRSPD Cloud Application Integration Production/App Connection,AC-Polygon-Prod-BRSPD-Prod,AI_CONNECTION,0di80fPajE8g3HgdZavAkK
/Explore/BRSPD Cloud Application Integration Production/App Connection,AppConnBRSPD-DEV,AI_CONNECTION,kwIlaJGJ1CDfPfGo1XFQYV
/Explore/LUMEN_DEV,Main Lead Process,Folder,715rUi63FQHjbp9WE8TT6s
/Explore/BRSPD Cloud Application Integration Production/Process Objects,PO-PPP-Pricing-BRSPD,PROCESS_OBJECT,2g9IfDKbXq1ee4JmlVUj6B
/Explore/BRSPD Cloud Application Integration Production/Process Objects,customers-BRSPD,PROCESS_OBJECT,3pQht08NyZaeF4TXWysu4v
/SYS,QF-TEST1-Sandbox-Salesforce,Connection,ameOt5JsPOgleSESsNm3ql
/Explore/BRSPD Cloud Application Integration Production/BRSPD,P_Main_Automation_Lead_Load_Process_test -WA-DMDEV,PROCESS,64qYYSLSsgxgahX2maMh8Q
/Explore/Lumen Cloud Application Integration/Process Objects,PO-CustStatus-Address,PROCESS_OBJECT,4ZVOJ70HRmmfOSdpHlVUOp
/Explore/BRSPD Cloud Application Integration Production/BRSPD,AC-CUSTOMER-MIGRATION-STATUS-JJG-032822,AI_CONNECTION,dMvMP61G6WUi5OF6gDiyWW
/SYS,Oracle_PPP_Prod,Connection,k9JnoGL3OC4hEu28YQp06m
/SYS,qfmig-iics-sa-prod-two,AgentGroup,eQTieebosm9czufAowehU6
/Explore/BRSPD Cloud Application Integration Production/BRSPD,PObrsp1,PROCESS_OBJECT,3mRgKD7aeqRlSqRACxATc8
/Explore/BRSPD Cloud Application Integration/App Connection,AC-MySQL-LumenStagingDB-Test-BRSPD,AI_CONNECTION,cEQ5ftdGwI7l1iQR5Cvh6m
/Explore/BRSPD Cloud Application Integration Production,Process Objects,Folder,4tfThO3ZmCsdE2o6r649C5
/Explore/Lumen Cloud Application Integration,Service Connector,Folder,awlNxyI3wLLjJru95gD1IA
/Explore/BRSPD Cloud Application Integration Production/Process,P_Error_Handling_Case_Creation_MFQ_BRSPD-Prod,PROCESS,9Fwge1eR5sCi97zFOjPtSb
/Explore/BRSPD Cloud Application Integration Production/BRSPD,AC-ENS-PRICING-EXTRACT-OPTIN-BS,AI_CONNECTION,jYltOKwVUkzhPPYCX6FUsz
/Explore/BRSPD Cloud Application Integration Production/App Connection,AC-OAuth-Access-Token-Prod-BRSPD-Prod,AI_CONNECTION,84U47h9gv5bkRVjMHS4MQo
/Explore/LUMEN_DEV/JJG,PO-CMSJJG-032922-Copy,PROCESS_OBJECT,35uLcBk3GK2fJSyLcOwJe4
/Explore/BRSPD Cloud Application Integration Production/App Connection,AC-ENS-PRICING-EXTRACT-OPTIN-BRSPD,AI_CONNECTION,jWMgxRKmVmGjhhCguR2aCC
/Explore/LUMEN_DEV,JJG,Folder,j8BkfC9i8Wpif6x8Xg0bsG
/Explore/BRSPD Cloud Application Integration Production/BRSPD,mt_ORDER_ACTIVE_BS,MTT,5oDgIohNWJiibjejEcAWGV
/Explore/Lumen Cloud Application Integration Production/App Connection,AC-OAuth-Access-Token-Prod,AI_CONNECTION,22zxoqnbOfBcbqF7K2VIuY
/Explore/BRSPD Cloud Application Integration Production/Service Connector,SC_Sftp_OnPremise_To_GCP_Prod_BRSPD,AI_SERVICE_CONNECTOR,99vvd9dQehOb7i86hWTECp
/Explore/BRSPD Cloud Application Integration Production/BRSPD,P_Main_Automation_Lead_Load_Process_test -WA - v2,PROCESS,4LPQivzFWkvet5TISKD8AJ
/Explore/BRSPD Cloud Application Integration Production,Service Connector,Folder,23fSiZlZeJ0ldrQsfnlqeb
/Explore/BRSPD Cloud Application Integration Production/App Connection,AC-PPP-OPTIN-TEST-BRSPD,AI_CONNECTION,5wd7XBlXisDcdBfqKc19kG
/Explore/BRSPD Cloud Application Integration Production/Process Objects,PO-Transform-QF-Lead-BRSPD,PROCESS_OBJECT,4AGz4Qy2d4wbigX8wLqsGX
/SYS,MySQL-LumenStagingDB-Prod,Connection,3K3iEVO1mahlJ46LwZEM6W
/Explore/BRSPD Cloud Application Integration Production,App Connection,Folder,hvg9qtK42Qcbi3Biw6bJgu
/Explore/BRSPD Cloud Application Integration Production/BRSPD,GetMyrnah,PROCESS,0CBdEqz5l40ba81ghoTIOF
/Explore/BRSPD Cloud Application Integration Production/Service Connector,SC_C360_BIWF_BRSPD-Prod,AI_SERVICE_CONNECTOR,55m0LZYzpNMlN94r9qNCSf
/Explore/BRSPD Cloud Application Integration Production/Process,P_Disconnect_ENS_TEST_BRSPD,PROCESS,4VGbJMaI6WJcgqn1ulN4Ch
/Explore/LUMEN_DEV/HJM,bsc_ P_Disconnect_PPP_Prepaid_TEST,BSERVICE,hNhoZPSPVSNhOOSBLB1WIH
/Explore/BRSPD Cloud Application Integration Production/BRSPD,POST_CUSTOMER_MIGRATION_STATUS_JJG-v2,PROCESS,8fWWmkLKTAAg3eyVzD5Hcs
/Explore/Lumen Cloud Application Integration/Service Connector,SC-Modem-Scan,AI_SERVICE_CONNECTOR,jelyGN0AgqFgDGEySeEz6V
/Explore/BRSPD Cloud Application Integration Production/App Connection,AC-PPP-Prepaid-Disconnect-BRSPD,AI_CONNECTION,gNWNffRlS6xcM3yluzhJmL
/Explore/LUMEN_DEV/HJM,bsc_update_CMS_TEST,BSERVICE,5P4OKMokx9VjiMmYXJvFiZ
/Explore/BRSPD Cloud Application Integration Production/BRSPD,PO-GET-ORDER-v1,PROCESS_OBJECT,4hbw4vLBvYAjbUoWaF5zWq
/Explore/BRSPD Cloud Application Integration Production/Process Objects,PO-ENS-Pricing-BRSPD,PROCESS_OBJECT,dru4kO30TsTiE3065s4A6J
/Explore/BRSPD Cloud Application Integration Production/BRSPD,P_Disconnect_BMOM_TEST,PROCESS,0toXI3wAqf3euQkHfy5OAf
/Explore/Lumen Cloud Application Integration Production/Process Objects,customers,PROCESS_OBJECT,amddwcVjDvffwjTfTuVz8r
/Explore/BRSPD Cloud Application Integration Production/BRSPD,GetMyrna,PROCESS,5ViRTU9qET1cLzUApAoZiz
/Explore/BRSPD Cloud Application Integration Production/BRSPD,m_PPP_Prepaid_Disconnect,DTEMPLATE,coGRTKsXAyjfI63MKIkXoY
/Explore/BRSPD Cloud Application Integration Production/Process Objects,PO-PPP-Read-BRSPD,PROCESS_OBJECT,4xriYZq7BMPgGv3oMbnh4g
/Explore/BRSPD Cloud Application Integration Production/BRSPD,P_Update_Customer_Status_Group4_5,PROCESS,4zRYojpK6vEjUR447G5Jag
/Explore/BRSPD Cloud Application Integration,Process,Folder,ltotSOu3Y8NcCtr4XDAE40
/Explore/BRSPD Cloud Application Integration Production/BRSPD,ServiceConnector1,AI_SERVICE_CONNECTOR,68ZvXiPhVFcjT0XijBIkqD
/Explore/BRSPD Cloud Application Integration Production/App Connection,AppConnBRSPD-CAI-DEV,AI_CONNECTION,8GpSxlE7LyAbsuweqb5k6h
/Explore/BRSPD Cloud Application Integration Production/App Connection,AC-QF-BASKET-SE-Salesforce-BRSPD,AI_CONNECTION,0SyzPiRoOOblK4RmKVl8qR
/Explore/BRSPD Cloud Application Integration Production/BRSPD,P_Get_Order-v1,PROCESS,9gpYtf4MMfZdkR0u66W9ya
/Explore/Lumen Cloud Application Integration Production,Process Objects,Folder,djKMyWtDwYTcFFY3ndw2Ep
/Explore/LUMEN_DEV/Jo,P_Update_Customer_Status_Group4_5,PROCESS,6aQ7p78ckXHkb69VLP5962
/Explore/Lumen Cloud Application Integration Production/Process Objects,PO-CustStatus-Address,PROCESS_OBJECT,55WhcRGlWlkiTeUVA4VyAY
/Explore/BRSPD Cloud Application Integration Production/BRSPD,EMPconnection,AI_CONNECTION,29lqv6pmFwDkkmOABG1auT
/Explore/BRSPD Cloud Application Integration Production/App Connection,AC-MySQL-LumenStagingDB-Test-BRSPD,AI_CONNECTION,f97bq5duq8MhrfMQcEj1mP
/Explore/BRSPD Cloud Application Integration Production/BRSPD,m_ACCOUNT_TO_SF_BULK_fortest4,DTEMPLATE,iSwCG3UV8I7c9VD8wBAcEn
/Explore/BRSPD Cloud Application Integration Production/BRSPD,bsc_ P_Disconnect_PPP_Prepaid_TEST,BSERVICE,7CHAHXFLHusbWYQaN7jNc3
/Explore/BRSPD Cloud Application Integration Production,Process,Folder,asEXqhlcY8Jk2Vey1NVBc0
/Explore/BRSPD Cloud Application Integration Production/BRSPD,AC-MySQL-LumenStagingDB-Test,AI_CONNECTION,afLBzaLqDSwcw7O3YX1e8H
/Explore/BRSPD Cloud Application Integration Production/BRSPD,P_PPP_Oracle_Execute_SQL_test,PROCESS,4YhpG1ID0JdbvM4TogEym2
/Explore/Lumen Cloud Application Integration/Process Objects,PO-ENS-Account,PROCESS_OBJECT,bKmhufwdLiYfvARKpYOnMb
/Explore/BRSPD Cloud Application Integration Production/Process,P_GCP_Staging_Execute_SQL_BRSPD-Prod,PROCESS,3uy5IbpG9xKgyMTqck2VmW
/Explore/BRSPD Cloud Application Integration Production/Process,P_ENS_Execute_SQL_BRSPD-Prod,PROCESS,5mjm74PV2cDcTXjbOFW18w
/SYS,web_svc_ORDER_ACTIVE_UPDATE,Connection,27zgjj4vf2jdMuGDLBDB4d
/Explore/Lumen Cloud Application Integration/App Connection,AC-PPP-Prepaid-Disconnect,AI_CONNECTION,dSakkwAHEoPhVekrhTgWgR
/Explore/BRSPD Cloud Application Integration Production/Process,P_Disconnect_BMOM_BRSPD-Prod,PROCESS,dUCVAJGATsAcMvbroy2Ag9
/SYS,wsc_Disconnect_PPP_Prepaid_TEST_BRSPD,Connection,2KdG7hNR2wycNwzEVnXgum
/Explore/BRSPD Cloud Application Integration Production/BRSPD,ServiceConnectorbrspd,AI_SERVICE_CONNECTOR,0y7PNFeD6sbeoKz3dyGuU0
/Explore/Lumen Cloud Application Integration/App Connection,AC-BMOM-Disconnect,AI_CONNECTION,9GhPeFTOGrXdwKUCunMN24
/Explore/Lumen Cloud Application Integration,App Connection,Folder,0TCdjyl2fRhe7NzsclR56h
/Explore/LUMEN_DEV,Jo,Folder,1669j98ePTOlIBTm1G8mwB
/Explore/BRSPD Cloud Application Integration Production/BRSPD,check_legacy_PPP - Copy 1,DTEMPLATE,3KnYKk8cZAUcyyag031tYm
/Explore/BRSPD Cloud Application Integration Production/BRSPD,PO-BRSP,PROCESS_OBJECT,hVp3DkUT6oVgXfAPOZ0PaU
/Explore/BRSPD Cloud Application Integration Production/BRSPD,dst_SF_ORDER_brsp,DSS,2wnMfnCwGmubEhNXLqtUSG
/Explore/BRSPD Cloud Application Integration Production/Service Connector,SC-Modem-Scan_BRSPD-Prod,AI_SERVICE_CONNECTOR,hEiKKZXzTE5hMCaNJIuSmk
/Explore/BRSPD Cloud Application Integration Production/BRSPD,check_legacy_PPP,DTEMPLATE,6nH6020F9uqfEGtQtrws8N
/Explore/BRSPD Cloud Application Integration Production/BRSPD,get1,PROCESS,8LOgwRPDfS6hNfV0mWFFme
/Explore/BRSPD Cloud Application Integration Production/Process,P_Main_Automation_Lead_Load_Process_BRSPD-Prod,PROCESS,9XVF03jByQ2fd8rxbN5kKS
/Explore/BRSPD Cloud Application Integration/Process,P_Create_Process_Stats_BRSPD,PROCESS,9xgK8swOYBicSDzdCYpDGX
/Explore/BRSPD Cloud Application Integration Production/Process,P_Create_Process_Stats_BRSPD-Prod,PROCESS,6leo62aGUgRgfcYp9U9TgX
/Explore/BRSPD Cloud Application Integration Production/BRSPD,CUSTOMER_MIGRATION_JJG_032822,PROCESS,7EvBQ8uumideG9TYbSzI2G
/SYS,QF-QA-Sandbox-Salesforce,Connection,7ZD4NjkJAQ3bJml0kJ2sQx
/Explore/Lumen Cloud Application Integration/Process Objects,PO-PPP-Pricing,PROCESS_OBJECT,1YeaZbEIz5jlGVBPYVfgEW
/Explore/BRSPD Cloud Application Integration Production/BRSPD,P_Main_Automation_Lead_Load_Process_test,PROCESS,9p2t40cw5sDbKz7xoLc3W8
/Explore/Lumen Cloud Application Integration/Service Connector,SC_PPP_Prepaid_Disconnect,AI_SERVICE_CONNECTOR,2ieLwumDvYBekknveW5Zwe