<aetgt:getResponse xmlns:aetgt="http://schemas.active-endpoints.com/appmodules/repository/2010/10/avrepository.xsd"
                   xmlns:types1="http://schemas.active-endpoints.com/appmodules/repository/2010/10/avrepository.xsd">
   <types1:Item>
      <types1:EntryId>Fjuz3PI2HBxZmtK-gt-146443-2022-08-03T22:49:29.511Z::po.xml</types1:EntryId>
      <types1:Name>PObrsp1-1</types1:Name>
      <types1:ParentFlowIds>40bdpsaaaa-gt-117181-2022-08-03T22:49:29.894Z::pd.xml</types1:ParentFlowIds>
      <types1:MimeType>application/xml+processobject</types1:MimeType>
      <types1:Description/>
      <types1:AppliesTo/>
      <types1:Tags/>
      <types1:VersionLabel>1.0</types1:VersionLabel>
      <types1:State>CURRENT</types1:State>
      <types1:ProcessGroup/>
      <types1:CreatedBy>AD15100_PRD</types1:CreatedBy>
      <types1:CreationDate>2022-08-03T22:49:30Z</types1:CreationDate>
      <types1:ModifiedBy/>
      <types1:PublicationStatus>unpublished</types1:PublicationStatus>
      <types1:AutosaveExists>false</types1:AutosaveExists>
      <types1:Entry>
         <processObject xmlns="http://schemas.active-endpoints.com/appmodules/screenflow/2011/06/avosHostEnvironment.xsd"
                        displayName="PObrsp1"
                        isByCopy="true"
                        name="PObrsp1-1">
            <description/>
            <tags/>
            <detail>
               <field label="AB Test"
                      name="et4ae5__abTest__c"
                      nullable="true"
                      required="false"
                      type="boolean"/>
               <field label="Account"
                      name="Account"
                      nullable="true"
                      required="false"
                      type="string"/>
               <field label="Account Balance"
                      name="vlocity_cmt__AccountBalance__c"
                      nullable="true"
                      required="false"
                      type="string"/>
               <field label="Account Contact Relationship"
                      name="AccountContactRelation"
                      nullable="true"
                      required="false"
                      type="string"/>
               <field label="Account Discount Item"
                      name="vlocity_cmt__AccountDiscountItem__c"
                      nullable="true"
                      required="false"
                      type="string"/>
               <field label="Activated By"
                      name="ActivatedById"
                      nullable="true"
                      required="false"
                      type="string"/>
               <field label="Activated Date"
                      name="ActivatedDate"
                      nullable="true"
                      required="false"
                      type="datetime"/>
               <field label="Active Order Version"
                      name="vlocity_cmt__IsActiveOrderVersion__c"
                      nullable="true"
                      required="false"
                      type="boolean"/>
               <field label="Bill To Contact"
                      name="BillToContactId"
                      nullable="true"
                      required="false"
                      type="string"/>
               <field label="Billing Account"
                      name="Zuora__CustomerAccount__c"
                      nullable="true"
                      required="false"
                      type="string"/>
               <field label="Billing Address"
                      name="BillingAddress"
                      nullable="true"
                      required="false"
                      type="string"/>
               <field label="Billing Name"
                      name="vlocity_cmt__BillingName__c"
                      nullable="true"
                      required="false"
                      type="string"/>
               <field label="Buy Flow Transactions Summary"
                      name="TransactionId__c"
                      nullable="true"
                      required="false"
                      type="string"/>
               <field label="Campaign"
                      name="vlocity_cmt__CampaignId__c"
                      nullable="true"
                      required="false"
                      type="string"/>
               <field label="Cancel Internal Reason"
                      name="Cancel_Internal_Reason__c"
                      nullable="true"
                      required="false"
                      type="string"/>
               <field label="Cancel Reason Comments"
                      name="Cancel_Reason_Comments__c"
                      nullable="true"
                      required="false"
                      type="textarea"/>
               <field label="Cancellation Notes"
                      name="Cancellation_Notes__c"
                      nullable="true"
                      required="false"
                      type="textarea"/>
               <field label="Cancellation Reason"
                      name="Cancellation_Reason__c"
                      nullable="true"
                      required="false"
                      type="string"/>
               <field label="Cart Identifier"
                      name="vlocity_cmt__CartIdentifier__c"
                      nullable="true"
                      required="false"
                      type="string"/>
               <field label="Changes Accepted"
                      name="vlocity_cmt__IsChangesAccepted__c"
                      nullable="true"
                      required="false"
                      type="boolean"/>
               <field label="Changes Allowed"
                      name="vlocity_cmt__IsChangesAllowed__c"
                      nullable="true"
                      required="false"
                      type="boolean"/>
               <field label="Company Authorized By"
                      name="CompanyAuthorizedById"
                      nullable="true"
                      required="false"
                      type="string"/>
               <field label="Company Authorized Date"
                      name="CompanyAuthorizedDate"
                      nullable="true"
                      required="false"
                      type="date"/>
               <field label="ConEmail"
                      name="ConEmail__c"
                      nullable="true"
                      required="false"
                      type="string"/>
               <field label="Contact Email"
                      name="Contact_Email__c"
                      nullable="true"
                      required="false"
                      type="email"/>
               <field label="Contact Mobile"
                      name="Contact_Mobile__c"
                      nullable="true"
                      required="false"
                      type="phone"/>
               <field label="Contact Name"
                      name="Contact_Name__c"
                      nullable="true"
                      required="false"
                      type="string"/>
               <field label="Contact Phone"
                      name="Contact_Phone__c"
                      nullable="true"
                      required="false"
                      type="phone"/>
               <field label="Contract End Date"
                      name="ContractEndDate"
                      nullable="true"
                      required="false"
                      type="date"/>
               <field label="Contract Name"
                      name="ContractName"
                      nullable="true"
                      required="false"
                      type="string"/>
               <field label="Contract Number"
                      name="ContractId"
                      nullable="true"
                      required="false"
                      type="string"/>
               <field label="Created By"
                      name="CreatedById"
                      nullable="true"
                      required="false"
                      type="string"/>
               <field label="Created By API"
                      name="vlocity_cmt__CreatedByAPI__c"
                      nullable="true"
                      required="false"
                      type="string"/>
               <field label="Credit Check Decision"
                      name="vlocity_cmt__CreditCheckDecision__c"
                      nullable="true"
                      required="false"
                      type="string"/>
               <field label="Customer Account Key"
                      name="Basket_Key__c"
                      nullable="true"
                      required="false"
                      type="string"/>
               <field label="Customer Authorized By"
                      name="CustomerAuthorizedById"
                      nullable="true"
                      required="false"
                      type="string"/>
               <field label="Customer Authorized Date"
                      name="CustomerAuthorizedDate"
                      nullable="true"
                      required="false"
                      type="string"/>
               <field label="Customer Originated By"
                      name="vlocity_cmt__CustomerOriginatedById__c"
                      nullable="true"
                      required="false"
                      type="string"/>
               <field label="Customer Time Zone"
                      name="Customer_Time_Zone__c"
                      nullable="true"
                      required="false"
                      type="string"/>
               <field label="Default Currency Payment Mode"
                      name="vlocity_cmt__DefaultCurrencyPaymentMode__c"
                      nullable="true"
                      required="false"
                      type="string"/>
               <field label="Delivery Installation Status"
                      name="vlocity_cmt__Delivery_Installation_Status__c"
                      nullable="true"
                      required="false"
                      type="string"/>
               <field label="Delivery Method"
                      name="vlocity_cmt__DeliveryMethod__c"
                      nullable="true"
                      required="false"
                      type="string"/>
               <field label="Description"
                      name="Description"
                      nullable="true"
                      required="false"
                      type="string"/>
               <field label="Digital Voice TN"
                      name="Digital_Voice_TN__c"
                      nullable="true"
                      required="false"
                      type="string"/>
               <field label="Account Discount"
                      name="vlocity_cmt__AccountDiscount__c"
                      nullable="true"
                      required="false"
                      type="string"/>
               <field label="Order Number"
                      name="OrderNumber"
                      nullable="true"
                      required="false"
                      type="double"/>
               <field label="AccountName"
                      name="AccountName"
                      nullable="true"
                      required="false"
                      type="string"/>
               <field label="Phone Number"
                      name="Phone_Number__c"
                      nullable="true"
                      required="false"
                      type="string"/>
               <field label="Account Brand"
                      name="AccountBrand"
                      nullable="true"
                      required="false"
                      type="string"/>
            </detail>
         </processObject>
      </types1:Entry>
      <types1:GUID>3mRgKD7aeqRlSqRACxATc8</types1:GUID>
      <types1:DisplayName>PObrsp1</types1:DisplayName>
   </types1:Item>
   <types1:CurrentServerDateTime>2023-02-06T04:23:14.696Z</types1:CurrentServerDateTime>
</aetgt:getResponse>
