<aetgt:getResponse xmlns:aetgt="http://schemas.active-endpoints.com/appmodules/repository/2010/10/avrepository.xsd"
                   xmlns:types1="http://schemas.active-endpoints.com/appmodules/repository/2010/10/avrepository.xsd">
   <types1:Item>
      <types1:EntryId>cmpiZ4i61KoJBUh-gt-138452-2022-08-03T22:49:18.045Z::conn.xml</types1:EntryId>
      <types1:Name>AC-PPP-OPTIN-TESTBS-2</types1:Name>
      <types1:ParentFlowIds>0aa-gt-116548-2022-08-03T22:50:06.999Z::pd.xml,IFDlyjllCYAOTMn-gt-116500-2022-08-03T22:49:53.552Z::pd.xml,sMSAP38nXxpr1Iw-gt-146592-2022-08-03T22:50:13.293Z::pd.xml,USJRS4JtlI20hEL-gt-116420-2022-08-03T22:49:31.746Z::pd.xml</types1:ParentFlowIds>
      <types1:MimeType>application/xml+connection</types1:MimeType>
      <types1:Description/>
      <types1:AppliesTo/>
      <types1:Tags>.agent:qfmig-iics-sa</types1:Tags>
      <types1:VersionLabel>1.0</types1:VersionLabel>
      <types1:State>CURRENT</types1:State>
      <types1:ProcessGroup/>
      <types1:CreatedBy>AD15100_PRD</types1:CreatedBy>
      <types1:CreationDate>2022-08-03T22:49:18Z</types1:CreationDate>
      <types1:ModifiedBy/>
      <types1:PublicationStatus>unpublished</types1:PublicationStatus>
      <types1:AutosaveExists>false</types1:AutosaveExists>
      <types1:Entry>
         <connection xmlns="http://schemas.informatica.com/socrates/data-services/2014/04/avosConnections.xsd"
                     displayName="AC-PPP-OPTIN-TESTBS"
                     label="AC-PPP-OPTIN-TESTBS"
                     name="AC-PPP-OPTIN-TESTBS-2">
            <description/>
            <tags>.agent:qfmig-iics-sa</tags>
            <agent>qfmig-iics-sa</agent>
            <attributes>
               <attribute encrypted="false"
                          name="JDBC Connection URL"
                          value="jdbc:mysql://104.197.205.236:3306/LumenStagingDB?allowPublicKeyRetrieval=true&amp;useSSL=false"/>
               <attribute encrypted="false"
                          name="JDBC Jar Directory"
                          value="/iics/infaagent/apps/process-engine/ext"/>
               <attribute encrypted="false" name="JDBC Driver Class Name" value=""/>
               <attribute encrypted="false" name="Schema" value="LumenStagingDB"/>
               <attribute encrypted="false" name="Username" value="root"/>
               <attribute encrypted="true" name="Password" value=""/>
               <attribute encrypted="false"
                          name="Object Filter"
                          value="PPP_DB_EXTRACT_OPTIN_TESTBS"/>
               <attribute encrypted="false" name="TimeZone" value="Default"/>
               <attribute encrypted="false" name="$read-Isolation Level" value="None"/>
               <attribute encrypted="false"
                          name="$read-Override Isolation Level"
                          value="false"/>
               <attribute encrypted="false" name="$write-Number of retries" value="5"/>
               <attribute encrypted="false" name="$write-Retry wait period" value="3"/>
            </attributes>
            <javaConnector xmlns="http://schemas.informatica.com/appmodules/screenflow/2014/04/avosConnectors.xsd"
                           agentOnly="true"
                           plugin="ICS"
                           supportsConnectionTest="true"
                           supportsDataPreview="true"
                           supportsOData="true"
                           supportsPublishSkipMetadataRefresh="true"
                           type="GenericJDBCAdapter"
                           uuid="33ec8fc7-dc6d-4d2e-9f6f-a950669a62d1">
               <description>JDBC  Generic Cloud Adapter</description>
            </javaConnector>
         </connection>
      </types1:Entry>
      <types1:GUID>7SnyV2dLb47fiv0JICBLke</types1:GUID>
      <types1:DisplayName>AC-PPP-OPTIN-TESTBS</types1:DisplayName>
   </types1:Item>
   <types1:CurrentServerDateTime>2022-08-19T08:06:24.32Z</types1:CurrentServerDateTime>
</aetgt:getResponse>
