<aetgt:getResponse xmlns:aetgt="http://schemas.active-endpoints.com/appmodules/repository/2010/10/avrepository.xsd"
                   xmlns:types1="http://schemas.active-endpoints.com/appmodules/repository/2010/10/avrepository.xsd">
   <types1:Item>
      <types1:EntryId>uhujATO9pH8sVYx-gt-116488-2022-08-03T22:49:48.333Z::po.xml</types1:EntryId>
      <types1:Name>table2-1</types1:Name>
      <types1:ParentFlowIds>8aaaa-gt-146520-2022-08-03T22:49:48.964Z::pd.xml,hINciZBpDUQbgdw-gt-116536-2022-08-03T22:50:03.412Z::pd.xml,OINciZBpDUQbgdw-gt-138565-2022-08-03T22:49:48.652Z::pd.xml</types1:ParentFlowIds>
      <types1:MimeType>application/xml+processobject</types1:MimeType>
      <types1:Description/>
      <types1:AppliesTo/>
      <types1:Tags/>
      <types1:VersionLabel>1.0</types1:VersionLabel>
      <types1:State>CURRENT</types1:State>
      <types1:ProcessGroup/>
      <types1:CreatedBy>AD15100_PRD</types1:CreatedBy>
      <types1:CreationDate>2022-08-03T22:49:48Z</types1:CreationDate>
      <types1:ModifiedBy/>
      <types1:PublicationStatus>unpublished</types1:PublicationStatus>
      <types1:AutosaveExists>false</types1:AutosaveExists>
      <types1:Entry>
         <processObject xmlns="http://schemas.active-endpoints.com/appmodules/screenflow/2011/06/avosHostEnvironment.xsd"
                        displayName="table2"
                        isByCopy="true"
                        name="table2-1">
            <description/>
            <tags/>
            <detail>
               <field label="EMPNAME"
                      name="EMPNAME"
                      nullable="true"
                      required="false"
                      type="string"/>
               <field label="EMPNO"
                      name="EMPNO"
                      nullable="true"
                      required="false"
                      type="double"/>
               <field label="STATUS"
                      name="STATUS"
                      nullable="true"
                      required="false"
                      type="string"/>
            </detail>
         </processObject>
      </types1:Entry>
      <types1:GUID>aQ9JmvzISgrfCNH78hW0SE</types1:GUID>
      <types1:DisplayName>table2</types1:DisplayName>
   </types1:Item>
   <types1:CurrentServerDateTime>2022-08-19T08:06:23.796Z</types1:CurrentServerDateTime>
</aetgt:getResponse>
