{
  "name" : "BRSPD Data Integration Production-1667572808661",
  "sourceOrgId" : "k1qNBasfeEQdUMj15ONzuM",
  "sourceOrgName" : "Mass Market - Quantum Fiber - Prod",
  "exportedObjects" : [ {
    "objectGuid" : "0e3D7qDIMKthXiO4GdWb8U",
    "objectName" : "Mapping",
    "objectType" : "Folder",
    "path" : "/Explore/BRSPD Data Integration Production",
    "metadata" : {
      "modelVersion" : {
        "major" : 0,
        "minor" : 0
      },
      "repoInfo" : null,
      "objectRefs" : [ ],
      "contextAttributes" : [ ],
      "additionalInfo" : {
        "description" : "",
        "contentType" : null,
        "documentState" : "COMPLETE"
      }
    }
  }, {
    "objectGuid" : "lp4ASzpqWOhjOwNipCM9Ar",
    "objectName" : "bsc_ P_Disconnect_PPP_Prepaid_BRSPD-Prod",
    "objectType" : "BSERVICE",
    "path" : "/Explore/BRSPD Data Integration Production/Business Service",
    "metadata" : {
      "modelVersion" : {
        "major" : 0,
        "minor" : 0
      },
      "repoInfo" : {
        "repoHandle" : "011AVK2700000000004T"
      },
      "objectRefs" : [ "2KdG7hNR2wycNwzEVnXgum" ],
      "contextAttributes" : [ {
        "name" : "id",
        "value" : "@1"
      }, {
        "name" : "011AVK28000000000054",
        "value" : "lp4ASzpqWOhjOwNipCM9Ar@P_Disconnect_PPP_Prepaid_TEST_BRSPDOperation"
      } ],
      "additionalInfo" : {
        "description" : "",
        "contentType" : null,
        "documentState" : "VALID"
      }
    }
  }, {
    "objectGuid" : "5jN0vFtFWqZgastMdPAM87",
    "objectName" : "BRSPD_DEV_SF",
    "objectType" : "Connection",
    "path" : "/SYS",
    "metadata" : {
      "modelVersion" : {
        "major" : 0,
        "minor" : 0
      },
      "repoInfo" : {
        "repoHandle" : "011AVK0B000000000037"
      },
      "objectRefs" : [ "eQTieebosm9czufAowehU6" ],
      "contextAttributes" : [ {
        "name" : "id",
        "value" : "@1"
      } ],
      "additionalInfo" : {
        "description" : "Brightspeed SF DEV Connection",
        "contentType" : "JSON",
        "documentState" : "COMPLETE"
      }
    }
  }, {
    "objectGuid" : "8ndg5m6IieleEVyRrsRy4O",
    "objectName" : "Tasks",
    "objectType" : "Folder",
    "path" : "/Explore/BRSPD Data Integration Production",
    "metadata" : {
      "modelVersion" : {
        "major" : 0,
        "minor" : 0
      },
      "repoInfo" : null,
      "objectRefs" : [ ],
      "contextAttributes" : [ ],
      "additionalInfo" : {
        "description" : "",
        "contentType" : null,
        "documentState" : "COMPLETE"
      }
    }
  }, {
    "objectGuid" : "hNriJeTgJiubMp9g4FOukF",
    "objectName" : "Mapping31",
    "objectType" : "DTEMPLATE",
    "path" : "/Explore/BRSPD Data Integration Production/Tasks",
    "metadata" : {
      "modelVersion" : {
        "major" : 0,
        "minor" : 0
      },
      "repoInfo" : {
        "repoHandle" : "011AVK170000000000T8"
      },
      "objectRefs" : [ "3K3iEVO1mahlJ46LwZEM6W" ],
      "contextAttributes" : [ {
        "name" : "id",
        "value" : "@1"
      } ],
      "additionalInfo" : {
        "description" : "",
        "contentType" : "JSON",
        "documentState" : "INVALID"
      }
    }
  }, {
    "objectGuid" : "2Wdq5tkludWhGOkRfJP064",
    "objectName" : "wsc_UPDATE_CMS_TEST_BRSPD",
    "objectType" : "Connection",
    "path" : "/SYS",
    "metadata" : {
      "modelVersion" : {
        "major" : 0,
        "minor" : 0
      },
      "repoInfo" : {
        "repoHandle" : "011AVK0B00000000003B"
      },
      "objectRefs" : [ "eQTieebosm9czufAowehU6" ],
      "contextAttributes" : [ {
        "name" : "id",
        "value" : "@1"
      } ],
      "additionalInfo" : {
        "description" : null,
        "contentType" : "JSON",
        "documentState" : "COMPLETE"
      }
    }
  }, {
    "objectGuid" : "23N9FNnl1ockvvd6srB3yF",
    "objectName" : "m_ORDER_ACTIVE_BSRSP_Prod",
    "objectType" : "DTEMPLATE",
    "path" : "/Explore/BRSPD Data Integration Production/Mapping",
    "metadata" : {
      "modelVersion" : {
        "major" : 0,
        "minor" : 0
      },
      "repoInfo" : {
        "repoHandle" : "011AVK170000000000LG"
      },
      "objectRefs" : [ "3K3iEVO1mahlJ46LwZEM6W", "awlLXOHKsOhf4C0otFFi8o" ],
      "contextAttributes" : [ {
        "name" : "id",
        "value" : "@1"
      } ],
      "additionalInfo" : {
        "description" : "",
        "contentType" : "JSON",
        "documentState" : "VALID"
      }
    }
  }, {
    "objectGuid" : "jinHel1UMkSjgUucmLQwgf",
    "objectName" : "qfiicssaodc02-prod.corp.intranet",
    "objectType" : "AgentGroup",
    "path" : "/SYS",
    "metadata" : {
      "modelVersion" : {
        "major" : 0,
        "minor" : 0
      },
      "repoInfo" : {
        "repoHandle" : "011AVK25000000000004"
      },
      "objectRefs" : [ ],
      "contextAttributes" : [ {
        "name" : "id",
        "value" : "@1"
      } ],
      "additionalInfo" : {
        "description" : null,
        "contentType" : "JSON",
        "documentState" : "VALID"
      }
    }
  }, {
    "objectGuid" : "06aATwOeY5SgjygmPuq1eR",
    "objectName" : "mt_ORDER_ACTIVE_BSRSP_Prod",
    "objectType" : "MTT",
    "path" : "/Explore/BRSPD Data Integration Production/Tasks",
    "metadata" : {
      "modelVersion" : {
        "major" : 0,
        "minor" : 0
      },
      "repoInfo" : {
        "repoHandle" : "011AVK0Z0000000000KH"
      },
      "objectRefs" : [ "eQTieebosm9czufAowehU6", "23N9FNnl1ockvvd6srB3yF", "3K3iEVO1mahlJ46LwZEM6W", "2Wdq5tkludWhGOkRfJP064", "awlLXOHKsOhf4C0otFFi8o" ],
      "contextAttributes" : [ {
        "name" : "id",
        "value" : "@1"
      } ],
      "additionalInfo" : {
        "description" : "",
        "contentType" : "JSON",
        "documentState" : "VALID"
      }
    }
  }, {
    "objectGuid" : "89ZqfDwry4jbkSztCGeJ4n",
    "objectName" : "Taskflow",
    "objectType" : "Folder",
    "path" : "/Explore/BRSPD Data Integration Production",
    "metadata" : {
      "modelVersion" : {
        "major" : 0,
        "minor" : 0
      },
      "repoInfo" : null,
      "objectRefs" : [ ],
      "contextAttributes" : [ ],
      "additionalInfo" : {
        "description" : "",
        "contentType" : null,
        "documentState" : "COMPLETE"
      }
    }
  }, {
    "objectGuid" : "eQTieebosm9czufAowehU6",
    "objectName" : "qfmig-iics-sa-prod-two",
    "objectType" : "AgentGroup",
    "path" : "/SYS",
    "metadata" : {
      "modelVersion" : {
        "major" : 0,
        "minor" : 0
      },
      "repoInfo" : {
        "repoHandle" : "011AVK25000000000002"
      },
      "objectRefs" : [ ],
      "contextAttributes" : [ {
        "name" : "id",
        "value" : "@1"
      } ],
      "additionalInfo" : {
        "description" : null,
        "contentType" : "JSON",
        "documentState" : "VALID"
      }
    }
  }, {
    "objectGuid" : "488Nv40ENGyi6sozYbF168",
    "objectName" : "m_PPP_Prepaid_Disconnect_BRSPD_Prod",
    "objectType" : "DTEMPLATE",
    "path" : "/Explore/BRSPD Data Integration Production/Mapping",
    "metadata" : {
      "modelVersion" : {
        "major" : 0,
        "minor" : 0
      },
      "repoInfo" : {
        "repoHandle" : "011AVK170000000000LH"
      },
      "objectRefs" : [ "lp4ASzpqWOhjOwNipCM9Ar", "3K3iEVO1mahlJ46LwZEM6W" ],
      "contextAttributes" : [ {
        "name" : "id",
        "value" : "@1"
      } ],
      "additionalInfo" : {
        "description" : "",
        "contentType" : "JSON",
        "documentState" : "VALID"
      }
    }
  }, {
    "objectGuid" : "k5Rvl6cRUu0cZHpQTzqXU4",
    "objectName" : "wsc_Disconnect_BMOM_TEST_BRSPD",
    "objectType" : "Connection",
    "path" : "/SYS",
    "metadata" : {
      "modelVersion" : {
        "major" : 0,
        "minor" : 0
      },
      "repoInfo" : {
        "repoHandle" : "011AVK0B00000000003A"
      },
      "objectRefs" : [ "jinHel1UMkSjgUucmLQwgf" ],
      "contextAttributes" : [ {
        "name" : "id",
        "value" : "@1"
      } ],
      "additionalInfo" : {
        "description" : null,
        "contentType" : "JSON",
        "documentState" : "COMPLETE"
      }
    }
  }, {
    "objectGuid" : "3LHwvqIbeyYbEu6BTAdJOA",
    "objectName" : "BRSPD Data Integration Production",
    "objectType" : "Project",
    "path" : "/Explore",
    "metadata" : {
      "modelVersion" : {
        "major" : 0,
        "minor" : 0
      },
      "repoInfo" : null,
      "objectRefs" : [ ],
      "contextAttributes" : [ ],
      "additionalInfo" : {
        "description" : "",
        "contentType" : "Binary",
        "documentState" : "COMPLETE"
      }
    }
  }, {
    "objectGuid" : "9d6eyk7d1p5elaebEfO00u",
    "objectName" : "bsc_ P_Disconnect_BMOM_BRSPD-Prod",
    "objectType" : "BSERVICE",
    "path" : "/Explore/BRSPD Data Integration Production/Business Service",
    "metadata" : {
      "modelVersion" : {
        "major" : 0,
        "minor" : 0
      },
      "repoInfo" : {
        "repoHandle" : "011AVK2700000000004S"
      },
      "objectRefs" : [ "k5Rvl6cRUu0cZHpQTzqXU4" ],
      "contextAttributes" : [ {
        "name" : "id",
        "value" : "@1"
      }, {
        "name" : "011AVK28000000000053",
        "value" : "9d6eyk7d1p5elaebEfO00u@P_Disconnect_BMOM_TEST_BRSPDOperation"
      } ],
      "additionalInfo" : {
        "description" : "",
        "contentType" : null,
        "documentState" : "VALID"
      }
    }
  }, {
    "objectGuid" : "awlLXOHKsOhf4C0otFFi8o",
    "objectName" : "bsc_update_CMS_TEST_BRSPD",
    "objectType" : "BSERVICE",
    "path" : "/Explore/BRSPD Data Integration Production/Business Service",
    "metadata" : {
      "modelVersion" : {
        "major" : 0,
        "minor" : 0
      },
      "repoInfo" : {
        "repoHandle" : "011AVK2700000000005U"
      },
      "objectRefs" : [ "2Wdq5tkludWhGOkRfJP064" ],
      "contextAttributes" : [ {
        "name" : "id",
        "value" : "@1"
      }, {
        "name" : "011AVK28000000000068",
        "value" : "awlLXOHKsOhf4C0otFFi8o@P_Call_UpdateCMS_BRSPDOperation"
      } ],
      "additionalInfo" : {
        "description" : "",
        "contentType" : null,
        "documentState" : "VALID"
      }
    }
  }, {
    "objectGuid" : "gKnCuTf7SCPdQ8aCcY55oa",
    "objectName" : "mt_PPP_Prepaid_Disconnect_BRSPD_Prod",
    "objectType" : "MTT",
    "path" : "/Explore/BRSPD Data Integration Production/Tasks",
    "metadata" : {
      "modelVersion" : {
        "major" : 0,
        "minor" : 0
      },
      "repoInfo" : {
        "repoHandle" : "011AVK0Z0000000000KG"
      },
      "objectRefs" : [ "2KdG7hNR2wycNwzEVnXgum", "eQTieebosm9czufAowehU6", "488Nv40ENGyi6sozYbF168", "lp4ASzpqWOhjOwNipCM9Ar", "3K3iEVO1mahlJ46LwZEM6W" ],
      "contextAttributes" : [ {
        "name" : "id",
        "value" : "@1"
      } ],
      "additionalInfo" : {
        "description" : "",
        "contentType" : "JSON",
        "documentState" : "VALID"
      }
    }
  }, {
    "objectGuid" : "2KdG7hNR2wycNwzEVnXgum",
    "objectName" : "wsc_Disconnect_PPP_Prepaid_TEST_BRSPD",
    "objectType" : "Connection",
    "path" : "/SYS",
    "metadata" : {
      "modelVersion" : {
        "major" : 0,
        "minor" : 0
      },
      "repoInfo" : {
        "repoHandle" : "011AVK0B00000000001S"
      },
      "objectRefs" : [ "eQTieebosm9czufAowehU6" ],
      "contextAttributes" : [ {
        "name" : "id",
        "value" : "@1"
      } ],
      "additionalInfo" : {
        "description" : "c360 biwf  Filter",
        "contentType" : "JSON",
        "documentState" : "COMPLETE"
      }
    }
  }, {
    "objectGuid" : "0IZhwxnH5G9ikiNaRIrIgW",
    "objectName" : "bsc_update_CMS_BRSPD-Prod",
    "objectType" : "BSERVICE",
    "path" : "/Explore/BRSPD Data Integration Production/Business Service",
    "metadata" : {
      "modelVersion" : {
        "major" : 0,
        "minor" : 0
      },
      "repoInfo" : {
        "repoHandle" : "011AVK2700000000004U"
      },
      "objectRefs" : [ "2Wdq5tkludWhGOkRfJP064" ],
      "contextAttributes" : [ {
        "name" : "id",
        "value" : "@1"
      }, {
        "name" : "011AVK28000000000055",
        "value" : "0IZhwxnH5G9ikiNaRIrIgW@P_Update_Customer_Status_Group_BRSPDOperation"
      } ],
      "additionalInfo" : {
        "description" : "",
        "contentType" : null,
        "documentState" : "VALID"
      }
    }
  }, {
    "objectGuid" : "1LR5jzK3vpWcFvFVkf56gC",
    "objectName" : "dst_SF_ORDER_BRSPD",
    "objectType" : "DSS",
    "path" : "/Explore/BRSPD Data Integration Production/Tasks",
    "metadata" : {
      "modelVersion" : {
        "major" : 0,
        "minor" : 0
      },
      "repoInfo" : {
        "repoHandle" : "011AVK0I0000000000FN"
      },
      "objectRefs" : [ "5jN0vFtFWqZgastMdPAM87", "3K3iEVO1mahlJ46LwZEM6W" ],
      "contextAttributes" : [ {
        "name" : "id",
        "value" : "@1"
      } ],
      "additionalInfo" : {
        "description" : "",
        "contentType" : "JSON",
        "documentState" : "VALID"
      }
    }
  }, {
    "objectGuid" : "3K3iEVO1mahlJ46LwZEM6W",
    "objectName" : "MySQL-LumenStagingDB-Prod",
    "objectType" : "Connection",
    "path" : "/SYS",
    "metadata" : {
      "modelVersion" : {
        "major" : 0,
        "minor" : 0
      },
      "repoInfo" : {
        "repoHandle" : "011AVK0B000000000002"
      },
      "objectRefs" : [ "eQTieebosm9czufAowehU6" ],
      "contextAttributes" : [ {
        "name" : "id",
        "value" : "@1"
      } ],
      "additionalInfo" : {
        "description" : "GCP Prod MySQL",
        "contentType" : "JSON",
        "documentState" : "COMPLETE"
      }
    }
  }, {
    "objectGuid" : "4ecTYH3dP9PbT8Iskyn7eP",
    "objectName" : "tf_ORDER_ACTIVE_BRSPD_Prod",
    "objectType" : "TASKFLOW",
    "path" : "/Explore/BRSPD Data Integration Production/Taskflow",
    "metadata" : {
      "modelVersion" : {
        "major" : 1,
        "minor" : 0
      },
      "repoInfo" : {
        "repoHandle" : "0oZBJRvDINciZBp-gt-6157343-2022-08-04T05:24:55.996Z::tf.xml"
      },
      "objectRefs" : [ "06aATwOeY5SgjygmPuq1eR", "gKnCuTf7SCPdQ8aCcY55oa", "1LR5jzK3vpWcFvFVkf56gC" ],
      "contextAttributes" : null,
      "additionalInfo" : {
        "description" : "",
        "contentType" : "application/json; charset=utf-8",
        "documentState" : "VALID"
      }
    }
  }, {
    "objectGuid" : "1rsiFuW31O8f4pf3eE8nCm",
    "objectName" : "m_BMOM_Disconnect-Prod",
    "objectType" : "DTEMPLATE",
    "path" : "/Explore/BRSPD Data Integration Production/Mapping",
    "metadata" : {
      "modelVersion" : {
        "major" : 0,
        "minor" : 0
      },
      "repoInfo" : {
        "repoHandle" : "011AVK170000000000LF"
      },
      "objectRefs" : [ "3K3iEVO1mahlJ46LwZEM6W", "9d6eyk7d1p5elaebEfO00u" ],
      "contextAttributes" : [ {
        "name" : "id",
        "value" : "@1"
      } ],
      "additionalInfo" : {
        "description" : "",
        "contentType" : "JSON",
        "documentState" : "VALID"
      }
    }
  }, {
    "objectGuid" : "90jk1pdE40Sc3QDxv3dcwV",
    "objectName" : "Business Service",
    "objectType" : "Folder",
    "path" : "/Explore/BRSPD Data Integration Production",
    "metadata" : {
      "modelVersion" : {
        "major" : 0,
        "minor" : 0
      },
      "repoInfo" : null,
      "objectRefs" : [ ],
      "contextAttributes" : [ ],
      "additionalInfo" : {
        "description" : "",
        "contentType" : null,
        "documentState" : "COMPLETE"
      }
    }
  }, {
    "objectGuid" : "7PEf3pvtNqXhAYOR3KwkSC",
    "objectName" : "Components",
    "objectType" : "Folder",
    "path" : "/Explore/BRSPD Data Integration Production",
    "metadata" : {
      "modelVersion" : {
        "major" : 0,
        "minor" : 0
      },
      "repoInfo" : null,
      "objectRefs" : [ ],
      "contextAttributes" : [ ],
      "additionalInfo" : {
        "description" : "",
        "contentType" : null,
        "documentState" : "COMPLETE"
      }
    }
  } ]
}