<aetgt:getResponse xmlns:aetgt="http://schemas.active-endpoints.com/appmodules/repository/2010/10/avrepository.xsd"
                   xmlns:types1="http://schemas.active-endpoints.com/appmodules/repository/2010/10/avrepository.xsd">
   <types1:Item>
      <types1:EntryId>ENhsJlv58pIO3M4-gt-116478-2022-08-03T22:49:46.496Z::svc.xml</types1:EntryId>
      <types1:Name>SC_BMOM_Disconnect_BRSPD-Prod</types1:Name>
      <types1:ParentFlowIds>abdpIO3M4WwOC2X-gt-138587-2022-08-03T22:50:00.301Z::conn.xml</types1:ParentFlowIds>
      <types1:MimeType>application/xml+businesssconnector</types1:MimeType>
      <types1:Description>Disconnect on BMOM System</types1:Description>
      <types1:AppliesTo/>
      <types1:Tags/>
      <types1:VersionLabel>1.0</types1:VersionLabel>
      <types1:State>CURRENT</types1:State>
      <types1:ProcessGroup/>
      <types1:CreatedBy>AD15100_PRD</types1:CreatedBy>
      <types1:CreationDate>2022-08-03T22:49:46Z</types1:CreationDate>
      <types1:ModifiedBy>AD15100_PRD</types1:ModifiedBy>
      <types1:ModificationDate>2022-08-04T03:03:17Z</types1:ModificationDate>
      <types1:PublicationStatus>published</types1:PublicationStatus>
      <types1:PublishedBy>AD15100_PRD</types1:PublishedBy>
      <types1:PublicationDate>2022-08-04T03:09:52Z</types1:PublicationDate>
      <types1:PublishedContributionId>project:/rt.connector/SC_BMOM_Disconnect_BRSPD_Prod/SC_BMOM_Disconnect_BRSPD_Prod_svcDef.xml</types1:PublishedContributionId>
      <types1:AutosaveExists>false</types1:AutosaveExists>
      <types1:Entry>
         <businessConnector xmlns="http://schemas.informatica.com/socrates/data-services/2014/05/business-connector-model.xsd"
                            agentOnly="false"
                            debug="false"
                            displayName="SC_BMOM_Disconnect_BRSPD-Prod"
                            label=""
                            name="SC_BMOM_Disconnect_BRSPD-Prod"
                            uuid="e6655b4b-cd0a-413f-9d04-3ff098015988">
            <description>Disconnect on BMOM System</description>
            <tags/>
            <connectionAttributes xmlns="http://schemas.informatica.com/appmodules/screenflow/2014/04/avosConnectors.xsd">
               <connectionAttribute description="HostName"
                                    masked="false"
                                    name="hostName"
                                    required="true"
                                    testWith="api-test1.lumen.com"
                                    type="string"/>
               <connectionAttribute description="ApiKey"
                                    masked="true"
                                    name="apiKey"
                                    required="true"
                                    testWith=""
                                    type="string"/>
               <connectionAttribute description="ApiSecret"
                                    masked="true"
                                    name="apiSecret"
                                    required="true"
                                    testWith=""
                                    type="string"/>
            </connectionAttributes>
            <actions>
               <action category=""
                       failOnError="true"
                       forSearch="false"
                       label="BMOMDisconnect"
                       maxRedirects="100"
                       name="BMOMDisconnect"
                       preemptiveAuth="true"
                       responseEncoding="">
                  <description>BMOM Disconnect Services</description>
                  <input>
                     <parameter description="Ban to Disconnect"
                                name="ban"
                                required="true"
                                testWith="1234567890"
                                type="string"/>
                     <parameter description="Epoch Timestamp"
                                name="EpochTime"
                                required="true"
                                testWith="1618014389054"
                                type="string"/>
                     <parameter description="Access Token"
                                name="access_token"
                                required="false"
                                testWith="Lq0a3Mulg7emkUfZwH7n2TYBq5mO"
                                type="string"/>
                  </input>
                  <binding>
                     <restSimpleBinding multiUsing="semicolonSeparated"
                                        url="https://{$hostName}/Application/v1/BMP/orderManagement/disconnect/submitDisconnectRequest"
                                        verb="POST">
                        <mutualAuth enabled="false">
                           <keyStore mode="file"/>
                           <keyStorePassword/>
                        </mutualAuth>
                        <httpHeaders>
                           <header name="X-Application-Key">{$apiKey}</header>
                           <header name="X-Digest">{dsig:hmacSHA256signature($EpochTime,$apiSecret)}</header>
                           <header name="X-Digest-Time">{$EpochTime}</header>
                           <header name="Content-Type">application/json</header>
                           <header name="Authorization">{$access_token}</header>
                        </httpHeaders>
                        <body>{"{" ||
"""ban"" :""" || $ban  || """," ||
"""dueDate"" :""" || fn:substring(fn:string(fn:current-date()),1,10)  || """," ||
"""isBRC"" :" || "true" || "," ||
"""reasonCode"" :""" || "WP" || """," ||
"""sourceSystem"" :""" || "BIWF" || """," ||
"""salesChannel"" :""" || "BM" || """" ||
"}"}</body>
                     </restSimpleBinding>
                  </binding>
                  <output>
                     <field description="" name="code" property="code" type="string"/>
                     <field description="" name="message" property="message" type="string"/>
                     <field description=""
                            name="HttpResponse"
                            responseStatusCode="true"
                            type="string"/>
                  </output>
               </action>
               <action category=""
                       failOnError="true"
                       forSearch="false"
                       label="AccessToken"
                       maxRedirects="100"
                       name="AccessToken"
                       preemptiveAuth="true"
                       responseEncoding="">
                  <description/>
                  <input>
                     <parameter label="grant_type"
                                name="grant_type"
                                required="false"
                                testWith="client_credentials"
                                type="string"/>
                  </input>
                  <binding>
                     <restSimpleBinding multiUsing="semicolonSeparated"
                                        url="https://api-test1.lumen.com/oauth/token"
                                        verb="POST">
                        <authentication>
                           <username>XhghsihbcyT8HwmN8CqCMn4wsqwPy4uZ</username>
                           <password>lMWNRr1NhgyOJWMR</password>
                           <isExpressionInPassword>true</isExpressionInPassword>
                        </authentication>
                        <mutualAuth enabled="false">
                           <keyStore mode="file"/>
                           <keyStorePassword/>
                        </mutualAuth>
                        <body generateUsing="Form"/>
                     </restSimpleBinding>
                  </binding>
                  <output>
                     <field description=""
                            name="access_token"
                            property="access_token"
                            type="string"/>
                  </output>
               </action>
            </actions>
            <objects>
               <processObject xmlns="http://schemas.active-endpoints.com/appmodules/screenflow/2011/06/avosHostEnvironment.xsd"
                              isByCopy="true"
                              name="PayLoad">
                  <description>PayLoad for BMOM Disconnect</description>
                  <detail>
                     <field name="ban" nullable="true" required="false" type="string"/>
                     <field name="isBRC" nullable="true" required="false" type="boolean"/>
                     <field name="reasonCode"
                            nullable="true"
                            required="false"
                            type="string"/>
                     <field name="sourceSystem"
                            nullable="true"
                            required="false"
                            type="string"/>
                     <field name="dueDate" nullable="true" required="false" type="string"/>
                     <field name="salesChannel"
                            nullable="true"
                            required="false"
                            type="string"/>
                  </detail>
               </processObject>
            </objects>
         </businessConnector>
      </types1:Entry>
      <types1:GUID>aldrDTkdZbxby5x0SO33Yn</types1:GUID>
      <types1:DisplayName>SC_BMOM_Disconnect_BRSPD-Prod</types1:DisplayName>
   </types1:Item>
   <types1:CurrentServerDateTime>2022-08-12T09:01:55.334Z</types1:CurrentServerDateTime>
</aetgt:getResponse>
