<aetgt:getResponse xmlns:aetgt="http://schemas.active-endpoints.com/appmodules/repository/2010/10/avrepository.xsd"
                   xmlns:types1="http://schemas.active-endpoints.com/appmodules/repository/2010/10/avrepository.xsd">
   <types1:Item>
      <types1:EntryId>vvhxiQLnzYLnzYL-gt-88469-2022-06-20T08:40:22.351Z::conn.xml</types1:EntryId>
      <types1:Name>AC-Polygon-Prod</types1:Name>
      <types1:ParentFlowIds>0QeNJqPBibciZBp-gt-144000-2022-06-20T08:40:40.988Z::pd.xml,15NYLonEBNjDg8S-gt-23419-2022-12-07T05:01:58.539Z::pd.xml,1Dg0MUdsnSDg8SO-gt-90122-2023-01-09T03:41:38.845Z::pd.xml,5kchzt1Y6tMFygl-gt-91132-2022-08-01T02:54:51.906Z::pd.xml,5pByHfSTu0kMVX3-gt-167532-2022-06-28T11:09:08.917Z::pd.xml,7Np2vRES7FdpOfT-gt-91144-2022-08-01T02:54:52.941Z::pd.xml,8Yp6GcoiRu5V1Fy-gt-89725-2022-09-13T00:45:39.63Z::pd.xml,9rQbdqVIKchzt1Y-gt-131805-2023-01-13T03:11:22.976Z::pd.xml,9vSyIRJi4tciSrZ-gt-72320-2023-04-27T05:35:14.971Z::pd.xml,aabcmnBtBghuImX-gt-148220-2022-11-08T06:15:34.012Z::pd.xml,Bxiggor3rp3yD7t-gt-138499-2022-08-03T22:49:34.451Z::pd.xml,Dcgqzm5Y6tMFygl-gt-116376-2022-08-03T22:49:17.469Z::pd.xml,Dr3tfUbbf5ZK0CY-gt-91180-2022-08-01T02:54:54.482Z::pd.xml,dsYybdsMkdypKwK-gt-77586-2023-04-14T07:52:08.054Z::pd.xml,gpKi9zhFtybduaa-gt-58838-2023-03-29T23:10:29.112Z::pd.xml,igdpIO3M4WwOC2X-gt-117321-2022-08-03T22:50:09.014Z::pd.xml,Jjx9AWbg0ZkL0jm-gt-1079170-2022-07-12T07:06:55.758Z::pd.xml,LyCnNZPD4ARW8UB-gt-90263-2022-08-01T02:54:56.611Z::pd.xml,Maaaa-gt-550948-2022-07-08T04:55:45.616Z::pd.xml,nE29Em2kVNKSmvD-gt-78739-2023-02-28T03:19:05.212Z::pd.xml,sMSAP38nXxpr1Iw-gt-146592-2022-08-03T22:50:13.293Z::pd.xml,TDbf13ErhNzUzeA-gt-171870-2023-05-03T08:37:06.731Z::pd.xml,TnRpB7O2htghGZ5-gt-89507-2022-08-01T02:54:53.729Z::pd.xml,UBYZcjKsJlv58pI-gt-122536-2023-01-13T02:30:57.51Z::pd.xml,Uopz4KhPVEQrXhN-gt-89555-2022-08-01T02:54:56.756Z::pd.xml,USJRS4JtlI20hEL-gt-116420-2022-08-03T22:49:31.746Z::pd.xml,uSOlA1vyoY2G7Qn-gt-89531-2022-08-01T02:54:55.327Z::pd.xml,VTrqUlLnzYLnzYL-gt-180670-2023-01-13T06:41:10.766Z::pd.xml,Wk6yQC8WrY1Sypm-gt-52836-2023-03-09T08:05:37.757Z::pd.xml</types1:ParentFlowIds>
      <types1:MimeType>application/xml+connection</types1:MimeType>
      <types1:Description>Application Connection for Polygon Details</types1:Description>
      <types1:AppliesTo/>
      <types1:Tags/>
      <types1:VersionLabel>1.0</types1:VersionLabel>
      <types1:State>CURRENT</types1:State>
      <types1:ProcessGroup/>
      <types1:CreatedBy>AC81234_PRD</types1:CreatedBy>
      <types1:CreationDate>2022-06-20T08:40:22Z</types1:CreationDate>
      <types1:ModifiedBy>AC83336_PRD</types1:ModifiedBy>
      <types1:ModificationDate>2022-06-28T11:09:06Z</types1:ModificationDate>
      <types1:PublicationStatus>published</types1:PublicationStatus>
      <types1:PublishedBy>AC83336_PRD</types1:PublishedBy>
      <types1:PublicationDate>2022-06-28T11:11:46Z</types1:PublicationDate>
      <types1:PublishedContributionId>project:/rt.connection/AC-Polygon-Prod/AC-Polygon-Prod.conn.xml</types1:PublishedContributionId>
      <types1:AutosaveExists>false</types1:AutosaveExists>
      <types1:Entry>
         <connection xmlns="http://schemas.informatica.com/socrates/data-services/2014/04/avosConnections.xsd"
                     displayName="AC-Polygon-Prod"
                     label="AC-Polygon-Prod"
                     name="AC-Polygon-Prod">
            <description>Application Connection for Polygon Details</description>
            <tags/>
            <agent/>
            <attributes>
               <attribute encrypted="false"
                          name="hostName"
                          value="centurylink-prod.apigee.net"/>
            </attributes>
            <businessConnector xmlns="http://schemas.informatica.com/appmodules/screenflow/2014/04/avosConnectors.xsd"
                               agentOnly="false"
                               connectorPath="project:/rt.connector/SC_Polygon_Prod/SC_Polygon_Prod_svcDef.xml"
                               name="SC_Polygon_Prod"
                               supportsConnectionTest="false"
                               uuid="7a1567c8-d5a7-48a0-9b0c-1e7328214560">
               <description>This service connector is for Polygon API</description>
            </businessConnector>
         </connection>
      </types1:Entry>
      <types1:GUID>bOzMVRiXrMqf6Np8FskVgk</types1:GUID>
      <types1:DisplayName>AC-Polygon-Prod</types1:DisplayName>
   </types1:Item>
   <types1:CurrentServerDateTime>2023-05-19T15:06:32.505Z</types1:CurrentServerDateTime>
</aetgt:getResponse>
