<aetgt:getResponse xmlns:aetgt="http://schemas.active-endpoints.com/appmodules/repository/2010/10/avrepository.xsd"
                   xmlns:types1="http://schemas.active-endpoints.com/appmodules/repository/2010/10/avrepository.xsd">
   <types1:Item>
      <types1:EntryId>0aa-gt-116548-2022-08-03T22:50:06.999Z::pd.xml</types1:EntryId>
      <types1:Name>POST_CUSTOMER_MIGRATION_STATUS_JJG-v2-1</types1:Name>
      <types1:MimeType>application/xml+process</types1:MimeType>
      <types1:Description/>
      <types1:AppliesTo/>
      <types1:Tags>.anonymous</types1:Tags>
      <types1:VersionLabel>1.0</types1:VersionLabel>
      <types1:State>CURRENT</types1:State>
      <types1:ProcessGroup/>
      <types1:CreatedBy>AD15100_PRD</types1:CreatedBy>
      <types1:CreationDate>2022-08-03T22:50:07Z</types1:CreationDate>
      <types1:ModifiedBy/>
      <types1:PublicationStatus>unpublished</types1:PublicationStatus>
      <types1:AutosaveExists>false</types1:AutosaveExists>
      <types1:Entry>
         <process xmlns="http://schemas.active-endpoints.com/appmodules/screenflow/2010/10/avosScreenflow.xsd"
                  xmlns:tfm="http://schemas.active-endpoints.com/appmodules/screenflow/2021/04/taskflowModel.xsd"
                  xmlns:list="urn:activevos:spi:list:functions"
                  displayName="POST_CUSTOMER_MIGRATION_STATUS_JJG-v2"
                  name="POST_CUSTOMER_MIGRATION_STATUS_JJG-v2-1"
                  overrideAPIName="false">
            <parameterSet xmlns="http://schemas.active-endpoints.com/appmodules/screenflow/2021/04/taskflowModel.xsd"/>
            <appliesTo/>
            <description/>
            <tags>.anonymous</tags>
            <generator>Informatica Process Designer 11</generator>
            <input>
               <parameter description="" name="Input" type="reference">
                  <options>
                     <option name="referenceTo">$po:PObrsp-1</option>
                     <option name="required">false</option>
                     <option name="isCopy">true</option>
                     <option name="guid">7Z6ei65ymahdsMuaQiczQa</option>
                  </options>
               </parameter>
            </input>
            <output>
               <field description="" name="Output_PO" type="reference">
                  <options>
                     <option name="referenceTo">$po:PObrsp-1</option>
                     <option name="required">false</option>
                     <option name="isCopy">true</option>
                     <option name="guid">7Z6ei65ymahdsMuaQiczQa</option>
                  </options>
               </field>
               <field description="" name="Output" type="reference">
                  <options>
                     <option name="referenceTo">AC-PPP-OPTIN-TESTBS-2:CUSTOMER_MIGRATION_STATUS_JJG_032822</option>
                     <option name="required">false</option>
                     <option name="guid">7SnyV2dLb47fiv0JICBLke</option>
                  </options>
               </field>
            </output>
            <notes/>
            <deployment suspendOnFault="false" tracingLevel="none">
               <rest>
                  <allowAnonymousAccess/>
               </rest>
            </deployment>
            <flow id="a">
               <start id="b">
                  <link id="l1d3pv58" targetId="l1d3pv57"/>
               </start>
               <assignment id="l1d3pv57">
                  <title>ASSIGNMENT</title>
                  <operation source="query" to="output.Output">
                     <query advanceQuery="false"
                            from="AC-CUSTOMER-MIGRATION-STATUS-JJG-032822:CUSTOMER_MIGRATION_STATUS_JJG_032822">
                        <where>DTN = '{$input.Input[1]/DTN}'</where>
                     </query>
                  </operation>
                  <link id="l1d47nl2" targetId="l1d47nl1"/>
               </assignment>
               <create id="l1d47nl1">
                  <title>UPDATE</title>
                  <entityName>AC-CUSTOMER-MIGRATION-STATUS-JJG-032822:CUSTOMER_MIGRATION_STATUS_JJG_032822</entityName>
                  <createInput>
                     <parameter name="DTN" source="constant" updatable="true">{$input.Input[1]/DTN}</parameter>
                     <parameter name="ACCOUNT_ID" source="constant" updatable="true">{$input.Input[1]/ACTIVE}</parameter>
                     <parameter name="LEGACY_SYSTEM" source="constant" updatable="true">{$input.Input[1]/LEGACY_SYSTEM}</parameter>
                     <parameter name="LEGACY_ACCOUNT_ID" source="constant" updatable="true">{$input.Input[1]/LEGACY_ACCOUNT_ID}</parameter>
                     <parameter name="PREPAID_ACCOUNT_TYPE" source="constant" updatable="true">{$input.Input[1]/PREPAID_ACCOUNT_TYPE}</parameter>
                     <parameter name="LEGACY_CUSTOMER_TYPE" source="constant" updatable="true">{$input.Input[1]/LEGACY_CUSTOMER_TYPE}</parameter>
                     <parameter name="ACCOUNT_STATUS" source="constant" updatable="true">{$input.Input[1]/ACCOUNT_STATUS}</parameter>
                     <parameter name="ORIGINAL_LEGACY_SF_ID" source="constant" updatable="true">{$input.Input[1]/ORIGINAL_LEGACY_SF_ID}</parameter>
                     <parameter name="LEGACY_SF_ID" source="constant" updatable="true">{$input.Input[1]/LEGACY_SF_ID}</parameter>
                     <parameter name="QF_LEAD_ID" source="constant" updatable="true">{$input.Input[1]/QF_LEAD_ID}</parameter>
                     <parameter name="OLT_ID" source="constant" updatable="true">{$input.Input[1]/OLT_ID}</parameter>
                     <parameter name="OLT_SHELF_ID" source="constant" updatable="true">{$input.Input[1]/OLT_SHELF_ID}</parameter>
                     <parameter name="CENTRAL_OFFICE" source="constant" updatable="true">{$input.Input[1]/CENTRAL_OFFICE}</parameter>
                     <parameter name="HOUSE" source="constant" updatable="true">{$input.Input[1]/HOUSE}</parameter>
                     <parameter name="HOUSE_SUFFIX" source="constant" updatable="true">{$input.Input[1]/HOUSE_SUFFIX}</parameter>
                     <parameter name="STREET" source="constant" updatable="true">{$input.Input[1]/STREET}</parameter>
                     <parameter name="PRE_DIRECTIONAL_CODE" source="constant" updatable="true">{$input.Input[1]/PRE_DIRECTIONAL_CODE}</parameter>
                     <parameter name="POST_DIRECTIONAL_CODE" source="constant" updatable="true">{$input.Input[1]/POST_DIRECTIONAL_CODE}</parameter>
                     <parameter name="LOCATION" source="constant" updatable="true">{$input.Input[1]/LOCATION}</parameter>
                     <parameter name="STREET_SUFFIX" source="constant" updatable="true">{$input.Input[1]/STREET_SUFFIX}</parameter>
                     <parameter name="COMMUNITY" source="constant" updatable="true">{$input.Input[1]/COMMUNITY}</parameter>
                     <parameter name="PROV_STATE" source="constant" updatable="true">{$input.Input[1]/PROV_STATE}</parameter>
                     <parameter name="POSTAL_ZIP" source="constant" updatable="true">{$input.Input[1]/POSTAL_ZIP}</parameter>
                     <parameter name="LATITUDE" source="formula" updatable="true">
                        <expression language="XQuery">$input.Input[1]/LATITUDE </expression>
                     </parameter>
                     <parameter name="LONGITUDE" source="formula" updatable="true">
                        <expression language="XQuery">$input.Input[1]/LONGITUDE </expression>
                     </parameter>
                     <parameter name="RG_MAC" source="constant" updatable="true">{$input.Input[1]/RG_MAC}</parameter>
                     <parameter name="RG_VENDOR" source="constant" updatable="true">{$input.Input[1]/RG_VENDOR}</parameter>
                     <parameter name="RG_MODEL" source="constant" updatable="true">{$input.Input[1]/RG_MODEL}</parameter>
                     <parameter name="RG_SERIAL" source="constant" updatable="true">{$input.Input[1]/RG_SERIAL}</parameter>
                     <parameter name="RG_SOFTWARE" source="constant" updatable="true">{$input.Input[1]/RG_SOFTWARE}</parameter>
                     <parameter name="AUTHENTICATED" source="constant" updatable="true">{$input.Input[1]/AUTHENTICATED}</parameter>
                     <parameter name="RG_IP" source="constant" updatable="true">{$input.Input[1]/RG_IP}</parameter>
                     <parameter name="STATUS" source="constant" updatable="true">{$input.Input[1]/STATUS}</parameter>
                     <parameter name="SEQUENCE_NO" source="formula" updatable="true">
                        <expression language="XQuery">fn:max($input.Input[1]/SEQUENCE_NO )+1</expression>
                     </parameter>
                     <parameter name="ACTIVE" source="constant" updatable="true">{$input.Input[1]/ACTIVE}</parameter>
                     <parameter name="LAST_MODIFIED_DATE" source="formula" updatable="true">
                        <expression language="XQuery">fn:current-dateTime()</expression>
                     </parameter>
                     <parameter name="LAST_MODIFIED_BY" source="constant" updatable="true">{$input.Input[1]/LAST_MODIFIED_BY}</parameter>
                     <parameter name="ERROR_MESSAGE" source="constant" updatable="true">{$input.Input[1]/ERROR_MESSAGE}</parameter>
                     <parameter name="MODEM_PURCHASE_DATE" source="formula" updatable="true">
                        <expression language="XQuery">fn:current-dateTime()</expression>
                     </parameter>
                     <parameter name="MODEM_PURCHASE_TYPE" source="constant" updatable="true">{$input.Input[1]/MODEM_PURCHASE_TYPE}</parameter>
                     <parameter name="CUSTOMER_TYPE" source="constant" updatable="true">{$input.Input[1]/CUSTOMER_TYPE}</parameter>
                     <parameter name="POSTPAID_ACCOUNT_SOURCE" source="constant" updatable="true">{$input.Input[1]/POSTPAID_ACCOUNT_SOURCE}</parameter>
                     <parameter name="VOICE_ENABLED" source="constant" updatable="true">{$input.Input[1]/VOICE_ENABLED}</parameter>
                     <parameter name="IS_FM_CNV" source="constant" updatable="true">{$input.Input[1]/IS_FM_CNV}</parameter>
                     <parameter name="IS_CONVERTED" source="constant" updatable="true">{$input.Input[1]/IS_CONVERTED}</parameter>
                     <parameter name="CONVERTED_DATE" source="constant" updatable="true">{$input.Input[1]/CONVERTED_DATE}</parameter>
                     <parameter name="CONVERTED_ACCOUNT_ID" source="constant" updatable="true">{$input.Input[1]/CONVERTED_ACCOUNT_ID}</parameter>
                     <parameter name="INVENTORY_SOURCE" source="constant" updatable="true">{$input.Input[1]/INVENTORY_SOURCE}</parameter>
                     <parameter name="WIFI_USER_ID" source="constant" updatable="true">{$input.Input[1]/WIFI_USER_ID}</parameter>
                     <parameter name="EMAIL" source="constant" updatable="true">{$input.Input[1]/EMAIL}</parameter>
                     <parameter name="USAGE_PLAN_NAME" source="constant" updatable="true">{$input.Input[1]/USAGE_PLAN_NAME}</parameter>
                     <parameter name="USAGE_PLAN_PRICE" source="constant" updatable="true">{$input.Input[1]/USAGE_PLAN_NAME}</parameter>
                  </createInput>
                  <link id="l1d47nl3" targetId="c"/>
               </create>
               <end id="c"/>
            </flow>
         </process>
      </types1:Entry>
      <types1:GUID>8fWWmkLKTAAg3eyVzD5Hcs</types1:GUID>
      <types1:DisplayName>POST_CUSTOMER_MIGRATION_STATUS_JJG-v2</types1:DisplayName>
   </types1:Item>
   <types1:CurrentServerDateTime>2022-09-19T00:21:39.795Z</types1:CurrentServerDateTime>
</aetgt:getResponse>
