<aetgt:getResponse xmlns:aetgt="http://schemas.active-endpoints.com/appmodules/repository/2010/10/avrepository.xsd"
                   xmlns:types1="http://schemas.active-endpoints.com/appmodules/repository/2010/10/avrepository.xsd">
   <types1:Item>
      <types1:EntryId>4gdpIO3M4WwOC2X-gt-116524-2022-08-03T22:50:01.389Z::svc.xml</types1:EntryId>
      <types1:Name>ServiceConnectorbrspd-1</types1:Name>
      <types1:MimeType>application/xml+businesssconnector</types1:MimeType>
      <types1:Description/>
      <types1:AppliesTo/>
      <types1:Tags/>
      <types1:VersionLabel>1.0</types1:VersionLabel>
      <types1:State>CURRENT</types1:State>
      <types1:ProcessGroup/>
      <types1:CreatedBy>AD15100_PRD</types1:CreatedBy>
      <types1:CreationDate>2022-08-03T22:50:01Z</types1:CreationDate>
      <types1:ModifiedBy/>
      <types1:PublicationStatus>unpublished</types1:PublicationStatus>
      <types1:AutosaveExists>false</types1:AutosaveExists>
      <types1:Entry>
         <businessConnector xmlns="http://schemas.informatica.com/socrates/data-services/2014/05/business-connector-model.xsd"
                            agentOnly="false"
                            debug="false"
                            displayName="ServiceConnectorbrspd"
                            label=""
                            name="ServiceConnectorbrspd-1"
                            uuid="98664984-c4c5-4426-a442-edd59607f9c5">
            <description/>
            <tags/>
            <connectionAttributes xmlns="http://schemas.informatica.com/appmodules/screenflow/2014/04/avosConnectors.xsd"/>
            <actions>
               <action category="Salesforce"
                       failOnError="true"
                       forSearch="false"
                       label="salesforce_oauth"
                       maxRedirects="100"
                       name="salesforce_oauth"
                       preemptiveAuth="true"
                       responseEncoding="">
                  <description/>
                  <input/>
                  <binding>
                     <restSimpleBinding multiUsing="semicolonSeparated"
                                        url="/v1/salesforce/migration/migrated"
                                        verb="POST">
                        <mutualAuth enabled="false">
                           <keyStore mode="file"/>
                           <keyStorePassword/>
                        </mutualAuth>
                        <body generateUsing="JSON" preserveJsonStringFormatting="true"/>
                     </restSimpleBinding>
                  </binding>
                  <output>
                     <field description=""
                            name="access_token"
                            property="access_token"
                            type="string"/>
                  </output>
               </action>
               <action category=""
                       failOnError="true"
                       forSearch="false"
                       label="IICS_oauth"
                       maxRedirects="100"
                       name="IICS_oauth"
                       preemptiveAuth="true"
                       responseEncoding="">
                  <description/>
                  <input>
                     <parameter label="grant_type"
                                name="grant_type"
                                required="false"
                                testWith="client_credentials"
                                type="string"/>
                  </input>
                  <binding>
                     <restSimpleBinding multiUsing="semicolonSeparated"
                                        url="/v1/orders/get-ont-make-model"
                                        verb="GET">
                        <authentication>
                           <username>o2intusr</username>
                           <password>UIBPGCHHx85EaTxDzMoU$02</password>
                           <isExpressionInPassword>true</isExpressionInPassword>
                        </authentication>
                        <mutualAuth enabled="false">
                           <keyStore mode="file"/>
                           <keyStorePassword/>
                        </mutualAuth>
                     </restSimpleBinding>
                  </binding>
                  <output>
                     <field description=""
                            name="access_token"
                            property="access_token"
                            type="string"/>
                  </output>
               </action>
            </actions>
            <objects/>
         </businessConnector>
      </types1:Entry>
      <types1:GUID>0y7PNFeD6sbeoKz3dyGuU0</types1:GUID>
      <types1:DisplayName>ServiceConnectorbrspd</types1:DisplayName>
   </types1:Item>
   <types1:CurrentServerDateTime>2022-09-19T00:21:36.379Z</types1:CurrentServerDateTime>
</aetgt:getResponse>
