<aetgt:getResponse xmlns:aetgt="http://schemas.active-endpoints.com/appmodules/repository/2010/10/avrepository.xsd"
                   xmlns:types1="http://schemas.active-endpoints.com/appmodules/repository/2010/10/avrepository.xsd">
   <types1:Item>
      <types1:EntryId>ZXXUfTRgpDqotxG-gt-30910-2022-07-06T02:43:29.823Z::conn.xml</types1:EntryId>
      <types1:Name>AC-PPP-Prepaid-Disconnect</types1:Name>
      <types1:ParentFlowIds>D3LSLeJljxcghuI-gt-30933-2022-07-06T02:43:34.478Z::pd.xml</types1:ParentFlowIds>
      <types1:MimeType>application/xml+connection</types1:MimeType>
      <types1:Description>PPP Application Connection</types1:Description>
      <types1:AppliesTo/>
      <types1:Tags>.agent:qfiicssaodc02-prod.corp.intranet</types1:Tags>
      <types1:VersionLabel>1.0</types1:VersionLabel>
      <types1:State>CURRENT</types1:State>
      <types1:ProcessGroup/>
      <types1:CreatedBy>AC83336_PRD</types1:CreatedBy>
      <types1:CreationDate>2022-07-06T02:43:30Z</types1:CreationDate>
      <types1:ModifiedBy>AC83336_PRD</types1:ModifiedBy>
      <types1:ModificationDate>2022-09-27T06:22:02Z</types1:ModificationDate>
      <types1:PublicationStatus>published</types1:PublicationStatus>
      <types1:PublishedBy>AC83336_PRD</types1:PublishedBy>
      <types1:PublicationDate>2022-09-27T06:22:52Z</types1:PublicationDate>
      <types1:PublishedContributionId>project:/rt.connection/AC-PPP-Prepaid-Disconnect/AC-PPP-Prepaid-Disconnect.conn.xml</types1:PublishedContributionId>
      <types1:AutosaveExists>false</types1:AutosaveExists>
      <types1:Entry>
         <connection xmlns="http://schemas.informatica.com/socrates/data-services/2014/04/avosConnections.xsd"
                     displayName="AC-PPP-Prepaid-Disconnect"
                     label="AC-PPP-Prepaid-Disconnect"
                     name="AC-PPP-Prepaid-Disconnect">
            <description>PPP Application Connection</description>
            <tags>.agent:qfiicssaodc02-prod.corp.intranet</tags>
            <agent>qfiicssaodc02-prod.corp.intranet</agent>
            <attributes>
               <attribute encrypted="false"
                          name="hostName"
                          value="ppp-ews-test1.test.intranet"/>
               <attribute encrypted="false"
                          name="UISessionId"
                          value="RACORAD26-SCAN.TEST.INTRANET"/>
               <attribute encrypted="false" name="AuthenticationId" value="ACCOUNT_DB_APP"/>
               <attribute encrypted="false" name="AuthenticationPassword" value="App_2017_At"/>
            </attributes>
            <businessConnector xmlns="http://schemas.informatica.com/appmodules/screenflow/2014/04/avosConnectors.xsd"
                               agentOnly="false"
                               connectorPath="project:/rt.connector/SC_PPP_Prepaid_Disconnect/SC_PPP_Prepaid_Disconnect_svcDef.xml"
                               guid="2ieLwumDvYBekknveW5Zwe"
                               name="SC_PPP_Prepaid_Disconnect"
                               supportsConnectionTest="false"
                               uuid="e9484fad-18f7-4191-9824-bd867dcd1220">
               <description>PPP Api Connection</description>
            </businessConnector>
         </connection>
      </types1:Entry>
      <types1:GUID>dSakkwAHEoPhVekrhTgWgR</types1:GUID>
      <types1:DisplayName>AC-PPP-Prepaid-Disconnect</types1:DisplayName>
   </types1:Item>
   <types1:CurrentServerDateTime>2022-12-16T04:08:15.09Z</types1:CurrentServerDateTime>
</aetgt:getResponse>
