<aetgt:getResponse xmlns:aetgt="http://schemas.active-endpoints.com/appmodules/repository/2010/10/avrepository.xsd"
                   xmlns:types1="http://schemas.active-endpoints.com/appmodules/repository/2010/10/avrepository.xsd">
   <types1:Item>
      <types1:EntryId>gdoGsF4XkgbdoPV-gt-232578-2022-08-10T00:45:11.102Z::conn.xml</types1:EntryId>
      <types1:Name>AC-Modem-Scan-BRSPD-1</types1:Name>
      <types1:MimeType>application/xml+connection</types1:MimeType>
      <types1:Description/>
      <types1:AppliesTo/>
      <types1:Tags>.agent:qfiicssaodc02-prod.corp.intranet</types1:Tags>
      <types1:VersionLabel>1.0</types1:VersionLabel>
      <types1:State>CURRENT</types1:State>
      <types1:ProcessGroup/>
      <types1:CreatedBy>AD15119_PRD</types1:CreatedBy>
      <types1:CreationDate>2022-08-10T00:45:11Z</types1:CreationDate>
      <types1:ModifiedBy/>
      <types1:PublicationStatus>unpublished</types1:PublicationStatus>
      <types1:AutosaveExists>false</types1:AutosaveExists>
      <types1:Entry>
         <connection xmlns="http://schemas.informatica.com/socrates/data-services/2014/04/avosConnections.xsd"
                     displayName="AC-Modem-Scan-BRSPD"
                     label="AC-Modem-Scan-BRSPD"
                     name="AC-Modem-Scan-BRSPD-1">
            <description/>
            <tags>.agent:qfiicssaodc02-prod.corp.intranet</tags>
            <agent>qfiicssaodc02-prod.corp.intranet</agent>
            <attributes>
               <attribute encrypted="false" name="hostName" value="napperlc2.corp.intranet"/>
            </attributes>
            <businessConnector xmlns="http://schemas.informatica.com/appmodules/screenflow/2014/04/avosConnectors.xsd"
                               agentOnly="false"
                               connectorPath="project:/rt.connector/SC_Modem_Scan_BRSPD/SC_Modem_Scan_BRSPD_svcDef.xml"
                               guid="4Rk9BfIt03DkefBFS1X2s1"
                               name="SC-Modem-Scan_BRSPD-1"
                               supportsConnectionTest="false"
                               uuid="4b17d607-6bd2-4c29-a6f2-241987f6a9bb">
               <description/>
            </businessConnector>
         </connection>
      </types1:Entry>
      <types1:GUID>a43fpAxcWYQbcS1dqEKvYh</types1:GUID>
      <types1:DisplayName>AC-Modem-Scan-BRSPD</types1:DisplayName>
   </types1:Item>
   <types1:CurrentServerDateTime>2022-11-11T09:28:43.739Z</types1:CurrentServerDateTime>
</aetgt:getResponse>
