<aetgt:getResponse xmlns:aetgt="http://schemas.active-endpoints.com/appmodules/repository/2010/10/avrepository.xsd"
                   xmlns:types1="http://schemas.active-endpoints.com/appmodules/repository/2010/10/avrepository.xsd">
   <types1:Item>
      <types1:EntryId>kNMZQELaabclvAh-gt-198804-2022-08-10T00:45:36.162Z::conn.xml</types1:EntryId>
      <types1:Name>AppConnBRSPD-SF-STG-UAT</types1:Name>
      <types1:MimeType>application/xml+connection</types1:MimeType>
      <types1:Description/>
      <types1:AppliesTo/>
      <types1:Tags/>
      <types1:VersionLabel>1.0</types1:VersionLabel>
      <types1:State>CURRENT</types1:State>
      <types1:ProcessGroup/>
      <types1:CreatedBy>AD15119_PRD</types1:CreatedBy>
      <types1:CreationDate>2022-08-10T00:45:36Z</types1:CreationDate>
      <types1:ModifiedBy>AC81234_PRD</types1:ModifiedBy>
      <types1:ModificationDate>2022-08-10T04:00:36Z</types1:ModificationDate>
      <types1:PublicationStatus>published</types1:PublicationStatus>
      <types1:PublishedBy>AC81234_PRD</types1:PublishedBy>
      <types1:PublicationDate>2022-08-10T23:48:01Z</types1:PublicationDate>
      <types1:PublishedContributionId>project:/rt.connection/AppConnBRSPD-SF-STG-UAT/AppConnBRSPD-SF-STG-UAT.conn.xml</types1:PublishedContributionId>
      <types1:AutosaveExists>false</types1:AutosaveExists>
      <types1:Entry>
         <connection xmlns="http://schemas.informatica.com/socrates/data-services/2014/04/avosConnections.xsd"
                     displayName="AppConnBRSPD-SF-STG-UAT"
                     label="AppConnBRSPD-SF-STG-UAT"
                     name="AppConnBRSPD-SF-STG-UAT">
            <description/>
            <tags/>
            <agent/>
            <attributes>
               <attribute name="objectFilter" value=""/>
            </attributes>
            <soaConnector xmlns="http://schemas.informatica.com/appmodules/screenflow/2014/04/avosConnectors.xsd"
                          connectorPath="project:/com.activevos.cumulus.cloud.extend.playbook.configuration/config/sfConnector.xml"
                          name="Salesforce"
                          supportsConnectionTest="true"
                          supportsOData="true"
                          supportsPublishSkipMetadataRefresh="true"
                          uuid="05fc48f1-e6e1-441b-b700-bac396ca2ed1">
               <description>Salesforce.com SOA based data connector.</description>
            </soaConnector>
            <authentication type="$infa_basicform">
               <attributes>
                  <attribute encrypted="false"
                             name="username"
                             value="vinay.nimbole@accenture.com.stguat"/>
                  <attribute encrypted="true" name="password" value=""/>
                  <attribute encrypted="true" name="token" value=""/>
                  <attribute encrypted="false"
                             name="serviceUrl"
                             value="https://test.salesforce.com/services/Soap/c/46.0"/>
                  <attribute encrypted="true" name="clientId" value=""/>
                  <attribute encrypted="true" name="clientSecret" value=""/>
               </attributes>
            </authentication>
         </connection>
      </types1:Entry>
      <types1:GUID>1DqLpQ1Tnj1jBaQOVKXNsz</types1:GUID>
      <types1:DisplayName>AppConnBRSPD-SF-STG-UAT</types1:DisplayName>
   </types1:Item>
   <types1:CurrentServerDateTime>2022-11-11T09:28:41.249Z</types1:CurrentServerDateTime>
</aetgt:getResponse>
