<aetgt:getResponse xmlns:aetgt="http://schemas.active-endpoints.com/appmodules/repository/2010/10/avrepository.xsd"
                   xmlns:types1="http://schemas.active-endpoints.com/appmodules/repository/2010/10/avrepository.xsd">
   <types1:Item>
      <types1:EntryId>abdpIO3M4WwOC2X-gt-138587-2022-08-03T22:50:00.301Z::conn.xml</types1:EntryId>
      <types1:Name>AC-BMOM-Disconnect-BRSPD-Prod</types1:Name>
      <types1:ParentFlowIds>iYOuVGTiPZx1Xmg-gt-138609-2022-08-03T22:50:03.713Z::pd.xml</types1:ParentFlowIds>
      <types1:MimeType>application/xml+connection</types1:MimeType>
      <types1:Description>Disconnect Account on BMOM</types1:Description>
      <types1:AppliesTo/>
      <types1:Tags>.agent:qfiicssaodc02-prod.corp.intranet</types1:Tags>
      <types1:VersionLabel>1.0</types1:VersionLabel>
      <types1:State>CURRENT</types1:State>
      <types1:ProcessGroup/>
      <types1:CreatedBy>AD15100_PRD</types1:CreatedBy>
      <types1:CreationDate>2022-08-03T22:50:00Z</types1:CreationDate>
      <types1:ModifiedBy>AD15100_PRD</types1:ModifiedBy>
      <types1:ModificationDate>2022-08-04T05:18:02Z</types1:ModificationDate>
      <types1:PublicationStatus>out-of-date</types1:PublicationStatus>
      <types1:PublishedBy>AD15100_PRD</types1:PublishedBy>
      <types1:PublicationDate>2022-08-04T05:17:14Z</types1:PublicationDate>
      <types1:PublishedContributionId>project:/rt.connection/AC-BMOM-Disconnect-BRSPD-Prod/AC-BMOM-Disconnect-BRSPD-Prod.conn.xml</types1:PublishedContributionId>
      <types1:AutosaveExists>false</types1:AutosaveExists>
      <types1:Entry>
         <connection xmlns="http://schemas.informatica.com/socrates/data-services/2014/04/avosConnections.xsd"
                     displayName="AC-BMOM-Disconnect-BRSPD-Prod"
                     label="AC-BMOM-Disconnect-BRSPD-Prod"
                     name="AC-BMOM-Disconnect-BRSPD-Prod">
            <description>Disconnect Account on BMOM</description>
            <tags>.agent:qfiicssaodc02-prod.corp.intranet</tags>
            <agent>qfiicssaodc02-prod.corp.intranet</agent>
            <attributes>
               <attribute encrypted="false" name="hostName" value="api-test1.lumen.com"/>
               <attribute encrypted="true" name="apiKey" value=""/>
               <attribute encrypted="true" name="apiSecret" value=""/>
            </attributes>
            <businessConnector xmlns="http://schemas.informatica.com/appmodules/screenflow/2014/04/avosConnectors.xsd"
                               agentOnly="false"
                               connectorPath="project:/rt.connector/SC_BMOM_Disconnect_BRSPD_Prod/SC_BMOM_Disconnect_BRSPD_Prod_svcDef.xml"
                               guid="aldrDTkdZbxby5x0SO33Yn"
                               name="SC_BMOM_Disconnect_BRSPD-Prod"
                               supportsConnectionTest="false"
                               uuid="e6655b4b-cd0a-413f-9d04-3ff098015988">
               <description>Disconnect on BMOM System</description>
            </businessConnector>
         </connection>
      </types1:Entry>
      <types1:GUID>0WQ9guMKxMVgE85Zi9MXWK</types1:GUID>
      <types1:DisplayName>AC-BMOM-Disconnect-BRSPD-Prod</types1:DisplayName>
   </types1:Item>
   <types1:CurrentServerDateTime>2023-01-13T05:44:20.873Z</types1:CurrentServerDateTime>
</aetgt:getResponse>
