<aetgt:getResponse xmlns:aetgt="http://schemas.active-endpoints.com/appmodules/repository/2010/10/avrepository.xsd"
                   xmlns:types1="http://schemas.active-endpoints.com/appmodules/repository/2010/10/avrepository.xsd">
   <types1:Item>
      <types1:EntryId>jidpIO3M4WwOC2X-gt-117111-2022-08-03T22:49:14.146Z::svc.xml</types1:EntryId>
      <types1:Name>SC_Polygon_Prod_BRSPD-1</types1:Name>
      <types1:ParentFlowIds>zAZf5kck8jKBmeK-gt-116354-2022-08-03T22:49:14.417Z::conn.xml</types1:ParentFlowIds>
      <types1:MimeType>application/xml+businesssconnector</types1:MimeType>
      <types1:Description>This service connector is for Polygon API</types1:Description>
      <types1:AppliesTo/>
      <types1:Tags/>
      <types1:VersionLabel>1.0</types1:VersionLabel>
      <types1:State>CURRENT</types1:State>
      <types1:ProcessGroup/>
      <types1:CreatedBy>AD15100_PRD</types1:CreatedBy>
      <types1:CreationDate>2022-08-03T22:49:14Z</types1:CreationDate>
      <types1:ModifiedBy/>
      <types1:PublicationStatus>published</types1:PublicationStatus>
      <types1:PublishedBy>AD15100_PRD</types1:PublishedBy>
      <types1:PublicationDate>2022-08-04T03:09:35Z</types1:PublicationDate>
      <types1:PublishedContributionId>project:/rt.connector/SC_Polygon_Prod_BRSPD_1/SC_Polygon_Prod_BRSPD_1_svcDef.xml</types1:PublishedContributionId>
      <types1:AutosaveExists>false</types1:AutosaveExists>
      <types1:Entry>
         <businessConnector xmlns="http://schemas.informatica.com/socrates/data-services/2014/05/business-connector-model.xsd"
                            agentOnly="false"
                            debug="false"
                            displayName="SC_Polygon_Prod_BRSPD"
                            label=""
                            name="SC_Polygon_Prod_BRSPD-1"
                            uuid="7a1567c8-d5a7-48a0-9b0c-1e7328214560">
            <description>This service connector is for Polygon API</description>
            <tags/>
            <connectionAttributes xmlns="http://schemas.informatica.com/appmodules/screenflow/2014/04/avosConnectors.xsd">
               <connectionAttribute description="Host Name"
                                    masked="false"
                                    name="hostName"
                                    required="true"
                                    testWith="centurylink-prod.apigee.net"
                                    type="string"/>
            </connectionAttributes>
            <actions>
               <action category=""
                       failOnError="true"
                       forSearch="false"
                       label="SC_Polygon"
                       maxRedirects="100"
                       name="SC_Polygon"
                       preemptiveAuth="true"
                       responseEncoding="">
                  <description/>
                  <input>
                     <parameter label="subscriberLatLong"
                                name="subscriberLatLong"
                                required="false"
                                testWith="{ &#34;Longitude&#34;: &#34;-82.23425400&#34;, &#34;Latitude&#34;: &#34;26.915464&#34; }"
                                type="reference">
                        <options>
                           <option name="referenceTo">subscriberLatLong</option>
                        </options>
                     </parameter>
                     <parameter label="access_token"
                                name="access_token"
                                required="false"
                                testWith="yipFBPGwO9roe58GSAiiQvoxZn6F"
                                type="string"/>
                  </input>
                  <binding>
                     <restSimpleBinding multiUsing="semicolonSeparated"
                                        url="https://{$hostName}/v1/address/serviceability"
                                        verb="POST">
                        <mutualAuth enabled="false">
                           <keyStore mode="file"/>
                           <keyStorePassword/>
                        </mutualAuth>
                        <httpHeaders>
                           <header name="Authorization">{$access_token}</header>
                        </httpHeaders>
                        <body generateUsing="JSON" preserveJsonStringFormatting="true"/>
                     </restSimpleBinding>
                  </binding>
                  <output>
                     <field description=""
                            name="polygonId"
                            property="polygonId"
                            type="string"/>
                     <field description=""
                            name="polygonStatus"
                            property="polygonStatus"
                            type="string"/>
                     <field description=""
                            name="polygonEcd"
                            property="polygonEcd"
                            type="date"/>
                     <field description="" name="bandwidth" property="bandwidth" type="int"/>
                     <field description=""
                            name="serviceable"
                            property="serviceable"
                            type="string"/>
                     <field description=""
                            name="earliestServiceableDate"
                            property="earliestServiceableDate"
                            type="date"/>
                  </output>
               </action>
            </actions>
            <objects>
               <processObject xmlns="http://schemas.active-endpoints.com/appmodules/screenflow/2011/06/avosHostEnvironment.xsd"
                              isByCopy="true"
                              name="subscriberLatLong">
                  <description/>
                  <detail>
                     <field name="Longitude" nullable="true" required="false" type="string"/>
                     <field name="Latitude" nullable="true" required="false" type="string"/>
                  </detail>
               </processObject>
            </objects>
         </businessConnector>
      </types1:Entry>
      <types1:GUID>aVEQl7OxWZ3jWbIjuNQvkS</types1:GUID>
      <types1:DisplayName>SC_Polygon_Prod_BRSPD</types1:DisplayName>
   </types1:Item>
   <types1:CurrentServerDateTime>2023-05-19T15:06:32.434Z</types1:CurrentServerDateTime>
</aetgt:getResponse>
