<aetgt:getResponse xmlns:aetgt="http://schemas.active-endpoints.com/appmodules/repository/2010/10/avrepository.xsd"
                   xmlns:types1="http://schemas.active-endpoints.com/appmodules/repository/2010/10/avrepository.xsd">
   <types1:Item>
      <types1:EntryId>tVOSSHCwkNmumf6-gt-545912-2022-07-06T02:43:23.312Z::po.xml</types1:EntryId>
      <types1:Name>PO-ENS-Account-1</types1:Name>
      <types1:MimeType>application/xml+processobject</types1:MimeType>
      <types1:Description>ENS Account</types1:Description>
      <types1:AppliesTo/>
      <types1:Tags/>
      <types1:VersionLabel>1.0</types1:VersionLabel>
      <types1:State>CURRENT</types1:State>
      <types1:ProcessGroup/>
      <types1:CreatedBy>AC83336_PRD</types1:CreatedBy>
      <types1:CreationDate>2022-07-06T02:43:23Z</types1:CreationDate>
      <types1:ModifiedBy/>
      <types1:PublicationStatus>unpublished</types1:PublicationStatus>
      <types1:AutosaveExists>false</types1:AutosaveExists>
      <types1:Entry>
         <processObject xmlns="http://schemas.active-endpoints.com/appmodules/screenflow/2011/06/avosHostEnvironment.xsd"
                        displayName="PO-ENS-Account"
                        isByCopy="true"
                        name="PO-ENS-Account-1">
            <description>ENS Account </description>
            <tags/>
            <detail>
               <field label="ban" name="ban" type="string"/>
               <field label="actv_code" name="actv_code" type="string"/>
               <field label="actv_amt" name="actv_amt" type="string"/>
               <field label="ftr_expiration_date"
                      name="ftr_expiration_date"
                      type="string"/>
               <field label="pplan" name="pplan" type="string"/>
               <field label="discount_cd" name="discount_cd" type="string"/>
               <field label="ent_seq_no" name="ent_seq_no" type="string"/>
               <field label="ptyp" name="ptyp" type="string"/>
               <field label="bundle_code" name="bundle_code" type="string"/>
               <field label="prod_status_date" name="prod_status_date" type="string"/>
               <field label="feature_desc" name="feature_desc" type="string"/>
               <field label="product_id" name="product_id" type="string"/>
               <field label="arc" name="arc" type="string"/>
               <field label="disc_type" name="disc_type" type="string"/>
               <field label="feature" name="feature" type="string"/>
            </detail>
         </processObject>
      </types1:Entry>
      <types1:GUID>bKmhufwdLiYfvARKpYOnMb</types1:GUID>
      <types1:DisplayName>PO-ENS-Account</types1:DisplayName>
   </types1:Item>
   <types1:CurrentServerDateTime>2022-10-21T03:10:19.36Z</types1:CurrentServerDateTime>
</aetgt:getResponse>
