<aetgt:getResponse xmlns:aetgt="http://schemas.active-endpoints.com/appmodules/repository/2010/10/avrepository.xsd"
                   xmlns:types1="http://schemas.active-endpoints.com/appmodules/repository/2010/10/avrepository.xsd">
   <types1:Item>
      <types1:EntryId>2w4ARW8UBM7zsZv-gt-89672-2022-08-01T02:54:32.856Z::po.xml</types1:EntryId>
      <types1:Name>NAME-NO-status</types1:Name>
      <types1:MimeType>application/xml+processobject</types1:MimeType>
      <types1:Description/>
      <types1:AppliesTo/>
      <types1:Tags/>
      <types1:VersionLabel>1.0</types1:VersionLabel>
      <types1:State>CURRENT</types1:State>
      <types1:ProcessGroup/>
      <types1:CreatedBy>AC83336_PRD</types1:CreatedBy>
      <types1:CreationDate>2022-08-01T02:54:33Z</types1:CreationDate>
      <types1:ModifiedBy/>
      <types1:PublicationStatus>unpublished</types1:PublicationStatus>
      <types1:AutosaveExists>false</types1:AutosaveExists>
      <types1:Entry>
         <processObject xmlns="http://schemas.active-endpoints.com/appmodules/screenflow/2011/06/avosHostEnvironment.xsd"
                        displayName="NAME-NO-status"
                        isByCopy="true"
                        name="NAME-NO-status">
            <description/>
            <tags/>
            <detail>
               <field label="EMPNO"
                      name="EMPNO"
                      nullable="true"
                      required="false"
                      type="string"/>
               <field label="status"
                      name="status"
                      nullable="true"
                      required="false"
                      type="string"/>
               <field label="EMPNAME"
                      name="EMPNAME"
                      nullable="true"
                      required="false"
                      type="string"/>
            </detail>
         </processObject>
      </types1:Entry>
      <types1:GUID>9yn5dIntWovbJioUSpeviG</types1:GUID>
      <types1:DisplayName>NAME-NO-status</types1:DisplayName>
   </types1:Item>
   <types1:CurrentServerDateTime>2022-09-30T04:03:08.505Z</types1:CurrentServerDateTime>
</aetgt:getResponse>
