<aetgt:getResponse xmlns:aetgt="http://schemas.active-endpoints.com/appmodules/repository/2010/10/avrepository.xsd"
                   xmlns:types1="http://schemas.active-endpoints.com/appmodules/repository/2010/10/avrepository.xsd">
   <types1:Item>
      <types1:EntryId>y8NTYglxbdypKwK-gt-194553-2022-08-10T00:44:43.99Z::conn.xml</types1:EntryId>
      <types1:Name>AC-Polygon-BRSPD-1</types1:Name>
      <types1:ParentFlowIds>MoONhsJlv58pIO3-gt-232610-2022-08-10T00:45:16.26Z::pd.xml</types1:ParentFlowIds>
      <types1:MimeType>application/xml+connection</types1:MimeType>
      <types1:Description>Application Connection for Polygon Details</types1:Description>
      <types1:AppliesTo/>
      <types1:Tags/>
      <types1:VersionLabel>1.0</types1:VersionLabel>
      <types1:State>CURRENT</types1:State>
      <types1:ProcessGroup/>
      <types1:CreatedBy>AD15119_PRD</types1:CreatedBy>
      <types1:CreationDate>2022-08-10T00:44:44Z</types1:CreationDate>
      <types1:ModifiedBy/>
      <types1:PublicationStatus>unpublished</types1:PublicationStatus>
      <types1:AutosaveExists>false</types1:AutosaveExists>
      <types1:Entry>
         <connection xmlns="http://schemas.informatica.com/socrates/data-services/2014/04/avosConnections.xsd"
                     displayName="AC-Polygon-BRSPD"
                     label="AC-Polygon-BRSPD"
                     name="AC-Polygon-BRSPD-1">
            <description>Application Connection for Polygon Details</description>
            <tags/>
            <agent/>
            <attributes>
               <attribute encrypted="false"
                          name="hostName"
                          value="centurylink-prod.apigee.net"/>
            </attributes>
            <businessConnector xmlns="http://schemas.informatica.com/appmodules/screenflow/2014/04/avosConnectors.xsd"
                               agentOnly="false"
                               connectorPath="project:/rt.connector/SC_Polygon_Prod_BRSPD/SC_Polygon_Prod_BRSPD_svcDef.xml"
                               guid="1OIBKovHMwyhGrDNwtPFE7"
                               name="SC_Polygon_Prod_BRSPD-2"
                               supportsConnectionTest="false"
                               uuid="7a1567c8-d5a7-48a0-9b0c-1e7328214560">
               <description>This service connector is for Polygon API</description>
            </businessConnector>
         </connection>
      </types1:Entry>
      <types1:GUID>1ze0AqjH4kGizgERZgH66T</types1:GUID>
      <types1:DisplayName>AC-Polygon-BRSPD</types1:DisplayName>
   </types1:Item>
   <types1:CurrentServerDateTime>2023-01-13T05:44:41.303Z</types1:CurrentServerDateTime>
</aetgt:getResponse>
