<aetgt:getResponse xmlns:aetgt="http://schemas.active-endpoints.com/appmodules/repository/2010/10/avrepository.xsd"
                   xmlns:types1="http://schemas.active-endpoints.com/appmodules/repository/2010/10/avrepository.xsd">
   <types1:Item>
      <types1:EntryId>dvSzYLnzYLnzYLn-gt-89718-2022-08-01T02:54:37.058Z::pd.xml</types1:EntryId>
      <types1:Name>CUSTOMER_MIGRATION_JJG_032822</types1:Name>
      <types1:MimeType>application/xml+process</types1:MimeType>
      <types1:Description/>
      <types1:AppliesTo/>
      <types1:Tags>.anonymous</types1:Tags>
      <types1:VersionLabel>1.0</types1:VersionLabel>
      <types1:State>CURRENT</types1:State>
      <types1:ProcessGroup/>
      <types1:CreatedBy>AC83336_PRD</types1:CreatedBy>
      <types1:CreationDate>2022-08-01T02:54:37Z</types1:CreationDate>
      <types1:ModifiedBy/>
      <types1:PublicationStatus>unpublished</types1:PublicationStatus>
      <types1:AutosaveExists>false</types1:AutosaveExists>
      <types1:Entry>
         <process xmlns="http://schemas.active-endpoints.com/appmodules/screenflow/2010/10/avosScreenflow.xsd"
                  xmlns:tfm="http://schemas.active-endpoints.com/appmodules/screenflow/2021/04/taskflowModel.xsd"
                  xmlns:list="urn:activevos:spi:list:functions"
                  displayName="CUSTOMER_MIGRATION_JJG_032822"
                  name="CUSTOMER_MIGRATION_JJG_032822"
                  overrideAPIName="false">
            <parameterSet xmlns="http://schemas.active-endpoints.com/appmodules/screenflow/2021/04/taskflowModel.xsd"/>
            <appliesTo/>
            <description/>
            <tags>.anonymous</tags>
            <generator>Informatica Process Designer 11</generator>
            <input>
               <parameter description="" name="DTN" type="string">
                  <options>
                     <option name="required">false</option>
                  </options>
               </parameter>
            </input>
            <output>
               <field description="" name="OUTPUT_API" type="reference">
                  <options>
                     <option name="referenceTo">AC-CUSTOMER-MIGRATION-STATUS-JJG-032822:CUSTOMER_MIGRATION_STATUS_JJG_032822</option>
                     <option name="required">false</option>
                     <option name="guid">2jykZjFCCKPgcN5x5mTHOP</option>
                  </options>
               </field>
               <field description="" name="OUTPUT_PO" type="reference">
                  <options>
                     <option name="referenceTo">$po:PO-CMSJJG-032922</option>
                     <option name="required">false</option>
                     <option name="isCopy">true</option>
                     <option name="guid">35uLcBk3GK2fJSyLcOwJe4</option>
                  </options>
               </field>
            </output>
            <notes/>
            <deployment suspendOnFault="false" tracingLevel="none">
               <rest>
                  <allowAnonymousAccess/>
               </rest>
            </deployment>
            <flow id="a">
               <start id="b">
                  <link id="l1ejhhs0" targetId="l1ejhhrg"/>
               </start>
               <assignment id="l1ejhhrg">
                  <title>ASSIGNMENT_GET</title>
                  <operation source="query" to="output.OUTPUT_API">
                     <query advanceQuery="false"
                            from="AC-CUSTOMER-MIGRATION-STATUS-JJG-032822:CUSTOMER_MIGRATION_STATUS_JJG_032822">
                        <where>DTN = '{$input.DTN}' </where>
                     </query>
                  </operation>
                  <link id="l1ejuipm" targetId="l1bxsqe0"/>
               </assignment>
               <assignment id="l1bxsqe0">
                  <title>ASSIGNMENT_OUTPUT</title>
                  <operation source="field" to="output.OUTPUT_PO[1]/ACCOUNT_ID">output.OUTPUT_API.ACCOUNT_ID</operation>
                  <operation source="field" to="output.OUTPUT_PO[1]/BILLING_FIRST_NAME">output.OUTPUT_API.BILLING_FIRST_NAME</operation>
                  <operation source="field" to="output.OUTPUT_PO[1]/BILLING_LAST_NAME">output.OUTPUT_API.BILLING_LAST_NAME</operation>
                  <operation source="field" to="output.OUTPUT_PO[1]/DTN">output.OUTPUT_API.DTN</operation>
                  <operation source="field" to="output.OUTPUT_PO[1]/LEGACY_ACCOUNT_ID">output.OUTPUT_API.LEGACY_ACCOUNT_ID</operation>
                  <operation source="field" to="output.OUTPUT_PO[1]/LEGACY_SF_ID">output.OUTPUT_API.LEGACY_SF_ID</operation>
                  <operation source="field" to="output.OUTPUT_PO[1]/LEGACY_SYSTEM">output.OUTPUT_API.LEGACY_SYSTEM</operation>
                  <operation source="field" to="output.OUTPUT_PO[1]/ORIGINAL_LEGACY_SF_ID">output.OUTPUT_API.ORIGINAL_LEGACY_SF_ID</operation>
                  <link id="l1bxsqea" targetId="c"/>
               </assignment>
               <end id="c"/>
            </flow>
         </process>
         <ns1:sample-data-sets xmlns:ns1="http://schemas.active-endpoints.com/appmodules/repository/2010/10/sampleData.xsd">
            <ns1:SampleData>
               <ns1:Id>3375a903-10bd-4443-beab-11af942e6087</ns1:Id>
               <ns1:Name>X</ns1:Name>
               <ns1:CreatedBy>AC83336_PRD</ns1:CreatedBy>
               <ns1:CreationDate>2022-08-01T02:54:37Z</ns1:CreationDate>
               <ns1:ModifiedBy>AC83336_PRD</ns1:ModifiedBy>
               <ns1:ModificationDate>2022-08-01T02:54:37Z</ns1:ModificationDate>
               <ns1:Data format="json">{
	 "DTN": "1"
}</ns1:Data>
            </ns1:SampleData>
         </ns1:sample-data-sets>
      </types1:Entry>
      <types1:GUID>341orqoN96ffKiIqbH8JUX</types1:GUID>
      <types1:DisplayName>CUSTOMER_MIGRATION_JJG_032822</types1:DisplayName>
   </types1:Item>
   <types1:CurrentServerDateTime>2022-12-16T04:07:51.617Z</types1:CurrentServerDateTime>
</aetgt:getResponse>
