<aetgt:getResponse xmlns:aetgt="http://schemas.active-endpoints.com/appmodules/repository/2010/10/avrepository.xsd"
                   xmlns:types1="http://schemas.active-endpoints.com/appmodules/repository/2010/10/avrepository.xsd">
   <types1:Item>
      <types1:EntryId>XWwjlybduaa-gt-144058-2022-06-20T08:40:25.792Z::po.xml</types1:EntryId>
      <types1:Name>PO-Error-Message</types1:Name>
      <types1:ParentFlowIds>1iUsRvsGRvDINci-gt-192277-2022-08-09T05:47:42.843Z::pd.xml,1ZT1cnFKi9zhFty-gt-198816-2022-08-10T00:45:38.853Z::pd.xml,5PiciT6sFsdsFsd-gt-1219-2022-07-18T04:25:39.09Z::pd.xml,H0EKZhHwzZsMBw8-gt-143946-2022-06-20T08:40:33.538Z::pd.xml,K9hCHbf2XZPnE29-gt-88561-2022-06-20T08:40:33.591Z::pd.xml</types1:ParentFlowIds>
      <types1:MimeType>application/xml+processobject</types1:MimeType>
      <types1:Description>Structure for Error Message Response</types1:Description>
      <types1:AppliesTo/>
      <types1:Tags/>
      <types1:VersionLabel>1.0</types1:VersionLabel>
      <types1:State>CURRENT</types1:State>
      <types1:ProcessGroup/>
      <types1:CreatedBy>AC81234_PRD</types1:CreatedBy>
      <types1:CreationDate>2022-06-20T08:40:26Z</types1:CreationDate>
      <types1:ModifiedBy/>
      <types1:PublicationStatus>unpublished</types1:PublicationStatus>
      <types1:AutosaveExists>false</types1:AutosaveExists>
      <types1:Entry>
         <processObject xmlns="http://schemas.active-endpoints.com/appmodules/screenflow/2011/06/avosHostEnvironment.xsd"
                        displayName="PO-Error-Message"
                        isByCopy="true"
                        name="PO-Error-Message">
            <description>Structure for Error Message Response</description>
            <tags/>
            <detail>
               <field label="Code" name="Code" type="string"/>
               <field label="Reason" name="Reason" type="string"/>
               <field label="Detail" name="Detail" type="string"/>
            </detail>
         </processObject>
      </types1:Entry>
      <types1:GUID>i7UGjzh2YqncYhmLhuFgmt</types1:GUID>
      <types1:DisplayName>PO-Error-Message</types1:DisplayName>
   </types1:Item>
   <types1:CurrentServerDateTime>2023-01-27T08:38:18.994Z</types1:CurrentServerDateTime>
</aetgt:getResponse>
