<aetgt:getResponse xmlns:aetgt="http://schemas.active-endpoints.com/appmodules/repository/2010/10/avrepository.xsd"
                   xmlns:types1="http://schemas.active-endpoints.com/appmodules/repository/2010/10/avrepository.xsd">
   <types1:Item>
      <types1:EntryId>YwDxomUhGdwOLIF-gt-90060-2022-08-01T02:54:26.808Z::po.xml</types1:EntryId>
      <types1:Name>PO-CustStatus-RG-BRSPD</types1:Name>
      <types1:MimeType>application/xml+processobject</types1:MimeType>
      <types1:Description/>
      <types1:AppliesTo/>
      <types1:Tags/>
      <types1:VersionLabel>1.0</types1:VersionLabel>
      <types1:State>CURRENT</types1:State>
      <types1:ProcessGroup/>
      <types1:CreatedBy>AC83336_PRD</types1:CreatedBy>
      <types1:CreationDate>2022-08-01T02:54:27Z</types1:CreationDate>
      <types1:ModifiedBy>AD15119_PRD</types1:ModifiedBy>
      <types1:ModificationDate>2022-08-01T09:17:23Z</types1:ModificationDate>
      <types1:PublicationStatus>unpublished</types1:PublicationStatus>
      <types1:AutosaveExists>false</types1:AutosaveExists>
      <types1:Entry>
         <processObject xmlns="http://schemas.active-endpoints.com/appmodules/screenflow/2011/06/avosHostEnvironment.xsd"
                        displayName="PO-CustStatus-RG-BRSPD"
                        isByCopy="true"
                        name="PO-CustStatus-RG-BRSPD">
            <description/>
            <tags/>
            <detail>
               <field label="RG_Model" name="RG_Model" type="string"/>
               <field label="RG_Mac" name="RG_Mac" type="string"/>
               <field label="RG_Vendor" name="RG_Vendor" type="string"/>
               <field label="RG_Serial" name="RG_Serial" type="string"/>
               <field label="RG_Software" name="RG_Software" type="string"/>
               <field label="Authenticated" name="Authenticated" type="string"/>
               <field label="RG_IP" name="RG_IP" type="string"/>
            </detail>
         </processObject>
      </types1:Entry>
      <types1:GUID>iheKSVAJQcNetiu3BKwqW9</types1:GUID>
      <types1:DisplayName>PO-CustStatus-RG-BRSPD</types1:DisplayName>
   </types1:Item>
   <types1:CurrentServerDateTime>2022-09-02T08:23:16.77Z</types1:CurrentServerDateTime>
</aetgt:getResponse>
