<aetgt:getResponse xmlns:aetgt="http://schemas.active-endpoints.com/appmodules/repository/2010/10/avrepository.xsd"
                   xmlns:types1="http://schemas.active-endpoints.com/appmodules/repository/2010/10/avrepository.xsd">
   <types1:Item>
      <types1:EntryId>iYOuVGTiPZx1Xmg-gt-138609-2022-08-03T22:50:03.713Z::pd.xml</types1:EntryId>
      <types1:Name>P_Disconnect_BMOM_BRSPD-Prod</types1:Name>
      <types1:MimeType>application/xml+process</types1:MimeType>
      <types1:Description>Disconnect Account on BMOM Application</types1:Description>
      <types1:AppliesTo/>
      <types1:Tags>.anonymous</types1:Tags>
      <types1:VersionLabel>1.0</types1:VersionLabel>
      <types1:State>CURRENT</types1:State>
      <types1:ProcessGroup/>
      <types1:CreatedBy>AD15100_PRD</types1:CreatedBy>
      <types1:CreationDate>2022-08-03T22:50:04Z</types1:CreationDate>
      <types1:ModifiedBy>AD15100_PRD</types1:ModifiedBy>
      <types1:ModificationDate>2022-08-04T05:21:27Z</types1:ModificationDate>
      <types1:PublicationStatus>published</types1:PublicationStatus>
      <types1:PublishedBy>AD15100_PRD</types1:PublishedBy>
      <types1:PublicationDate>2022-08-04T05:21:54Z</types1:PublicationDate>
      <types1:PublishedContributionId>project:/spi.P_Disconnect_BMOM_BRSPD-Prod/P_Disconnect_BMOM_BRSPD-Prod.pd.xml</types1:PublishedContributionId>
      <types1:AutosaveExists>false</types1:AutosaveExists>
      <types1:Entry>
         <process xmlns="http://schemas.active-endpoints.com/appmodules/screenflow/2010/10/avosScreenflow.xsd"
                  xmlns:tfm="http://schemas.active-endpoints.com/appmodules/screenflow/2021/04/taskflowModel.xsd"
                  xmlns:list="urn:activevos:spi:list:functions"
                  displayName="P_Disconnect_BMOM_BRSPD-Prod"
                  name="P_Disconnect_BMOM_BRSPD-Prod"
                  overrideAPIName="false">
            <parameterSet xmlns="http://schemas.active-endpoints.com/appmodules/screenflow/2021/04/taskflowModel.xsd"/>
            <appliesTo/>
            <description>Disconnect Account on BMOM Application</description>
            <tags>.anonymous</tags>
            <generator>Informatica Process Designer 11</generator>
            <input>
               <parameter description=""
                          name="AccountID_in"
                          required="true"
                          type="string">
                  <options>
                     <option name="required">false</option>
                  </options>
               </parameter>
            </input>
            <output>
               <field description="" name="ErrorCode" type="string">
                  <options>
                     <option name="required">false</option>
                     <option name="initialvalue">200</option>
                  </options>
               </field>
               <field description="" name="ErrorMessage" type="string">
                  <options>
                     <option name="required">false</option>
                     <option name="initialvalue">Success</option>
                  </options>
               </field>
            </output>
            <tempFields>
               <field description="" name="customers_temp" type="reference">
                  <options>
                     <option name="referenceTo">$po:customers-BRSPD-1</option>
                     <option name="required">false</option>
                     <option name="isCopy">true</option>
                     <option name="guid">3pQht08NyZaeF4TXWysu4v</option>
                  </options>
               </field>
               <field description="" name="status_temp" type="string">
                  <options>
                     <option name="required">false</option>
                     <option name="initialvalue">Disconnect Flag Sent to BM</option>
                  </options>
               </field>
               <field description="" name="errorMesage_temp" type="string">
                  <options>
                     <option name="required">false</option>
                  </options>
               </field>
            </tempFields>
            <notes/>
            <deployment suspendOnFault="false" tracingLevel="verbose">
               <rest>
                  <allowAnonymousAccess/>
               </rest>
            </deployment>
            <flow id="a">
               <start id="b">
                  <link id="l45c0rtz" targetId="l45c0rty"/>
               </start>
               <service id="l45c0rty">
                  <title>AccessToken</title>
                  <serviceName>AC-BMOM-Disconnect-BRSPD-Prod:AccessToken</serviceName>
                  <serviceGUID>0WQ9guMKxMVgE85Zi9MXWK</serviceGUID>
                  <serviceInput/>
                  <link id="l45c0ru0" targetId="knay76fa"/>
               </service>
               <eventContainer id="knay76fa">
                  <service id="knaxtidz">
                     <title>Disconnect BMOM Srvc</title>
                     <serviceName>AC-BMOM-Disconnect-BRSPD-Prod:BMOMDisconnect</serviceName>
                     <serviceGUID>0WQ9guMKxMVgE85Zi9MXWK</serviceGUID>
                     <serviceInput>
                        <parameter name="ban" source="constant">{$input.AccountID_in}</parameter>
                        <parameter name="EpochTime" source="formula">
                           <expression language="XQuery">date:now()</expression>
                        </parameter>
                        <parameter name="access_token" source="constant">Bearer {$output.access_token} </parameter>
                     </serviceInput>
                  </service>
                  <flow id="knay76fc">
                     <container id="knot0rqv" type="exclusive">
                        <title>PrePaid?</title>
                        <flow id="knot0rqy">
                           <eventContainer id="knot0rwb">
                              <service id="knot0ru2">
                                 <title>Admin Notes</title>
                                 <serviceName>AC-PPP-Prepaid-Disconnect-BRSPD-1:UpdateAccountNotesRequest</serviceName>
                                 <serviceGUID>gNWNffRlS6xcM3yluzhJmL</serviceGUID>
                                 <serviceInput>
                                    <parameter name="AccountId" source="constant">{$input.AccountID_in}</parameter>
                                 </serviceInput>
                              </service>
                              <flow id="knot0rwd">
                                 <assignment id="knot0ry5">
                                    <title>SuccessAssignmentNotes</title>
                                    <operation source="constant" to="temp.status_temp">Disconnect Flag Sent to BMOM</operation>
                                    <operation source="field" to="temp.errorMesage_temp">output.message</operation>
                                 </assignment>
                                 <link id="knot0rwe" targetId="knot0rwb" type="containerLink"/>
                              </flow>
                              <flow id="knot0rwg">
                                 <assignment id="knot0s0b">
                                    <title>SuccessAssignmentError</title>
                                    <operation source="constant" to="temp.status_temp">Disconnect Flag Sent to BMOM</operation>
                                    <operation source="formula" to="temp.errorMesage_temp">
                                       <expression language="XQuery">$output.message  || 'But Admin notes were not updated. Error Message is : ' || $output.faultInfo[1]/reason </expression>
                                    </operation>
                                 </assignment>
                                 <link id="knot0rwh" targetId="knot0rwb" type="containerLink"/>
                              </flow>
                              <link id="knot0rwc" targetId="knot0rwd" type="containerLink"/>
                              <events>
                                 <catch faultField="faultInfo" id="knot0rud" interrupting="true">
                                    <link id="knot0rwf" targetId="knot0rwg" type="containerLink"/>
                                 </catch>
                              </events>
                           </eventContainer>
                           <link id="knot0rqz" targetId="knot0rqv" type="containerLink"/>
                        </flow>
                        <flow id="knot0rr1">
                           <assignment id="knot0rtj">
                              <title>SuccessAssignment</title>
                              <operation source="constant" to="temp.status_temp">Disconnect Flag Sent to BMOM</operation>
                              <operation source="field" to="temp.errorMesage_temp">output.ErrorMessage</operation>
                           </assignment>
                           <link id="knot0rr2" targetId="knot0rqv" type="containerLink"/>
                        </flow>
                        <link id="knot0rqx" targetId="knot0rqy" type="containerLink">
                           <condition source="formula">
                              <function name="starts-with">
                                 <arg name="left">{$input.AccountID_in}</arg>
                                 <arg name="right">PPB</arg>
                              </function>
                           </condition>
                        </link>
                        <link id="knot0rr0" targetId="knot0rr1" type="containerLink"/>
                     </container>
                     <link id="knay76fd" targetId="knay76fa" type="containerLink"/>
                  </flow>
                  <flow id="knay76ff">
                     <assignment id="knb2n8th">
                        <title>ErrorAssignment</title>
                        <operation source="constant" to="temp.status_temp">Disconnect Error</operation>
                        <operation source="formula" to="temp.errorMesage_temp">
                           <expression language="XQuery">fn:replace(fn:replace(fn:substring-before(fn:substring-after($output.faultInfo[1]/reason,"""message"""),"}"),
"""",""),":","")</expression>
                        </operation>
                        <link id="knb2n8ti" targetId="knay76g5"/>
                     </assignment>
                     <jumpTo id="knay76g5">
                        <link id="knay76g6" targetId="kmw5525j"/>
                     </jumpTo>
                  </flow>
                  <link id="knay76fb" targetId="knay76fc" type="containerLink"/>
                  <link id="knay76eo" targetId="kmw5525j"/>
                  <events>
                     <catch faultField="faultInfo" id="knay76f9" interrupting="true">
                        <link id="knay76fe" targetId="knay76ff" type="containerLink"/>
                     </catch>
                  </events>
               </eventContainer>
               <eventContainer id="kmw55260">
                  <subflow id="kmw55264">
                     <title>UpdateCSM</title>
                     <subflowGUID>9gvgOhu4qBrfAP41ZGbVqP</subflowGUID>
                     <subflowPath>P_Update_Customer_Status_Group_BRSPD-Prod</subflowPath>
                     <runForEach>false</runForEach>
                     <input>
                        <parameter name="customers" source="field" updatable="true">temp.customers_temp</parameter>
                     </input>
                     <outputDef>
                        <field name="Error_Messages_out" type="objectlist">
                           <options>
                              <option name="referenceTo">$po:PO-Error-Message-1</option>
                              <option hide="true" name="multiSelect">true</option>
                              <option name="required">false</option>
                              <option name="isCopy">true</option>
                              <option name="guid">elCZnzY7VM5gmshtgaEu4t</option>
                           </options>
                        </field>
                        <field name="Success_count" type="int">
                           <options>
                              <option name="required">false</option>
                           </options>
                        </field>
                        <field name="Failure_count" type="int">
                           <options>
                              <option name="required">false</option>
                           </options>
                        </field>
                     </outputDef>
                  </subflow>
                  <flow id="kmw55261">
                     <container id="kmw6o5i1" type="exclusive">
                        <title>CSMSuccess?</title>
                        <flow id="kmw6o5i3">
                           <link id="kmw6o5i4" targetId="kmw6o5i1" type="containerLink"/>
                        </flow>
                        <flow id="kmw6o5i6">
                           <assignment id="kmwizuce">
                              <title>AssignmentErrorFailure</title>
                              <operation source="constant" to="output.ErrorCode">{$output.Error_Messages_out[1]/Code} </operation>
                              <operation source="formula" to="output.ErrorMessage">
                                 <expression language="XQuery">$output.Error_Messages_out[1]/Detail  || $output.Error_Messages_out[1]/Reason </expression>
                              </operation>
                              <link id="kmwizucz" targetId="kmwizucy"/>
                           </assignment>
                           <end id="kmwizucy">
                              <title>EndWithError</title>
                           </end>
                        </flow>
                        <link id="kmw6o5i2" targetId="kmw6o5i3" type="containerLink">
                           <condition source="formula">
                              <function name="equals">
                                 <arg name="left">{$output.Failure_count}</arg>
                                 <arg name="right">{0}</arg>
                              </function>
                           </condition>
                        </link>
                        <link id="kmw6o5i5" targetId="kmw6o5i6" type="containerLink"/>
                     </container>
                     <link id="kmw55267" targetId="kmw55260" type="containerLink"/>
                  </flow>
                  <flow id="kmw55262">
                     <assignment id="kmwizuhn">
                        <title>AssignmentErrorOutput</title>
                        <operation source="constant" to="output.ErrorCode">500</operation>
                        <operation source="formula" to="output.ErrorMessage">
                           <expression language="XQuery">$output.faultInfo[1]/detail ||  $output.faultInfo[1]/reason </expression>
                        </operation>
                        <link id="kmwizuij" targetId="kmwizuii"/>
                     </assignment>
                     <end id="kmwizuii">
                        <title>EndErrorService</title>
                     </end>
                  </flow>
                  <link id="kmw55265" targetId="kmw55261" type="containerLink"/>
                  <link id="kmw55272" targetId="c"/>
                  <events>
                     <catch faultField="faultInfo" id="kmw551ub" interrupting="true">
                        <link id="kmw55266" targetId="kmw55262" type="containerLink"/>
                     </catch>
                  </events>
               </eventContainer>
               <assignment id="kmw5525j">
                  <title>Assignment to customers_temp</title>
                  <operation source="formula" to="temp.customers_temp">
                     <expression language="XQuery">&lt;PO-Cust-Status&gt;
         &lt;AccountNumber&gt;{$input.AccountID_in}&lt;/AccountNumber&gt;
         &lt;Status&gt;{$temp.status_temp}&lt;/Status&gt;
         &lt;ErrorMessage&gt;{fn:substring(fn:string($temp.errorMesage_temp),1,255)}&lt;/ErrorMessage&gt;
         &lt;Last_Modified_By&gt;BMOM Disconnect DI Job&lt;/Last_Modified_By&gt;
      &lt;/PO-Cust-Status&gt;</expression>
                  </operation>
                  <link id="kmw55268" targetId="kmw55260"/>
               </assignment>
               <end id="c"/>
            </flow>
         </process>
         <ns1:sample-data-sets xmlns:ns1="http://schemas.active-endpoints.com/appmodules/repository/2010/10/sampleData.xsd">
            <ns1:SampleData>
               <ns1:Id>f6ea5fa8-a7ed-4581-b031-b94273e1d21a</ns1:Id>
               <ns1:Name>dhDH</ns1:Name>
               <ns1:CreatedBy>AD15100_PRD</ns1:CreatedBy>
               <ns1:CreationDate>2022-08-03T22:50:04Z</ns1:CreationDate>
               <ns1:ModifiedBy>AD15100_PRD</ns1:ModifiedBy>
               <ns1:ModifiedDate>2022-08-03T22:50:04Z</ns1:ModifiedDate>
               <ns1:Data format="json">{

"AccountID_in": "123456789"
	 
}</ns1:Data>
            </ns1:SampleData>
            <ns1:SampleData>
               <ns1:Id>33c9538e-265f-4329-8e50-3b864f3d46bd</ns1:Id>
               <ns1:Name>error</ns1:Name>
               <ns1:CreatedBy>AD15100_PRD</ns1:CreatedBy>
               <ns1:CreationDate>2022-08-03T22:50:04Z</ns1:CreationDate>
               <ns1:ModifiedBy>AD15100_PRD</ns1:ModifiedBy>
               <ns1:ModifiedDate>2022-08-03T22:50:04Z</ns1:ModifiedDate>
               <ns1:Data format="json">{
  "AccountID": "PPB00007862"
}</ns1:Data>
            </ns1:SampleData>
            <ns1:SampleData>
               <ns1:Id>027920a0-f79f-490e-b250-af046f1e94b8</ns1:Id>
               <ns1:Name>test</ns1:Name>
               <ns1:CreatedBy>AD15100_PRD</ns1:CreatedBy>
               <ns1:CreationDate>2022-08-03T22:50:04Z</ns1:CreationDate>
               <ns1:ModifiedBy>AD15100_PRD</ns1:ModifiedBy>
               <ns1:ModifiedDate>2022-08-03T22:50:04Z</ns1:ModifiedDate>
               <ns1:Data format="json">{
"requestName": "getAccountDetails",
"personaValue": "7026170101"
}</ns1:Data>
            </ns1:SampleData>
            <ns1:SampleData>
               <ns1:Id>e177073c-9086-47b3-b7ae-b9d080a09f6a</ns1:Id>
               <ns1:Name>test main</ns1:Name>
               <ns1:CreatedBy>AD15100_PRD</ns1:CreatedBy>
               <ns1:CreationDate>2022-08-03T22:50:04Z</ns1:CreationDate>
               <ns1:ModifiedBy>AD15100_PRD</ns1:ModifiedBy>
               <ns1:ModifiedDate>2022-08-03T22:50:04Z</ns1:ModifiedDate>
               <ns1:Data format="json">{
	 "Legacy_SF_in": {
	 	 "ACCOUNT_ID": ""
	 }
}
</ns1:Data>
            </ns1:SampleData>
            <ns1:SampleData>
               <ns1:Id>41b8c6e5-15a0-435a-b050-1897f82d61eb</ns1:Id>
               <ns1:Name>TEST Main load</ns1:Name>
               <ns1:CreatedBy>AD15100_PRD</ns1:CreatedBy>
               <ns1:CreationDate>2022-08-03T22:50:04Z</ns1:CreationDate>
               <ns1:ModifiedBy>AD15100_PRD</ns1:ModifiedBy>
               <ns1:ModifiedDate>2022-08-03T22:50:04Z</ns1:ModifiedDate>
               <ns1:Data format="json">{
	 "Legacy_SF_in": {
	 	 "AccountNumber": "PPB00002922",
	 	 "ID": "PPB00002922",
	 	 "Name": "",
	 	 "Service_Addresses": "",
	 	 "Current_Bill_Due_Date": "2020-12-02",
	 	 "Billing_Method_Source": "",
	 	 "Billing_Source": "",
	 	 "Default_Service_Address": "",
	 	 "Billling_Cycle": "",
	 	 "Valid_Email": "",
	 	 "Email": ""
	 }
}</ns1:Data>
            </ns1:SampleData>
            <ns1:SampleData>
               <ns1:Id>5d94370a-fe23-4933-81a5-0c69d5b65a42</ns1:Id>
               <ns1:Name>test2</ns1:Name>
               <ns1:CreatedBy>AD15100_PRD</ns1:CreatedBy>
               <ns1:CreationDate>2022-08-03T22:50:04Z</ns1:CreationDate>
               <ns1:ModifiedBy>AD15100_PRD</ns1:ModifiedBy>
               <ns1:ModifiedDate>2022-08-03T22:50:04Z</ns1:ModifiedDate>
               <ns1:Data format="json">{
	 "PPP_Read_in": {
	 	 "ACCOUNT_ID": "PPB00007862"
	 }
}</ns1:Data>
            </ns1:SampleData>
            <ns1:SampleData>
               <ns1:Id>68778481-383e-41a4-85b3-394867bfcad1</ns1:Id>
               <ns1:Name>test_ppp</ns1:Name>
               <ns1:CreatedBy>AD15100_PRD</ns1:CreatedBy>
               <ns1:CreationDate>2022-08-03T22:50:04Z</ns1:CreationDate>
               <ns1:ModifiedBy>AD15100_PRD</ns1:ModifiedBy>
               <ns1:ModifiedDate>2022-08-03T22:50:04Z</ns1:ModifiedDate>
               <ns1:Data format="json">{
	 "personaValue": "",
	 "requestName": "",
	 "C360_Read_in": {
	 	 "requestName": "",
	 	 "requestParameter": ""
	 },
	 "Cust_Status_in": {
	 	 "DTN": "",
	 	 "AccountNumber": "",
	 	 "LegacySFID": "",
	 	 "LegacySystem": "",
	 	 "OLT_ID": "",
	 	 "Place_ID": "",
	 	 "Status": "",
	 	 "qf_LeadID": "",
	 	 "Sequence_No": "",
	 	 "Active": "",
	 	 "Last_Modified_By": "",
	 	 "Error_Message": "",
	 	 "Success_Message": "",
	 	 "Last_Modified_Date": "",
	 	 "Status_Date": "",
	 	 "Status_DateTime": "",
	 	 "LegacyAccountNumber": "",
	 	 "Full_Address": "",
	 	 "City": "",
	 	 "State": "",
	 	 "State_long": "",
	 	 "State_Short": "",
	 	 "country": "",
	 	 "zip": "",
	 	 "house_number_long": "",
	 	 "house_number_short": "",
	 	 "street": "",
	 	 "Street_Direction": "",
	 	 "Locality": "",
	 	 "Locality_Long": "",
	 	 "Locality_Short": "",
	 	 "Latitude": "",
	 	 "Longitude": ""
	 },
	 "PPP_Read_in": {
	 	 "ACCOUNT_ID": ""
	 }
}</ns1:Data>
            </ns1:SampleData>
         </ns1:sample-data-sets>
      </types1:Entry>
      <types1:GUID>dUCVAJGATsAcMvbroy2Ag9</types1:GUID>
      <types1:DisplayName>P_Disconnect_BMOM_BRSPD-Prod</types1:DisplayName>
   </types1:Item>
   <types1:CurrentServerDateTime>2022-09-09T10:45:15.875Z</types1:CurrentServerDateTime>
</aetgt:getResponse>
