{
  "name" : "BRSPD Cloud Application Integration Stguat-1671163699640",
  "sourceOrgId" : "k1qNBasfeEQdUMj15ONzuM",
  "sourceOrgName" : "Mass Market - Quantum Fiber - Prod",
  "exportedObjects" : [ {
    "objectGuid" : "95XLNrXr76tettPHSQ1cCQ",
    "objectName" : "P_Error_Handling_Case_Creation",
    "objectType" : "PROCESS",
    "path" : "/Explore/Lumen Cloud Application Integration/Process",
    "metadata" : {
      "modelVersion" : {
        "major" : 1,
        "minor" : 0
      },
      "repoInfo" : {
        "repoHandle" : "bg9hOznKKvvNtLS-gt-545977-2022-07-06T02:43:28.031Z::pd.xml"
      },
      "objectRefs" : [ ],
      "contextAttributes" : null,
      "additionalInfo" : {
        "description" : "Create Case in QF Test4",
        "contentType" : "application/json; charset=utf-8",
        "documentState" : "VALID"
      }
    }
  }, {
    "objectGuid" : "aYQTDFJksTsiY9U4Me22IX",
    "objectName" : "PO-ENS-Account-BRSPD",
    "objectType" : "PROCESS_OBJECT",
    "path" : "/Explore/BRSPD Cloud Application Integration/Process Objects",
    "metadata" : {
      "modelVersion" : {
        "major" : 1,
        "minor" : 0
      },
      "repoInfo" : {
        "repoHandle" : "YPFJ7XhFtybduaa-gt-89443-2022-08-01T02:54:34.816Z::po.xml"
      },
      "objectRefs" : [ ],
      "contextAttributes" : null,
      "additionalInfo" : {
        "description" : "ENS Account",
        "contentType" : "Binary",
        "documentState" : "VALID"
      }
    }
  }, {
    "objectGuid" : "elCZnzY7VM5gmshtgaEu4t",
    "objectName" : "PO-Error-Message",
    "objectType" : "PROCESS_OBJECT",
    "path" : "/Explore/Lumen Cloud Application Integration/Process Objects",
    "metadata" : {
      "modelVersion" : {
        "major" : 1,
        "minor" : 0
      },
      "repoInfo" : {
        "repoHandle" : "FBGZkL0jmu6lS01-gt-30844-2022-07-06T02:43:25.504Z::po.xml"
      },
      "objectRefs" : [ ],
      "contextAttributes" : null,
      "additionalInfo" : {
        "description" : "Structure for Error Message Response",
        "contentType" : "Binary",
        "documentState" : "VALID"
      }
    }
  }, {
    "objectGuid" : "6ifvZYqMkHFeCeoXmRH0og",
    "objectName" : "AC-QF-BASKET-SE-Salesforce",
    "objectType" : "AI_CONNECTION",
    "path" : "/Explore/BRSPD Cloud Application Integration Stguat/App Connection",
    "metadata" : {
      "modelVersion" : {
        "major" : 1,
        "minor" : 0
      },
      "repoInfo" : {
        "repoHandle" : "7Q1LqRQciSrZMSP-gt-231255-2022-08-10T00:45:31.936Z::conn.xml"
      },
      "objectRefs" : [ ],
      "contextAttributes" : null,
      "additionalInfo" : {
        "description" : "",
        "contentType" : null,
        "documentState" : "VALID"
      }
    }
  }, {
    "objectGuid" : "6vNrQ0vs1sYeCfWsFUSDcu",
    "objectName" : "AC-Polygon-BRSPD",
    "objectType" : "AI_CONNECTION",
    "path" : "/Explore/BRSPD Cloud Application Integration/App Connection",
    "metadata" : {
      "modelVersion" : {
        "major" : 1,
        "minor" : 0
      },
      "repoInfo" : {
        "repoHandle" : "MpCtbdsreK8ZAZf-gt-90052-2022-08-01T02:54:23.618Z::conn.xml"
      },
      "objectRefs" : [ "d9PFQbtT3Q0baOpNkRLbK7" ],
      "contextAttributes" : null,
      "additionalInfo" : {
        "description" : "Application Connection for Polygon Details",
        "contentType" : "application/json; charset=utf-8",
        "documentState" : "VALID"
      }
    }
  }, {
    "objectGuid" : "afmiAFPyGYwdPihODIqZac",
    "objectName" : "P_Disconnect_ENS_TEST_BRSPD",
    "objectType" : "PROCESS",
    "path" : "/Explore/BRSPD Cloud Application Integration Stguat/Process",
    "metadata" : {
      "modelVersion" : {
        "major" : 1,
        "minor" : 0
      },
      "repoInfo" : {
        "repoHandle" : "W90LK2D86CjqFVN-gt-194738-2022-08-10T00:45:35.774Z::pd.xml"
      },
      "objectRefs" : [ "7sz7xfnOcomgfJAfcOzBqy", "elCZnzY7VM5gmshtgaEu4t", "3BN170rSf9Ri8Xf73sQKsX", "6aQ7p78ckXHkb69VLP5962" ],
      "contextAttributes" : null,
      "additionalInfo" : {
        "description" : "Disconnect Account on PPP Application",
        "contentType" : null,
        "documentState" : "VALID"
      }
    }
  }, {
    "objectGuid" : "9nT0A6jxvwSe6WIvyAbSuB",
    "objectName" : "PO-ENS-Pricing-BRSPD",
    "objectType" : "PROCESS_OBJECT",
    "path" : "/Explore/BRSPD Cloud Application Integration/Process Objects",
    "metadata" : {
      "modelVersion" : {
        "major" : 1,
        "minor" : 0
      },
      "repoInfo" : {
        "repoHandle" : "HPRPjAXhNUdyOoM-gt-89612-2022-08-01T02:54:23.535Z::po.xml"
      },
      "objectRefs" : [ ],
      "contextAttributes" : null,
      "additionalInfo" : {
        "description" : "",
        "contentType" : "Binary",
        "documentState" : "VALID"
      }
    }
  }, {
    "objectGuid" : "0yoD5LVlATzeBu47h7dByP",
    "objectName" : "PO-PPP-Read-BRSPD",
    "objectType" : "PROCESS_OBJECT",
    "path" : "/Explore/BRSPD Cloud Application Integration/Process Objects",
    "metadata" : {
      "modelVersion" : {
        "major" : 1,
        "minor" : 0
      },
      "repoInfo" : {
        "repoHandle" : "cgqRQciSrZMSPfX-gt-89680-2022-08-01T02:54:33Z::po.xml"
      },
      "objectRefs" : [ ],
      "contextAttributes" : null,
      "additionalInfo" : {
        "description" : "For PPP read process object",
        "contentType" : "application/json; charset=utf-8",
        "documentState" : "VALID"
      }
    }
  }, {
    "objectGuid" : "iX9ZoXMRNIKjIZiuiLHzyv",
    "objectName" : "P_Update_Customer_Status_test_BRSPD",
    "objectType" : "PROCESS",
    "path" : "/Explore/BRSPD Cloud Application Integration Stguat/Process",
    "metadata" : {
      "modelVersion" : {
        "major" : 1,
        "minor" : 0
      },
      "repoInfo" : {
        "repoHandle" : "tJYKqUlLnzYLnzY-gt-231078-2022-08-10T00:44:40.309Z::pd.xml"
      },
      "objectRefs" : [ "7sz7xfnOcomgfJAfcOzBqy", "elCZnzY7VM5gmshtgaEu4t" ],
      "contextAttributes" : null,
      "additionalInfo" : {
        "description" : "Update a record in CUSTOMER_MIGRATION_STATUS_TEST table with status ,address data",
        "contentType" : "application/json; charset=utf-8",
        "documentState" : "VALID"
      }
    }
  }, {
    "objectGuid" : "3Fkj7uEWE27fVcTP5Q4gGZ",
    "objectName" : "PO-PPP-Pricing-BRSPD",
    "objectType" : "PROCESS_OBJECT",
    "path" : "/Explore/BRSPD Cloud Application Integration Stguat/Process Objects",
    "metadata" : {
      "modelVersion" : {
        "major" : 1,
        "minor" : 0
      },
      "repoInfo" : {
        "repoHandle" : "RuuB3uopz4KhPVE-gt-194654-2022-08-10T00:45:14.702Z::po.xml"
      },
      "objectRefs" : [ ],
      "contextAttributes" : null,
      "additionalInfo" : {
        "description" : "",
        "contentType" : null,
        "documentState" : "VALID"
      }
    }
  }, {
    "objectGuid" : "k6n1xNUMryvlRNfiXQg4oZ",
    "objectName" : "P_error_handling_Case_Creation_BRSPD",
    "objectType" : "PROCESS",
    "path" : "/Explore/BRSPD Cloud Application Integration Stguat/Process",
    "metadata" : {
      "modelVersion" : {
        "major" : 1,
        "minor" : 0
      },
      "repoInfo" : {
        "repoHandle" : "jmfWdvSzYLnzYLn-gt-198698-2022-08-10T00:45:12.148Z::pd.xml"
      },
      "objectRefs" : [ ],
      "contextAttributes" : null,
      "additionalInfo" : {
        "description" : "",
        "contentType" : null,
        "documentState" : "VALID"
      }
    }
  }, {
    "objectGuid" : "iheKSVAJQcNetiu3BKwqW9",
    "objectName" : "PO-CustStatus-RG-BRSPD",
    "objectType" : "PROCESS_OBJECT",
    "path" : "/Explore/BRSPD Cloud Application Integration/Process Objects",
    "metadata" : {
      "modelVersion" : {
        "major" : 1,
        "minor" : 0
      },
      "repoInfo" : {
        "repoHandle" : "YwDxomUhGdwOLIF-gt-90060-2022-08-01T02:54:26.808Z::po.xml"
      },
      "objectRefs" : [ ],
      "contextAttributes" : null,
      "additionalInfo" : {
        "description" : "",
        "contentType" : "Binary",
        "documentState" : "VALID"
      }
    }
  }, {
    "objectGuid" : "6OE8zYn5G4pl14Xml3442N",
    "objectName" : "AC-DAS-GCP-BRSPD",
    "objectType" : "AI_CONNECTION",
    "path" : "/Explore/BRSPD Cloud Application Integration Stguat/App Connection",
    "metadata" : {
      "modelVersion" : {
        "major" : 1,
        "minor" : 0
      },
      "repoInfo" : {
        "repoHandle" : "drHMUvIw8jIw8jI-gt-198738-2022-08-10T00:45:19.052Z::conn.xml"
      },
      "objectRefs" : [ "73tMxOdCF3kej86qTcPjAq" ],
      "contextAttributes" : null,
      "additionalInfo" : {
        "description" : "",
        "contentType" : null,
        "documentState" : "VALID"
      }
    }
  }, {
    "objectGuid" : "4z6JCPypHymf6EWcESZgQu",
    "objectName" : "AC-OAuth-Access-Token-Prod-BRSPD",
    "objectType" : "AI_CONNECTION",
    "path" : "/Explore/BRSPD Cloud Application Integration/App Connection",
    "metadata" : {
      "modelVersion" : {
        "major" : 1,
        "minor" : 0
      },
      "repoInfo" : {
        "repoHandle" : "VB4EFpr1Iw8jIw8-gt-90990-2022-08-01T02:54:28.764Z::conn.xml"
      },
      "objectRefs" : [ "iYkoQb8y9gYcEkboYwVXml" ],
      "contextAttributes" : null,
      "additionalInfo" : {
        "description" : "Application Connection for Oauth Token",
        "contentType" : "application/json; charset=utf-8",
        "documentState" : "VALID"
      }
    }
  }, {
    "objectGuid" : "gP3Oq7FeBaWgs9AQrewa0a",
    "objectName" : "Payload_PPP_ENS_IICS_PROCESS_STATS",
    "objectType" : "DTEMPLATE",
    "path" : "/Explore/BRSPD Cloud Application Integration Stguat",
    "metadata" : {
      "modelVersion" : {
        "major" : 0,
        "minor" : 0
      },
      "repoInfo" : {
        "repoHandle" : "011AVK170000000000MG"
      },
      "objectRefs" : [ "3K3iEVO1mahlJ46LwZEM6W" ],
      "contextAttributes" : [ {
        "name" : "id",
        "value" : "@1"
      } ],
      "additionalInfo" : {
        "description" : "",
        "contentType" : "JSON",
        "documentState" : "INVALID"
      }
    }
  }, {
    "objectGuid" : "6BmTmnFDWCtfd44zV6vgA5",
    "objectName" : "AC-MySQL-LumenStagingDB-Test",
    "objectType" : "AI_CONNECTION",
    "path" : "/Explore/Lumen Cloud Application Integration/App Connection",
    "metadata" : {
      "modelVersion" : {
        "major" : 1,
        "minor" : 0
      },
      "repoInfo" : {
        "repoHandle" : "PUEbfV3HRvsGRvD-gt-30860-2022-07-06T02:43:25.676Z::conn.xml"
      },
      "objectRefs" : [ ],
      "contextAttributes" : null,
      "additionalInfo" : {
        "description" : "Application Connection for Lumen Staging Database in MySQL for _TEST tables",
        "contentType" : "application/json; charset=utf-8",
        "documentState" : "VALID"
      }
    }
  }, {
    "objectGuid" : "0ySZ6GRns3rgCkjDHRwrSX",
    "objectName" : "P_Update_Customer_Status_Group_BRSPD",
    "objectType" : "PROCESS",
    "path" : "/Explore/BRSPD Cloud Application Integration Stguat/Process",
    "metadata" : {
      "modelVersion" : {
        "major" : 1,
        "minor" : 0
      },
      "repoInfo" : {
        "repoHandle" : "ZXXUfTRgpDqotxG-gt-198712-2022-08-10T00:45:13.823Z::pd.xml"
      },
      "objectRefs" : [ "7sz7xfnOcomgfJAfcOzBqy", "elCZnzY7VM5gmshtgaEu4t" ],
      "contextAttributes" : null,
      "additionalInfo" : {
        "description" : "Update a record in CUSTOMER_MIGRATION_STATUS_TEST_BRSPD table with status ,address data for BRIGHTSPEED",
        "contentType" : null,
        "documentState" : "VALID"
      }
    }
  }, {
    "objectGuid" : "4L5tOyIwf6uijJXRzT1KAs",
    "objectName" : "AppConnBRSPD-SF-SIT-UAT",
    "objectType" : "AI_CONNECTION",
    "path" : "/Explore/BRSPD Cloud Application Integration Stguat/App Connection",
    "metadata" : {
      "modelVersion" : {
        "major" : 1,
        "minor" : 0
      },
      "repoInfo" : {
        "repoHandle" : "aa-gt-212883-2022-08-11T05:21:46.002Z::conn.xml"
      },
      "objectRefs" : [ ],
      "contextAttributes" : null,
      "additionalInfo" : {
        "description" : "",
        "contentType" : "application/json; charset=utf-8",
        "documentState" : "VALID"
      }
    }
  }, {
    "objectGuid" : "4XwYZYJAEpIl1xw2mKC4kz",
    "objectName" : "Process",
    "objectType" : "Folder",
    "path" : "/Explore/BRSPD Cloud Application Integration Stguat",
    "metadata" : {
      "modelVersion" : {
        "major" : 0,
        "minor" : 0
      },
      "repoInfo" : null,
      "objectRefs" : [ ],
      "contextAttributes" : [ ],
      "additionalInfo" : {
        "description" : "",
        "contentType" : null,
        "documentState" : "COMPLETE"
      }
    }
  }, {
    "objectGuid" : "98V5NbVMga5kcomGtGx42f",
    "objectName" : "AppConnBRSPD-DEV",
    "objectType" : "AI_CONNECTION",
    "path" : "/Explore/BRSPD Cloud Application Integration/App Connection",
    "metadata" : {
      "modelVersion" : {
        "major" : 1,
        "minor" : 0
      },
      "repoInfo" : {
        "repoHandle" : "06xqPVEQrXhNUdy-gt-89580-2022-08-01T02:54:22.984Z::conn.xml"
      },
      "objectRefs" : [ ],
      "contextAttributes" : null,
      "additionalInfo" : {
        "description" : "",
        "contentType" : "application/json; charset=utf-8",
        "documentState" : "VALID"
      }
    }
  }, {
    "objectGuid" : "33TlRR7zVdWd2791nkR16z",
    "objectName" : "PO-Transform-QF-Lead-BRSPD",
    "objectType" : "PROCESS_OBJECT",
    "path" : "/Explore/BRSPD Cloud Application Integration Stguat/Process Objects",
    "metadata" : {
      "modelVersion" : {
        "major" : 1,
        "minor" : 0
      },
      "repoInfo" : {
        "repoHandle" : "xkYAOTMneBjrabc-gt-231203-2022-08-10T00:45:14.376Z::po.xml"
      },
      "objectRefs" : [ ],
      "contextAttributes" : null,
      "additionalInfo" : {
        "description" : "",
        "contentType" : null,
        "documentState" : "VALID"
      }
    }
  }, {
    "objectGuid" : "e6Apm3lQZW9dHWDrdplnKq",
    "objectName" : "PO-Error-Message_BRSPD",
    "objectType" : "PROCESS_OBJECT",
    "path" : "/Explore/BRSPD Cloud Application Integration Stguat/Process Objects",
    "metadata" : {
      "modelVersion" : {
        "major" : 1,
        "minor" : 0
      },
      "repoInfo" : {
        "repoHandle" : "U2dy8NTYglxbdyp-gt-232476-2022-08-10T00:44:39.747Z::po.xml"
      },
      "objectRefs" : [ ],
      "contextAttributes" : null,
      "additionalInfo" : {
        "description" : "Structure for Error Message Response",
        "contentType" : null,
        "documentState" : "VALID"
      }
    }
  }, {
    "objectGuid" : "73tMxOdCF3kej86qTcPjAq",
    "objectName" : "SC_DAS_GCP_BRSPD",
    "objectType" : "AI_SERVICE_CONNECTOR",
    "path" : "/Explore/BRSPD Cloud Application Integration Stguat/Service Connector",
    "metadata" : {
      "modelVersion" : {
        "major" : 1,
        "minor" : 0
      },
      "repoInfo" : {
        "repoHandle" : "VTrqUlLnzYLnzYL-gt-194664-2022-08-10T00:45:18.766Z::svc.xml"
      },
      "objectRefs" : [ ],
      "contextAttributes" : null,
      "additionalInfo" : {
        "description" : "",
        "contentType" : null,
        "documentState" : "VALID"
      }
    }
  }, {
    "objectGuid" : "9bHnfxLwTKfllr9Wpu9ZKM",
    "objectName" : "AC-QF-Salesforce-Test1",
    "objectType" : "AI_CONNECTION",
    "path" : "/Explore/BRSPD Cloud Application Integration Stguat/App Connection",
    "metadata" : {
      "modelVersion" : {
        "major" : 1,
        "minor" : 0
      },
      "repoInfo" : {
        "repoHandle" : "O8lwnHUPAZf5kck-gt-231301-2022-08-10T00:45:40.655Z::conn.xml"
      },
      "objectRefs" : [ ],
      "contextAttributes" : null,
      "additionalInfo" : {
        "description" : "Application Connection to QF Test1",
        "contentType" : "application/json; charset=utf-8",
        "documentState" : "VALID"
      }
    }
  }, {
    "objectGuid" : "aFiYfmTLETcbp43KJX4z4H",
    "objectName" : "SC-Modem-Scan-Prod_BRSPD",
    "objectType" : "AI_SERVICE_CONNECTOR",
    "path" : "/Explore/BRSPD Cloud Application Integration Stguat/Service Connector",
    "metadata" : {
      "modelVersion" : {
        "major" : 1,
        "minor" : 0
      },
      "repoInfo" : {
        "repoHandle" : "T8Ji4tciSrZMSPf-gt-198758-2022-08-10T00:45:25.741Z::svc.xml"
      },
      "objectRefs" : [ ],
      "contextAttributes" : null,
      "additionalInfo" : {
        "description" : "",
        "contentType" : null,
        "documentState" : "VALID"
      }
    }
  }, {
    "objectGuid" : "120Kxb9nRQAcNCofHWrhoT",
    "objectName" : "customers-BRSPD",
    "objectType" : "PROCESS_OBJECT",
    "path" : "/Explore/BRSPD Cloud Application Integration/Process Objects",
    "metadata" : {
      "modelVersion" : {
        "major" : 1,
        "minor" : 0
      },
      "repoInfo" : {
        "repoHandle" : "1Y8DglxbdypKwKB-gt-91088-2022-08-01T02:54:38.841Z::po.xml"
      },
      "objectRefs" : [ "4ZVOJ70HRmmfOSdpHlVUOp" ],
      "contextAttributes" : null,
      "additionalInfo" : {
        "description" : "Customer Status Input fields with Address",
        "contentType" : "Binary",
        "documentState" : "VALID"
      }
    }
  }, {
    "objectGuid" : "fgRREzMTlA2bPuhigq9OeF",
    "objectName" : "PO-PPP-Read-BRSPD",
    "objectType" : "PROCESS_OBJECT",
    "path" : "/Explore/BRSPD Cloud Application Integration Stguat/Process Objects",
    "metadata" : {
      "modelVersion" : {
        "major" : 1,
        "minor" : 0
      },
      "repoInfo" : {
        "repoHandle" : "qDHFKi9zhFtybdu-gt-232510-2022-08-10T00:44:45.273Z::po.xml"
      },
      "objectRefs" : [ ],
      "contextAttributes" : null,
      "additionalInfo" : {
        "description" : "For PPP read process object",
        "contentType" : null,
        "documentState" : "VALID"
      }
    }
  }, {
    "objectGuid" : "2vS2kZBEdYWd8toVO39Oaj",
    "objectName" : "P_GCP_Staging_Execute_SQL_BRSPD",
    "objectType" : "PROCESS",
    "path" : "/Explore/BRSPD Cloud Application Integration Stguat/Process",
    "metadata" : {
      "modelVersion" : {
        "major" : 1,
        "minor" : 0
      },
      "repoInfo" : {
        "repoHandle" : "64Ky2uI5CUP9WYV-gt-231167-2022-08-10T00:45:09.21Z::pd.xml"
      },
      "objectRefs" : [ ],
      "contextAttributes" : null,
      "additionalInfo" : {
        "description" : "Execute SQL on Mysql Database on GCP",
        "contentType" : null,
        "documentState" : "VALID"
      }
    }
  }, {
    "objectGuid" : "3q6YquJrhg6bkGjTIzEfqu",
    "objectName" : "P_Disconnect_PPP_Prepaid_TEST_BRSPD",
    "objectType" : "PROCESS",
    "path" : "/Explore/BRSPD Cloud Application Integration Stguat/Process",
    "metadata" : {
      "modelVersion" : {
        "major" : 1,
        "minor" : 0
      },
      "repoInfo" : {
        "repoHandle" : "YZcjKsJlv58pIO3-gt-198646-2022-08-10T00:44:48.811Z::pd.xml"
      },
      "objectRefs" : [ "a7LsmoPeoSpk4Dy82nfjWH", "7sz7xfnOcomgfJAfcOzBqy", "elCZnzY7VM5gmshtgaEu4t", "iX9ZoXMRNIKjIZiuiLHzyv" ],
      "contextAttributes" : null,
      "additionalInfo" : {
        "description" : "Disconnect Account on PPP Application",
        "contentType" : null,
        "documentState" : "VALID"
      }
    }
  }, {
    "objectGuid" : "gh35TAwdym6jzBgKDO5ukn",
    "objectName" : "SC_Oauth_Access_Token_Prod_BRSPD",
    "objectType" : "AI_SERVICE_CONNECTOR",
    "path" : "/Explore/BRSPD Cloud Application Integration Stguat/Service Connector",
    "metadata" : {
      "modelVersion" : {
        "major" : 1,
        "minor" : 0
      },
      "repoInfo" : {
        "repoHandle" : "lnVqSLlBWlD2pHA-gt-231133-2022-08-10T00:44:50.179Z::svc.xml"
      },
      "objectRefs" : [ ],
      "contextAttributes" : null,
      "additionalInfo" : {
        "description" : "This service connector generates access_token for IICS and Polygon API",
        "contentType" : null,
        "documentState" : "VALID"
      }
    }
  }, {
    "objectGuid" : "a9OdSiQW9KRiKp06etZSgu",
    "objectName" : "Lumen Cloud Application Integration Production",
    "objectType" : "Project",
    "path" : "/Explore",
    "metadata" : {
      "modelVersion" : {
        "major" : 0,
        "minor" : 0
      },
      "repoInfo" : null,
      "objectRefs" : [ ],
      "contextAttributes" : [ ],
      "additionalInfo" : {
        "description" : "Project for Production AI Components only",
        "contentType" : "Binary",
        "documentState" : "COMPLETE"
      }
    }
  }, {
    "objectGuid" : "8ncWnAznwe0l2CmOeTheC4",
    "objectName" : "HJM",
    "objectType" : "Folder",
    "path" : "/Explore/LUMEN_DEV",
    "metadata" : {
      "modelVersion" : {
        "major" : 0,
        "minor" : 0
      },
      "repoInfo" : null,
      "objectRefs" : [ ],
      "contextAttributes" : [ ],
      "additionalInfo" : {
        "description" : "",
        "contentType" : "Binary",
        "documentState" : "COMPLETE"
      }
    }
  }, {
    "objectGuid" : "iYkoQb8y9gYcEkboYwVXml",
    "objectName" : "SC_Oauth_Access_Token_Prod_BRSPD",
    "objectType" : "AI_SERVICE_CONNECTOR",
    "path" : "/Explore/BRSPD Cloud Application Integration/Service Connector",
    "metadata" : {
      "modelVersion" : {
        "major" : 1,
        "minor" : 0
      },
      "repoInfo" : {
        "repoHandle" : "hKhxsnCmp6oIuQa-gt-91053-2022-08-01T03:29:20.126Z::svc.xml"
      },
      "objectRefs" : [ ],
      "contextAttributes" : null,
      "additionalInfo" : {
        "description" : "This service connector generates access_token for IICS and Polygon API",
        "contentType" : null,
        "documentState" : "VALID"
      }
    }
  }, {
    "objectGuid" : "0HpvYc1OmWudIG4pZtJtcP",
    "objectName" : "Process",
    "objectType" : "Folder",
    "path" : "/Explore/Lumen Cloud Application Integration",
    "metadata" : {
      "modelVersion" : {
        "major" : 0,
        "minor" : 0
      },
      "repoInfo" : null,
      "objectRefs" : [ ],
      "contextAttributes" : [ ],
      "additionalInfo" : {
        "description" : "Process",
        "contentType" : "Binary",
        "documentState" : "COMPLETE"
      }
    }
  }, {
    "objectGuid" : "0KzivBrom6RiQt9sSzNAmI",
    "objectName" : "P_GCP_Staging_Execute_SQL_BRSPD",
    "objectType" : "PROCESS",
    "path" : "/Explore/BRSPD Cloud Application Integration/Process",
    "metadata" : {
      "modelVersion" : {
        "major" : 1,
        "minor" : 0
      },
      "repoInfo" : {
        "repoHandle" : "YENZoSRnCKwKBqR-gt-90134-2022-08-01T02:54:31.821Z::pd.xml"
      },
      "objectRefs" : [ ],
      "contextAttributes" : null,
      "additionalInfo" : {
        "description" : "Execute SQL on Mysql Database on GCP",
        "contentType" : "application/json; charset=utf-8",
        "documentState" : "VALID"
      }
    }
  }, {
    "objectGuid" : "jDf8GjM3AAKlyDyOYCahey",
    "objectName" : "P_Main_Automation_Lead_Load_Process_Test_BRSPD_STGUAT",
    "objectType" : "PROCESS",
    "path" : "/Explore/BRSPD Cloud Application Integration Stguat/Process",
    "metadata" : {
      "modelVersion" : {
        "major" : 1,
        "minor" : 0
      },
      "repoInfo" : {
        "repoHandle" : "jtycotFgpKi9zhF-gt-199255-2022-08-10T01:46:17.152Z::pd.xml"
      },
      "objectRefs" : [ "aYQTDFJksTsiY9U4Me22IX", "95XLNrXr76tettPHSQ1cCQ", "elCZnzY7VM5gmshtgaEu4t", "77JD2fyTc26kIX3MriFaeG", "6vNrQ0vs1sYeCfWsFUSDcu", "9nT0A6jxvwSe6WIvyAbSuB", "0yoD5LVlATzeBu47h7dByP", "8fxLyuO6IXFbCbU8YhguqQ", "7ivqR9KZ2oYgOpcF02fq2m", "98LdX1mymxilvpLNkYqa0y", "iheKSVAJQcNetiu3BKwqW9", "4z6JCPypHymf6EWcESZgQu", "5e3rTwvlNoxfI40MV8QPsb", "6BmTmnFDWCtfd44zV6vgA5", "98V5NbVMga5kcomGtGx42f", "7T95QUcWHSJdKrWWulqXAj", "0Le1L8QPMGugQnCXvgIBIG", "cEQ5ftdGwI7l1iQR5Cvh6m", "3TqXzdbGwGTb9DEOYtZ5Y5", "45lXYUzt2T9lmQJdPmErK9", "120Kxb9nRQAcNCofHWrhoT", "35Flid280GYhqhaXu83MAF", "9xgK8swOYBicSDzdCYpDGX", "9H6TfrP0XL0bei7RzfxJ0m", "0KzivBrom6RiQt9sSzNAmI" ],
      "contextAttributes" : null,
      "additionalInfo" : {
        "description" : "Main Lead Process for QF Migration from Legacy SF",
        "contentType" : "application/json; charset=utf-8",
        "documentState" : "VALID"
      }
    }
  }, {
    "objectGuid" : "225KlvEetATicIL2BPrPEj",
    "objectName" : "AC-PPP-OPTIN-TESTBS",
    "objectType" : "AI_CONNECTION",
    "path" : "/Explore/LUMEN_DEV/HJM",
    "metadata" : {
      "modelVersion" : {
        "major" : 1,
        "minor" : 0
      },
      "repoInfo" : {
        "repoHandle" : "i2Fjuz3PI2HBxZm-gt-89411-2022-08-01T02:54:29.136Z::conn.xml"
      },
      "objectRefs" : [ ],
      "contextAttributes" : null,
      "additionalInfo" : {
        "description" : "",
        "contentType" : "application/json; charset=utf-8",
        "documentState" : "VALID"
      }
    }
  }, {
    "objectGuid" : "8fxLyuO6IXFbCbU8YhguqQ",
    "objectName" : "AC-Modem-Scan-BRSPD",
    "objectType" : "AI_CONNECTION",
    "path" : "/Explore/BRSPD Cloud Application Integration/App Connection",
    "metadata" : {
      "modelVersion" : {
        "major" : 1,
        "minor" : 0
      },
      "repoInfo" : {
        "repoHandle" : "EvHWOMzeHbcjqbd-gt-89754-2022-08-01T02:54:37.493Z::conn.xml"
      },
      "objectRefs" : [ "450EsGFD8bfkqELYqvWQOT" ],
      "contextAttributes" : null,
      "additionalInfo" : {
        "description" : "",
        "contentType" : "application/json; charset=utf-8",
        "documentState" : "VALID"
      }
    }
  }, {
    "objectGuid" : "4w7ZPPMG6AlgEbKOnMrK8B",
    "objectName" : "Lumen Cloud Application Integration",
    "objectType" : "Project",
    "path" : "/Explore",
    "metadata" : {
      "modelVersion" : {
        "major" : 0,
        "minor" : 0
      },
      "repoInfo" : null,
      "objectRefs" : [ ],
      "contextAttributes" : [ ],
      "additionalInfo" : {
        "description" : "Non-Prod VOM and Zuora connections",
        "contentType" : "Binary",
        "documentState" : "COMPLETE"
      }
    }
  }, {
    "objectGuid" : "47M2hn4XY0udG4Tmd7fas1",
    "objectName" : "AC-QF-BASKET-SE-Salesforce-BRSPD",
    "objectType" : "AI_CONNECTION",
    "path" : "/Explore/BRSPD Cloud Application Integration Stguat/App Connection",
    "metadata" : {
      "modelVersion" : {
        "major" : 1,
        "minor" : 0
      },
      "repoInfo" : {
        "repoHandle" : "TPdqRi92qBbbeJO-gt-198794-2022-08-10T00:45:34.739Z::conn.xml"
      },
      "objectRefs" : [ ],
      "contextAttributes" : null,
      "additionalInfo" : {
        "description" : "",
        "contentType" : null,
        "documentState" : "VALID"
      }
    }
  }, {
    "objectGuid" : "lnWHUZEaRGrcTHEDIS44ew",
    "objectName" : "AC-OAuth-Access-Token-Prod-BRSPD",
    "objectType" : "AI_CONNECTION",
    "path" : "/Explore/BRSPD Cloud Application Integration Stguat/App Connection",
    "metadata" : {
      "modelVersion" : {
        "major" : 1,
        "minor" : 0
      },
      "repoInfo" : {
        "repoHandle" : "xWq9bdsreK8ZAZf-gt-194587-2022-08-10T00:44:50.384Z::conn.xml"
      },
      "objectRefs" : [ "gh35TAwdym6jzBgKDO5ukn" ],
      "contextAttributes" : null,
      "additionalInfo" : {
        "description" : "Application Connection for Oauth Token",
        "contentType" : null,
        "documentState" : "VALID"
      }
    }
  }, {
    "objectGuid" : "98LdX1mymxilvpLNkYqa0y",
    "objectName" : "P_error_handling_Case_Creation_BRSPD",
    "objectType" : "PROCESS",
    "path" : "/Explore/BRSPD Cloud Application Integration/Process",
    "metadata" : {
      "modelVersion" : {
        "major" : 1,
        "minor" : 0
      },
      "repoInfo" : {
        "repoHandle" : "lK6i3zymbduaa-gt-89730-2022-08-01T02:54:37.189Z::pd.xml"
      },
      "objectRefs" : [ ],
      "contextAttributes" : null,
      "additionalInfo" : {
        "description" : "",
        "contentType" : "application/json; charset=utf-8",
        "documentState" : "VALID"
      }
    }
  }, {
    "objectGuid" : "97YBuH7Dlsxh0e0GNDFiUR",
    "objectName" : "P_Call_UpdateCMS_BRSPD",
    "objectType" : "PROCESS",
    "path" : "/Explore/BRSPD Cloud Application Integration Stguat/Process",
    "metadata" : {
      "modelVersion" : {
        "major" : 1,
        "minor" : 0
      },
      "repoInfo" : {
        "repoHandle" : "SlCCKpNz6HKoJBU-gt-194529-2022-08-10T00:44:40.722Z::pd.xml"
      },
      "objectRefs" : [ "7sz7xfnOcomgfJAfcOzBqy", "elCZnzY7VM5gmshtgaEu4t", "e6Apm3lQZW9dHWDrdplnKq", "iX9ZoXMRNIKjIZiuiLHzyv" ],
      "contextAttributes" : null,
      "additionalInfo" : {
        "description" : "Connected to CMS_Prod table.",
        "contentType" : null,
        "documentState" : "VALID"
      }
    }
  }, {
    "objectGuid" : "bee0xqRtISMdKfnENNAa6a",
    "objectName" : "P_Main_Automation_Lead_Load_Process_Test_BRSPD - STGUAT - V1",
    "objectType" : "PROCESS",
    "path" : "/Explore/BRSPD Cloud Application Integration Stguat/Process",
    "metadata" : {
      "modelVersion" : {
        "major" : 1,
        "minor" : 0
      },
      "repoInfo" : {
        "repoHandle" : "qAhrswVYx8R8WrY-gt-214354-2022-08-11T06:57:08.272Z::pd.xml"
      },
      "objectRefs" : [ "aYQTDFJksTsiY9U4Me22IX", "95XLNrXr76tettPHSQ1cCQ", "elCZnzY7VM5gmshtgaEu4t", "77JD2fyTc26kIX3MriFaeG", "6vNrQ0vs1sYeCfWsFUSDcu", "9nT0A6jxvwSe6WIvyAbSuB", "0yoD5LVlATzeBu47h7dByP", "8fxLyuO6IXFbCbU8YhguqQ", "7ivqR9KZ2oYgOpcF02fq2m", "98LdX1mymxilvpLNkYqa0y", "iheKSVAJQcNetiu3BKwqW9", "4z6JCPypHymf6EWcESZgQu", "5e3rTwvlNoxfI40MV8QPsb", "6BmTmnFDWCtfd44zV6vgA5", "98V5NbVMga5kcomGtGx42f", "7T95QUcWHSJdKrWWulqXAj", "0Le1L8QPMGugQnCXvgIBIG", "cEQ5ftdGwI7l1iQR5Cvh6m", "3TqXzdbGwGTb9DEOYtZ5Y5", "45lXYUzt2T9lmQJdPmErK9", "120Kxb9nRQAcNCofHWrhoT", "35Flid280GYhqhaXu83MAF", "9xgK8swOYBicSDzdCYpDGX", "9H6TfrP0XL0bei7RzfxJ0m", "0KzivBrom6RiQt9sSzNAmI" ],
      "contextAttributes" : null,
      "additionalInfo" : {
        "description" : "Main Lead Process for QF Migration from Legacy SF",
        "contentType" : null,
        "documentState" : "VALID"
      }
    }
  }, {
    "objectGuid" : "8ZPICcRlOtlbUmwce1P8Mi",
    "objectName" : "P_Create_Process_Stats_BRSPD",
    "objectType" : "PROCESS",
    "path" : "/Explore/BRSPD Cloud Application Integration Stguat/Process",
    "metadata" : {
      "modelVersion" : {
        "major" : 1,
        "minor" : 0
      },
      "repoInfo" : {
        "repoHandle" : "8aaaa-gt-198724-2022-08-10T00:45:14.964Z::pd.xml"
      },
      "objectRefs" : [ ],
      "contextAttributes" : null,
      "additionalInfo" : {
        "description" : "",
        "contentType" : null,
        "documentState" : "VALID"
      }
    }
  }, {
    "objectGuid" : "1OIBKovHMwyhGrDNwtPFE7",
    "objectName" : "SC_Polygon_Prod_BRSPD",
    "objectType" : "AI_SERVICE_CONNECTOR",
    "path" : "/Explore/BRSPD Cloud Application Integration Stguat/Service Connector",
    "metadata" : {
      "modelVersion" : {
        "major" : 1,
        "minor" : 0
      },
      "repoInfo" : {
        "repoHandle" : "UCk2BIQaaa-gt-231102-2022-08-10T00:44:43.751Z::svc.xml"
      },
      "objectRefs" : [ ],
      "contextAttributes" : null,
      "additionalInfo" : {
        "description" : "This service connector is for Polygon API",
        "contentType" : null,
        "documentState" : "VALID"
      }
    }
  }, {
    "objectGuid" : "7T95QUcWHSJdKrWWulqXAj",
    "objectName" : "P_PPP_Oracle_Execute_SQL_BRSPD",
    "objectType" : "PROCESS",
    "path" : "/Explore/BRSPD Cloud Application Integration/Process",
    "metadata" : {
      "modelVersion" : {
        "major" : 1,
        "minor" : 0
      },
      "repoInfo" : {
        "repoHandle" : "5qdsQR6kbeJHQjA-gt-91048-2022-08-01T02:54:34.912Z::pd.xml"
      },
      "objectRefs" : [ ],
      "contextAttributes" : null,
      "additionalInfo" : {
        "description" : "Execute SQL on PPP on-premise Database System",
        "contentType" : "application/json; charset=utf-8",
        "documentState" : "VALID"
      }
    }
  }, {
    "objectGuid" : "65qOkxgev2TiahsYKqzUuj",
    "objectName" : "App Connection",
    "objectType" : "Folder",
    "path" : "/Explore/BRSPD Cloud Application Integration Stguat",
    "metadata" : {
      "modelVersion" : {
        "major" : 0,
        "minor" : 0
      },
      "repoInfo" : null,
      "objectRefs" : [ ],
      "contextAttributes" : [ ],
      "additionalInfo" : {
        "description" : "",
        "contentType" : null,
        "documentState" : "COMPLETE"
      }
    }
  }, {
    "objectGuid" : "0DQD8uJ3Osrim17YT0D3CX",
    "objectName" : "Process Objects",
    "objectType" : "Folder",
    "path" : "/Explore/BRSPD Cloud Application Integration Stguat",
    "metadata" : {
      "modelVersion" : {
        "major" : 0,
        "minor" : 0
      },
      "repoInfo" : null,
      "objectRefs" : [ ],
      "contextAttributes" : [ ],
      "additionalInfo" : {
        "description" : "",
        "contentType" : null,
        "documentState" : "COMPLETE"
      }
    }
  }, {
    "objectGuid" : "hcBrmhvhdI5gIsVIhL0HEH",
    "objectName" : "BRSPD Cloud Application Integration Stguat",
    "objectType" : "Project",
    "path" : "/Explore",
    "metadata" : {
      "modelVersion" : {
        "major" : 0,
        "minor" : 0
      },
      "repoInfo" : null,
      "objectRefs" : [ ],
      "contextAttributes" : [ ],
      "additionalInfo" : {
        "description" : "This will be the Folder for BRSPD Stguat with reviewed Components. Components in this Folder will be deployed to higher Environment",
        "contentType" : null,
        "documentState" : "COMPLETE"
      }
    }
  }, {
    "objectGuid" : "a7LsmoPeoSpk4Dy82nfjWH",
    "objectName" : "AC-PPP-Prepaid-Disconnect-BRSPD",
    "objectType" : "AI_CONNECTION",
    "path" : "/Explore/BRSPD Cloud Application Integration Stguat/App Connection",
    "metadata" : {
      "modelVersion" : {
        "major" : 1,
        "minor" : 0
      },
      "repoInfo" : {
        "repoHandle" : "JmVEcjzREhNWIso-gt-194575-2022-08-10T00:44:48.567Z::conn.xml"
      },
      "objectRefs" : [ "86S1VTk19KfduLcbGNVLog" ],
      "contextAttributes" : null,
      "additionalInfo" : {
        "description" : "PPP Application Connection",
        "contentType" : null,
        "documentState" : "VALID"
      }
    }
  }, {
    "objectGuid" : "4GcQ798h6zelkZQHmmgFUs",
    "objectName" : "LUMEN_DEV",
    "objectType" : "Project",
    "path" : "/Explore",
    "metadata" : {
      "modelVersion" : {
        "major" : 0,
        "minor" : 0
      },
      "repoInfo" : null,
      "objectRefs" : [ ],
      "contextAttributes" : [ ],
      "additionalInfo" : {
        "description" : "For Lumen Development Project",
        "contentType" : "Binary",
        "documentState" : "COMPLETE"
      }
    }
  }, {
    "objectGuid" : "a3YTlQSKJijiDRx47NoN6a",
    "objectName" : "AC-MySQL-LumenStagingDB-MainLeadLoad-BRSPD",
    "objectType" : "AI_CONNECTION",
    "path" : "/Explore/BRSPD Cloud Application Integration Stguat/App Connection",
    "metadata" : {
      "modelVersion" : {
        "major" : 1,
        "minor" : 0
      },
      "repoInfo" : {
        "repoHandle" : "PzSOC074Rpf6JfO-gt-231311-2022-08-10T00:45:45.666Z::conn.xml"
      },
      "objectRefs" : [ ],
      "contextAttributes" : null,
      "additionalInfo" : {
        "description" : "",
        "contentType" : null,
        "documentState" : "VALID"
      }
    }
  }, {
    "objectGuid" : "i6uWGryUX40dCdKKftJV64",
    "objectName" : "Process Objects",
    "objectType" : "Folder",
    "path" : "/Explore/Lumen Cloud Application Integration",
    "metadata" : {
      "modelVersion" : {
        "major" : 0,
        "minor" : 0
      },
      "repoInfo" : null,
      "objectRefs" : [ ],
      "contextAttributes" : [ ],
      "additionalInfo" : {
        "description" : "Process Objects",
        "contentType" : "Binary",
        "documentState" : "COMPLETE"
      }
    }
  }, {
    "objectGuid" : "aXhXOZ4dbExgEDcyJvoICJ",
    "objectName" : "PO-ENS-Pricing-BRSPD",
    "objectType" : "PROCESS_OBJECT",
    "path" : "/Explore/BRSPD Cloud Application Integration Stguat/Process Objects",
    "metadata" : {
      "modelVersion" : {
        "major" : 1,
        "minor" : 0
      },
      "repoInfo" : {
        "repoHandle" : "VrSp7aa-gt-198620-2022-08-10T00:44:44.763Z::po.xml"
      },
      "objectRefs" : [ ],
      "contextAttributes" : null,
      "additionalInfo" : {
        "description" : "",
        "contentType" : null,
        "documentState" : "VALID"
      }
    }
  }, {
    "objectGuid" : "exgE3fwZ62ch4nPUVQ6yA2",
    "objectName" : "SC_FileWriter_Communications_Prod_BRSPD",
    "objectType" : "AI_SERVICE_CONNECTOR",
    "path" : "/Explore/BRSPD Cloud Application Integration Stguat/Service Connector",
    "metadata" : {
      "modelVersion" : {
        "major" : 1,
        "minor" : 0
      },
      "repoInfo" : {
        "repoHandle" : "N0Kn7wporzYLnzY-gt-194597-2022-08-10T00:44:57.632Z::svc.xml"
      },
      "objectRefs" : [ ],
      "contextAttributes" : null,
      "additionalInfo" : {
        "description" : "",
        "contentType" : null,
        "documentState" : "VALID"
      }
    }
  }, {
    "objectGuid" : "afRHYg6hNdLbYFlmPcAl82",
    "objectName" : "Service Connector",
    "objectType" : "Folder",
    "path" : "/Explore/BRSPD Cloud Application Integration",
    "metadata" : {
      "modelVersion" : {
        "major" : 0,
        "minor" : 0
      },
      "repoInfo" : null,
      "objectRefs" : [ ],
      "contextAttributes" : [ ],
      "additionalInfo" : {
        "description" : "Service Connector",
        "contentType" : null,
        "documentState" : "COMPLETE"
      }
    }
  }, {
    "objectGuid" : "lovuvdn5MGMkzm4iIV8gwD",
    "objectName" : "Process Objects",
    "objectType" : "Folder",
    "path" : "/Explore/BRSPD Cloud Application Integration",
    "metadata" : {
      "modelVersion" : {
        "major" : 0,
        "minor" : 0
      },
      "repoInfo" : null,
      "objectRefs" : [ ],
      "contextAttributes" : [ ],
      "additionalInfo" : {
        "description" : "",
        "contentType" : "Binary",
        "documentState" : "COMPLETE"
      }
    }
  }, {
    "objectGuid" : "7a03NcWSi59iXfS84AfIQH",
    "objectName" : "PO-ENS-PPP-Pricing-BRSPD",
    "objectType" : "PROCESS_OBJECT",
    "path" : "/Explore/BRSPD Cloud Application Integration Stguat/Process Objects",
    "metadata" : {
      "modelVersion" : {
        "major" : 1,
        "minor" : 0
      },
      "repoInfo" : {
        "repoHandle" : "pwT1UuEDySabbeJ-gt-232588-2022-08-10T00:45:12.52Z::po.xml"
      },
      "objectRefs" : [ ],
      "contextAttributes" : null,
      "additionalInfo" : {
        "description" : "",
        "contentType" : null,
        "documentState" : "VALID"
      }
    }
  }, {
    "objectGuid" : "8Ua00X1sdWjl9u7m1PSUm6",
    "objectName" : "Service Connector",
    "objectType" : "Folder",
    "path" : "/Explore/BRSPD Cloud Application Integration Stguat",
    "metadata" : {
      "modelVersion" : {
        "major" : 0,
        "minor" : 0
      },
      "repoInfo" : null,
      "objectRefs" : [ ],
      "contextAttributes" : [ ],
      "additionalInfo" : {
        "description" : "Service Connector",
        "contentType" : null,
        "documentState" : "COMPLETE"
      }
    }
  }, {
    "objectGuid" : "646AwNiZXU3g1I8qKBWqiS",
    "objectName" : "P_Main_Automation_Lead_Load_Process_Test_BRSPD",
    "objectType" : "PROCESS",
    "path" : "/Explore/BRSPD Cloud Application Integration Stguat/Process",
    "metadata" : {
      "modelVersion" : {
        "major" : 1,
        "minor" : 0
      },
      "repoInfo" : {
        "repoHandle" : "MoONhsJlv58pIO3-gt-232610-2022-08-10T00:45:16.26Z::pd.xml"
      },
      "objectRefs" : [ "95XLNrXr76tettPHSQ1cCQ", "7sz7xfnOcomgfJAfcOzBqy", "kjeK9Le4W2jjsqfpqiNxsM", "elCZnzY7VM5gmshtgaEu4t", "1ze0AqjH4kGizgERZgH66T", "7QEvthy50EMcZJsPOCneu0", "iX9ZoXMRNIKjIZiuiLHzyv", "3Fkj7uEWE27fVcTP5Q4gGZ", "lnWHUZEaRGrcTHEDIS44ew", "k6n1xNUMryvlRNfiXQg4oZ", "5LCn5bYgauZcnAyE0EhTQI", "3oGCk2SKJ99g2RZhbSmxyD", "6BmTmnFDWCtfd44zV6vgA5", "0ySZ6GRns3rgCkjDHRwrSX", "8ZPICcRlOtlbUmwce1P8Mi", "33TlRR7zVdWd2791nkR16z", "84DIasv95hJffP37WBye0I", "3qUBkPAZaKYeh4h6vFC9WJ", "fgRREzMTlA2bPuhigq9OeF", "2vS2kZBEdYWd8toVO39Oaj", "3BN170rSf9Ri8Xf73sQKsX", "aXhXOZ4dbExgEDcyJvoICJ", "7a03NcWSi59iXfS84AfIQH", "a43fpAxcWYQbcS1dqEKvYh", "g3hK288whyWkA7ByYrhOWb" ],
      "contextAttributes" : null,
      "additionalInfo" : {
        "description" : "Main Lead Process for QF Migration from Legacy SF",
        "contentType" : null,
        "documentState" : "VALID"
      }
    }
  }, {
    "objectGuid" : "86S1VTk19KfduLcbGNVLog",
    "objectName" : "SC_PPP_Prepaid_Disconnect_BRSPD",
    "objectType" : "AI_SERVICE_CONNECTOR",
    "path" : "/Explore/BRSPD Cloud Application Integration Stguat/Service Connector",
    "metadata" : {
      "modelVersion" : {
        "major" : 1,
        "minor" : 0
      },
      "repoInfo" : {
        "repoHandle" : "mi3wOLIFvukNXHV-gt-231123-2022-08-10T00:44:48.203Z::svc.xml"
      },
      "objectRefs" : [ ],
      "contextAttributes" : null,
      "additionalInfo" : {
        "description" : "PPP Api Connection",
        "contentType" : null,
        "documentState" : "VALID"
      }
    }
  }, {
    "objectGuid" : "8eNu9r157PBlYDNIL9Wt2y",
    "objectName" : "P_GCP_Staging_Execute_SQL",
    "objectType" : "PROCESS",
    "path" : "/Explore/Lumen Cloud Application Integration/Process",
    "metadata" : {
      "modelVersion" : {
        "major" : 1,
        "minor" : 0
      },
      "repoInfo" : {
        "repoHandle" : "keKpcnS24FsWTzI-gt-30826-2022-07-06T02:43:25.175Z::pd.xml"
      },
      "objectRefs" : [ ],
      "contextAttributes" : null,
      "additionalInfo" : {
        "description" : "Execute SQL on Mysql Database on GCP",
        "contentType" : "application/json; charset=utf-8",
        "documentState" : "VALID"
      }
    }
  }, {
    "objectGuid" : "7sz7xfnOcomgfJAfcOzBqy",
    "objectName" : "customers-BRSPD",
    "objectType" : "PROCESS_OBJECT",
    "path" : "/Explore/BRSPD Cloud Application Integration Stguat/Process Objects",
    "metadata" : {
      "modelVersion" : {
        "major" : 1,
        "minor" : 0
      },
      "repoInfo" : {
        "repoHandle" : "6xtjqbdpIO3M4Ww-gt-198590-2022-08-10T00:44:39.29Z::po.xml"
      },
      "objectRefs" : [ "4ZVOJ70HRmmfOSdpHlVUOp" ],
      "contextAttributes" : null,
      "additionalInfo" : {
        "description" : "Customer Status Input fields with Address",
        "contentType" : null,
        "documentState" : "VALID"
      }
    }
  }, {
    "objectGuid" : "6jeakSty7FMe6Ma2pmtJqS",
    "objectName" : "BRSPD Cloud Application Integration",
    "objectType" : "Project",
    "path" : "/Explore",
    "metadata" : {
      "modelVersion" : {
        "major" : 0,
        "minor" : 0
      },
      "repoInfo" : null,
      "objectRefs" : [ ],
      "contextAttributes" : [ ],
      "additionalInfo" : {
        "description" : "This will be the Folder for BRSPD with reviewed Components. Components in this Folder will be deployed to higher Environment",
        "contentType" : "Binary",
        "documentState" : "COMPLETE"
      }
    }
  }, {
    "objectGuid" : "kjeK9Le4W2jjsqfpqiNxsM",
    "objectName" : "PO-CustStatus-RG-BRSPD",
    "objectType" : "PROCESS_OBJECT",
    "path" : "/Explore/BRSPD Cloud Application Integration Stguat/Process Objects",
    "metadata" : {
      "modelVersion" : {
        "major" : 1,
        "minor" : 0
      },
      "repoInfo" : {
        "repoHandle" : "2vRES7FdpOfTRgp-gt-232530-2022-08-10T00:44:49.856Z::po.xml"
      },
      "objectRefs" : [ ],
      "contextAttributes" : null,
      "additionalInfo" : {
        "description" : "",
        "contentType" : null,
        "documentState" : "VALID"
      }
    }
  }, {
    "objectGuid" : "77JD2fyTc26kIX3MriFaeG",
    "objectName" : "P_Error_Handling_Case_Creation_MFQ_BRSPD",
    "objectType" : "PROCESS",
    "path" : "/Explore/BRSPD Cloud Application Integration/Process",
    "metadata" : {
      "modelVersion" : {
        "major" : 1,
        "minor" : 0
      },
      "repoInfo" : {
        "repoHandle" : "tbbfUryzfYtjCtb-gt-90124-2022-08-01T02:54:31.6Z::pd.xml"
      },
      "objectRefs" : [ ],
      "contextAttributes" : null,
      "additionalInfo" : {
        "description" : "Create Case in QF",
        "contentType" : "application/json; charset=utf-8",
        "documentState" : "VALID"
      }
    }
  }, {
    "objectGuid" : "7QEvthy50EMcZJsPOCneu0",
    "objectName" : "AC-MySQL-LumenStagingDB-Test-BRSPD",
    "objectType" : "AI_CONNECTION",
    "path" : "/Explore/BRSPD Cloud Application Integration Stguat/App Connection",
    "metadata" : {
      "modelVersion" : {
        "major" : 1,
        "minor" : 0
      },
      "repoInfo" : {
        "repoHandle" : "lIlx2CGeFRqXpIW-gt-232598-2022-08-10T00:45:14.188Z::conn.xml"
      },
      "objectRefs" : [ ],
      "contextAttributes" : null,
      "additionalInfo" : {
        "description" : "MySQL Access to LumenStagingDB For BRSPD",
        "contentType" : null,
        "documentState" : "VALID"
      }
    }
  }, {
    "objectGuid" : "6wWw7ZTNMOdg31ycGYkP87",
    "objectName" : "App Connection",
    "objectType" : "Folder",
    "path" : "/Explore/BRSPD Cloud Application Integration",
    "metadata" : {
      "modelVersion" : {
        "major" : 0,
        "minor" : 0
      },
      "repoInfo" : null,
      "objectRefs" : [ ],
      "contextAttributes" : [ ],
      "additionalInfo" : {
        "description" : "",
        "contentType" : "Binary",
        "documentState" : "COMPLETE"
      }
    }
  }, {
    "objectGuid" : "7ivqR9KZ2oYgOpcF02fq2m",
    "objectName" : "P_ENS_Execute_SQL_BRSPD",
    "objectType" : "PROCESS",
    "path" : "/Explore/BRSPD Cloud Application Integration/Process",
    "metadata" : {
      "modelVersion" : {
        "major" : 1,
        "minor" : 0
      },
      "repoInfo" : {
        "repoHandle" : "rOMDOp7jvpppppp-gt-89644-2022-08-01T02:54:27.276Z::pd.xml"
      },
      "objectRefs" : [ ],
      "contextAttributes" : null,
      "additionalInfo" : {
        "description" : "Execute SQL on Mysql Database on GCP",
        "contentType" : "application/json; charset=utf-8",
        "documentState" : "VALID"
      }
    }
  }, {
    "objectGuid" : "1DqLpQ1Tnj1jBaQOVKXNsz",
    "objectName" : "AppConnBRSPD-SF-STG-UAT",
    "objectType" : "AI_CONNECTION",
    "path" : "/Explore/BRSPD Cloud Application Integration Stguat/App Connection",
    "metadata" : {
      "modelVersion" : {
        "major" : 1,
        "minor" : 0
      },
      "repoInfo" : {
        "repoHandle" : "kNMZQELaabclvAh-gt-198804-2022-08-10T00:45:36.162Z::conn.xml"
      },
      "objectRefs" : [ ],
      "contextAttributes" : null,
      "additionalInfo" : {
        "description" : "",
        "contentType" : "application/json; charset=utf-8",
        "documentState" : "VALID"
      }
    }
  }, {
    "objectGuid" : "84DIasv95hJffP37WBye0I",
    "objectName" : "P_PPP_Oracle_Execute_SQL_BRSPD",
    "objectType" : "PROCESS",
    "path" : "/Explore/BRSPD Cloud Application Integration Stguat/Process",
    "metadata" : {
      "modelVersion" : {
        "major" : 1,
        "minor" : 0
      },
      "repoInfo" : {
        "repoHandle" : "WjDXJqEhynzYLnz-gt-231191-2022-08-10T00:45:12.788Z::pd.xml"
      },
      "objectRefs" : [ ],
      "contextAttributes" : null,
      "additionalInfo" : {
        "description" : "Execute SQL on PPP on-premise Database System",
        "contentType" : null,
        "documentState" : "VALID"
      }
    }
  }, {
    "objectGuid" : "976oXd1pYHjeWoXmqkC4o5",
    "objectName" : "AC-PPP-OPTIN-TEST-BRSPD",
    "objectType" : "AI_CONNECTION",
    "path" : "/Explore/BRSPD Cloud Application Integration Stguat/App Connection",
    "metadata" : {
      "modelVersion" : {
        "major" : 1,
        "minor" : 0
      },
      "repoInfo" : {
        "repoHandle" : "WQ81Owhz5chspiR-gt-194622-2022-08-10T00:45:09.785Z::conn.xml"
      },
      "objectRefs" : [ ],
      "contextAttributes" : null,
      "additionalInfo" : {
        "description" : "",
        "contentType" : null,
        "documentState" : "VALID"
      }
    }
  }, {
    "objectGuid" : "4ZVOJ70HRmmfOSdpHlVUOp",
    "objectName" : "PO-CustStatus-Address",
    "objectType" : "PROCESS_OBJECT",
    "path" : "/Explore/Lumen Cloud Application Integration/Process Objects",
    "metadata" : {
      "modelVersion" : {
        "major" : 1,
        "minor" : 0
      },
      "repoInfo" : {
        "repoHandle" : "sfRabbfTQbdxWq9-gt-544698-2022-07-06T02:43:23.301Z::po.xml"
      },
      "objectRefs" : [ ],
      "contextAttributes" : null,
      "additionalInfo" : {
        "description" : "Customer Status Address Fields",
        "contentType" : "Binary",
        "documentState" : "VALID"
      }
    }
  }, {
    "objectGuid" : "3qUBkPAZaKYeh4h6vFC9WJ",
    "objectName" : "PO-ENS-Account-BRSPD",
    "objectType" : "PROCESS_OBJECT",
    "path" : "/Explore/BRSPD Cloud Application Integration Stguat/Process Objects",
    "metadata" : {
      "modelVersion" : {
        "major" : 1,
        "minor" : 0
      },
      "repoInfo" : {
        "repoHandle" : "3Yn5Smbduaa-gt-194517-2022-08-10T00:44:38.76Z::po.xml"
      },
      "objectRefs" : [ ],
      "contextAttributes" : null,
      "additionalInfo" : {
        "description" : "ENS Account",
        "contentType" : null,
        "documentState" : "VALID"
      }
    }
  }, {
    "objectGuid" : "1lrApqJfZ6jevMaWVKri86",
    "objectName" : "SC_BMOM_Disconnect_BRSPD",
    "objectType" : "AI_SERVICE_CONNECTOR",
    "path" : "/Explore/BRSPD Cloud Application Integration Stguat/Service Connector",
    "metadata" : {
      "modelVersion" : {
        "major" : 1,
        "minor" : 0
      },
      "repoInfo" : {
        "repoHandle" : "vi5XRqXpIW7WHK8-gt-232622-2022-08-10T00:45:19.348Z::svc.xml"
      },
      "objectRefs" : [ ],
      "contextAttributes" : null,
      "additionalInfo" : {
        "description" : "Disconnect on BMOM System",
        "contentType" : null,
        "documentState" : "VALID"
      }
    }
  }, {
    "objectGuid" : "eQTieebosm9czufAowehU6",
    "objectName" : "qfmig-iics-sa-prod-two",
    "objectType" : "AgentGroup",
    "path" : "/SYS",
    "metadata" : {
      "modelVersion" : {
        "major" : 0,
        "minor" : 0
      },
      "repoInfo" : {
        "repoHandle" : "011AVK25000000000002"
      },
      "objectRefs" : [ ],
      "contextAttributes" : [ {
        "name" : "id",
        "value" : "@1"
      } ],
      "additionalInfo" : {
        "description" : null,
        "contentType" : "JSON",
        "documentState" : "VALID"
      }
    }
  }, {
    "objectGuid" : "3TqXzdbGwGTb9DEOYtZ5Y5",
    "objectName" : "P_Update_Customer_Status_Group_BRSPD",
    "objectType" : "PROCESS",
    "path" : "/Explore/BRSPD Cloud Application Integration/Process",
    "metadata" : {
      "modelVersion" : {
        "major" : 1,
        "minor" : 0
      },
      "repoInfo" : {
        "repoHandle" : "zTm8lnCmp6oIuQa-gt-124962-2022-08-02T08:18:28.409Z::pd.xml"
      },
      "objectRefs" : [ "elCZnzY7VM5gmshtgaEu4t", "120Kxb9nRQAcNCofHWrhoT" ],
      "contextAttributes" : null,
      "additionalInfo" : {
        "description" : "Update a record in CUSTOMER_MIGRATION_STATUS_TEST_BRSPD table with status ,address data for BRIGHTSPEED",
        "contentType" : "application/json; charset=utf-8",
        "documentState" : "VALID"
      }
    }
  }, {
    "objectGuid" : "cEQ5ftdGwI7l1iQR5Cvh6m",
    "objectName" : "AC-MySQL-LumenStagingDB-Test-BRSPD",
    "objectType" : "AI_CONNECTION",
    "path" : "/Explore/BRSPD Cloud Application Integration/App Connection",
    "metadata" : {
      "modelVersion" : {
        "major" : 1,
        "minor" : 0
      },
      "repoInfo" : {
        "repoHandle" : "A1vyoY2G7QnG5YL-gt-89604-2022-08-01T02:54:23.422Z::conn.xml"
      },
      "objectRefs" : [ ],
      "contextAttributes" : null,
      "additionalInfo" : {
        "description" : "MySQL Access to LumenStagingDB For BRSPD",
        "contentType" : "application/json; charset=utf-8",
        "documentState" : "VALID"
      }
    }
  }, {
    "objectGuid" : "45lXYUzt2T9lmQJdPmErK9",
    "objectName" : "PO-Transform-QF-Lead-BRSPD",
    "objectType" : "PROCESS_OBJECT",
    "path" : "/Explore/BRSPD Cloud Application Integration/Process Objects",
    "metadata" : {
      "modelVersion" : {
        "major" : 1,
        "minor" : 0
      },
      "repoInfo" : {
        "repoHandle" : "okfRLdqcgm8lnCm-gt-89596-2022-08-01T02:54:23.227Z::po.xml"
      },
      "objectRefs" : [ ],
      "contextAttributes" : null,
      "additionalInfo" : {
        "description" : "",
        "contentType" : "Binary",
        "documentState" : "VALID"
      }
    }
  }, {
    "objectGuid" : "35Flid280GYhqhaXu83MAF",
    "objectName" : "PO-PPP-Pricing-BRSPD",
    "objectType" : "PROCESS_OBJECT",
    "path" : "/Explore/BRSPD Cloud Application Integration/Process Objects",
    "metadata" : {
      "modelVersion" : {
        "major" : 1,
        "minor" : 0
      },
      "repoInfo" : {
        "repoHandle" : "CypKwKBqRi92qBb-gt-90108-2022-08-01T02:54:31.462Z::po.xml"
      },
      "objectRefs" : [ ],
      "contextAttributes" : null,
      "additionalInfo" : {
        "description" : "",
        "contentType" : "Binary",
        "documentState" : "VALID"
      }
    }
  }, {
    "objectGuid" : "32vbfLsIMK1emuwSs7R2wR",
    "objectName" : "AC-BMOM-Disconnect-BRSPD",
    "objectType" : "AI_CONNECTION",
    "path" : "/Explore/BRSPD Cloud Application Integration Stguat/App Connection",
    "metadata" : {
      "modelVersion" : {
        "major" : 1,
        "minor" : 0
      },
      "repoInfo" : {
        "repoHandle" : "LFu8zbgdwUiQLnz-gt-232658-2022-08-10T00:45:31.612Z::conn.xml"
      },
      "objectRefs" : [ "1lrApqJfZ6jevMaWVKri86" ],
      "contextAttributes" : null,
      "additionalInfo" : {
        "description" : "Disconnect Account on BMOM",
        "contentType" : null,
        "documentState" : "VALID"
      }
    }
  }, {
    "objectGuid" : "450EsGFD8bfkqELYqvWQOT",
    "objectName" : "SC-Modem-Scan_BRSPD",
    "objectType" : "AI_SERVICE_CONNECTOR",
    "path" : "/Explore/BRSPD Cloud Application Integration/Service Connector",
    "metadata" : {
      "modelVersion" : {
        "major" : 1,
        "minor" : 0
      },
      "repoInfo" : {
        "repoHandle" : "3pi9uAls2z8Uuop-gt-89869-2022-08-01T03:29:18.73Z::svc.xml"
      },
      "objectRefs" : [ ],
      "contextAttributes" : null,
      "additionalInfo" : {
        "description" : "",
        "contentType" : "application/json; charset=utf-8",
        "documentState" : "VALID"
      }
    }
  }, {
    "objectGuid" : "g8mmXvmjd8XiYHiOrek9eK",
    "objectName" : "QA_Lead_completeness",
    "objectType" : "DTEMPLATE",
    "path" : "/Explore/BRSPD Cloud Application Integration Stguat",
    "metadata" : {
      "modelVersion" : {
        "major" : 0,
        "minor" : 0
      },
      "repoInfo" : {
        "repoHandle" : "011AVK170000000000MF"
      },
      "objectRefs" : [ "3K3iEVO1mahlJ46LwZEM6W" ],
      "contextAttributes" : [ {
        "name" : "id",
        "value" : "@1"
      } ],
      "additionalInfo" : {
        "description" : "",
        "contentType" : "JSON",
        "documentState" : "INVALID"
      }
    }
  }, {
    "objectGuid" : "d9PFQbtT3Q0baOpNkRLbK7",
    "objectName" : "SC_Polygon_Prod_BRSPD",
    "objectType" : "AI_SERVICE_CONNECTOR",
    "path" : "/Explore/BRSPD Cloud Application Integration/Service Connector",
    "metadata" : {
      "modelVersion" : {
        "major" : 1,
        "minor" : 0
      },
      "repoInfo" : {
        "repoHandle" : "A7vNljLYqBGZkL0-gt-89879-2022-08-01T03:29:20.435Z::svc.xml"
      },
      "objectRefs" : [ ],
      "contextAttributes" : null,
      "additionalInfo" : {
        "description" : "This service connector is for Polygon API",
        "contentType" : null,
        "documentState" : "VALID"
      }
    }
  }, {
    "objectGuid" : "3K3iEVO1mahlJ46LwZEM6W",
    "objectName" : "MySQL-LumenStagingDB-Prod",
    "objectType" : "Connection",
    "path" : "/SYS",
    "metadata" : {
      "modelVersion" : {
        "major" : 0,
        "minor" : 0
      },
      "repoInfo" : {
        "repoHandle" : "011AVK0B000000000002"
      },
      "objectRefs" : [ "eQTieebosm9czufAowehU6" ],
      "contextAttributes" : [ {
        "name" : "id",
        "value" : "@1"
      } ],
      "additionalInfo" : {
        "description" : "GCP Prod MySQL",
        "contentType" : "JSON",
        "documentState" : "COMPLETE"
      }
    }
  }, {
    "objectGuid" : "6x3ssLjCp7RfrIMPxWWqEu",
    "objectName" : "SC_C360_BIWF_BRSPD",
    "objectType" : "AI_SERVICE_CONNECTOR",
    "path" : "/Explore/BRSPD Cloud Application Integration Stguat/Service Connector",
    "metadata" : {
      "modelVersion" : {
        "major" : 1,
        "minor" : 0
      },
      "repoInfo" : {
        "repoHandle" : "i5Xt1T4W6jKsJlv-gt-198748-2022-08-10T00:45:20.138Z::svc.xml"
      },
      "objectRefs" : [ ],
      "contextAttributes" : null,
      "additionalInfo" : {
        "description" : "C360 Api for BIWF Data",
        "contentType" : null,
        "documentState" : "VALID"
      }
    }
  }, {
    "objectGuid" : "1E3PAphuQ7Ql7VnJZq1goN",
    "objectName" : "AC-ENS-PRICING-EXTRACT-OPTIN-BRSPD",
    "objectType" : "AI_CONNECTION",
    "path" : "/Explore/BRSPD Cloud Application Integration Stguat/App Connection",
    "metadata" : {
      "modelVersion" : {
        "major" : 1,
        "minor" : 0
      },
      "repoInfo" : {
        "repoHandle" : "oHsbfYLnzYLnzYL-gt-194712-2022-08-10T00:45:32.235Z::conn.xml"
      },
      "objectRefs" : [ ],
      "contextAttributes" : null,
      "additionalInfo" : {
        "description" : "",
        "contentType" : null,
        "documentState" : "VALID"
      }
    }
  }, {
    "objectGuid" : "g3hK288whyWkA7ByYrhOWb",
    "objectName" : "PO-CustStatus-Address-BRSPD",
    "objectType" : "PROCESS_OBJECT",
    "path" : "/Explore/BRSPD Cloud Application Integration Stguat/Process Objects",
    "metadata" : {
      "modelVersion" : {
        "major" : 1,
        "minor" : 0
      },
      "repoInfo" : {
        "repoHandle" : "F7bdoPVm5Y6tMFy-gt-194644-2022-08-10T00:45:13.509Z::po.xml"
      },
      "objectRefs" : [ ],
      "contextAttributes" : null,
      "additionalInfo" : {
        "description" : "Customer Status Address Fields",
        "contentType" : null,
        "documentState" : "VALID"
      }
    }
  }, {
    "objectGuid" : "bc44f7fYqQsimI8eg2vja2",
    "objectName" : "SC_Sftp_OnPremise_To_GCP_Prod_BRSPD",
    "objectType" : "AI_SERVICE_CONNECTOR",
    "path" : "/Explore/BRSPD Cloud Application Integration Stguat/Service Connector",
    "metadata" : {
      "modelVersion" : {
        "major" : 1,
        "minor" : 0
      },
      "repoInfo" : {
        "repoHandle" : "ODhwq9bdsreK8ZA-gt-231223-2022-08-10T00:45:19.659Z::svc.xml"
      },
      "objectRefs" : [ ],
      "contextAttributes" : null,
      "additionalInfo" : {
        "description" : "Sftp File from Onpremise to GCP",
        "contentType" : null,
        "documentState" : "VALID"
      }
    }
  }, {
    "objectGuid" : "1ze0AqjH4kGizgERZgH66T",
    "objectName" : "AC-Polygon-BRSPD",
    "objectType" : "AI_CONNECTION",
    "path" : "/Explore/BRSPD Cloud Application Integration Stguat/App Connection",
    "metadata" : {
      "modelVersion" : {
        "major" : 1,
        "minor" : 0
      },
      "repoInfo" : {
        "repoHandle" : "y8NTYglxbdypKwK-gt-194553-2022-08-10T00:44:43.99Z::conn.xml"
      },
      "objectRefs" : [ "1OIBKovHMwyhGrDNwtPFE7" ],
      "contextAttributes" : null,
      "additionalInfo" : {
        "description" : "Application Connection for Polygon Details",
        "contentType" : null,
        "documentState" : "VALID"
      }
    }
  }, {
    "objectGuid" : "amddwcVjDvffwjTfTuVz8r",
    "objectName" : "customers",
    "objectType" : "PROCESS_OBJECT",
    "path" : "/Explore/Lumen Cloud Application Integration Production/Process Objects",
    "metadata" : {
      "modelVersion" : {
        "major" : 1,
        "minor" : 0
      },
      "repoInfo" : {
        "repoHandle" : "gkdypKwKBqRi92q-gt-144108-2022-06-20T08:40:32.108Z::po.xml"
      },
      "objectRefs" : [ "55WhcRGlWlkiTeUVA4VyAY" ],
      "contextAttributes" : null,
      "additionalInfo" : {
        "description" : "Customer Status Input fields with Address",
        "contentType" : "application/json; charset=utf-8",
        "documentState" : "VALID"
      }
    }
  }, {
    "objectGuid" : "2Kjuj6a8lXYhZFy0hzzmuw",
    "objectName" : "P_Disconnect_BMOM_TEST_BRSPD",
    "objectType" : "PROCESS",
    "path" : "/Explore/BRSPD Cloud Application Integration Stguat/Process",
    "metadata" : {
      "modelVersion" : {
        "major" : 1,
        "minor" : 0
      },
      "repoInfo" : {
        "repoHandle" : "w1ymbduaa-gt-231277-2022-08-10T00:45:35.358Z::pd.xml"
      },
      "objectRefs" : [ "a7LsmoPeoSpk4Dy82nfjWH", "7sz7xfnOcomgfJAfcOzBqy", "elCZnzY7VM5gmshtgaEu4t", "0ySZ6GRns3rgCkjDHRwrSX", "32vbfLsIMK1emuwSs7R2wR" ],
      "contextAttributes" : null,
      "additionalInfo" : {
        "description" : "Disconnect Account on BMOM Application",
        "contentType" : null,
        "documentState" : "VALID"
      }
    }
  }, {
    "objectGuid" : "ltotSOu3Y8NcCtr4XDAE40",
    "objectName" : "Process",
    "objectType" : "Folder",
    "path" : "/Explore/BRSPD Cloud Application Integration",
    "metadata" : {
      "modelVersion" : {
        "major" : 0,
        "minor" : 0
      },
      "repoInfo" : null,
      "objectRefs" : [ ],
      "contextAttributes" : [ ],
      "additionalInfo" : {
        "description" : "",
        "contentType" : "Binary",
        "documentState" : "COMPLETE"
      }
    }
  }, {
    "objectGuid" : "5LCn5bYgauZcnAyE0EhTQI",
    "objectName" : "P_ENS_Execute_SQL_BRSPD",
    "objectType" : "PROCESS",
    "path" : "/Explore/BRSPD Cloud Application Integration Stguat/Process",
    "metadata" : {
      "modelVersion" : {
        "major" : 1,
        "minor" : 0
      },
      "repoInfo" : {
        "repoHandle" : "Y028jIw8jIw8jIw-gt-194632-2022-08-10T00:45:11.812Z::pd.xml"
      },
      "objectRefs" : [ ],
      "contextAttributes" : null,
      "additionalInfo" : {
        "description" : "Execute SQL on Mysql Database on GCP",
        "contentType" : null,
        "documentState" : "VALID"
      }
    }
  }, {
    "objectGuid" : "3oGCk2SKJ99g2RZhbSmxyD",
    "objectName" : "P_Error_Handling_Case_Creation_MFQ_BRSPD",
    "objectType" : "PROCESS",
    "path" : "/Explore/BRSPD Cloud Application Integration Stguat/Process",
    "metadata" : {
      "modelVersion" : {
        "major" : 1,
        "minor" : 0
      },
      "repoInfo" : {
        "repoHandle" : "uGzzGlBhFIMeINc-gt-231179-2022-08-10T00:45:11.324Z::pd.xml"
      },
      "objectRefs" : [ ],
      "contextAttributes" : null,
      "additionalInfo" : {
        "description" : "Create Case in QF",
        "contentType" : null,
        "documentState" : "VALID"
      }
    }
  }, {
    "objectGuid" : "5e3rTwvlNoxfI40MV8QPsb",
    "objectName" : "PO-ENS-PPP-Pricing-BRSPD",
    "objectType" : "PROCESS_OBJECT",
    "path" : "/Explore/BRSPD Cloud Application Integration/Process Objects",
    "metadata" : {
      "modelVersion" : {
        "major" : 1,
        "minor" : 0
      },
      "repoInfo" : {
        "repoHandle" : "0S24FsWTzIf6riX-gt-91022-2022-08-01T02:54:28.988Z::po.xml"
      },
      "objectRefs" : [ ],
      "contextAttributes" : null,
      "additionalInfo" : {
        "description" : "",
        "contentType" : "Binary",
        "documentState" : "VALID"
      }
    }
  }, {
    "objectGuid" : "djKMyWtDwYTcFFY3ndw2Ep",
    "objectName" : "Process Objects",
    "objectType" : "Folder",
    "path" : "/Explore/Lumen Cloud Application Integration Production",
    "metadata" : {
      "modelVersion" : {
        "major" : 0,
        "minor" : 0
      },
      "repoInfo" : null,
      "objectRefs" : [ ],
      "contextAttributes" : [ ],
      "additionalInfo" : {
        "description" : "Process Objects",
        "contentType" : "Binary",
        "documentState" : "COMPLETE"
      }
    }
  }, {
    "objectGuid" : "6aQ7p78ckXHkb69VLP5962",
    "objectName" : "P_Update_Customer_Status_Group4_5",
    "objectType" : "PROCESS",
    "path" : "/Explore/LUMEN_DEV/Jo",
    "metadata" : {
      "modelVersion" : {
        "major" : 1,
        "minor" : 0
      },
      "repoInfo" : {
        "repoHandle" : "Owhz5chspiRASmv-gt-90173-2022-08-01T02:54:36.658Z::pd.xml"
      },
      "objectRefs" : [ "elCZnzY7VM5gmshtgaEu4t", "amddwcVjDvffwjTfTuVz8r", "225KlvEetATicIL2BPrPEj", "8eNu9r157PBlYDNIL9Wt2y" ],
      "contextAttributes" : null,
      "additionalInfo" : {
        "description" : "Update a record in CUSTOMER_MIGRATION_STATUS_TEST table with status ,address data",
        "contentType" : "application/json; charset=utf-8",
        "documentState" : "VALID"
      }
    }
  }, {
    "objectGuid" : "55WhcRGlWlkiTeUVA4VyAY",
    "objectName" : "PO-CustStatus-Address",
    "objectType" : "PROCESS_OBJECT",
    "path" : "/Explore/Lumen Cloud Application Integration Production/Process Objects",
    "metadata" : {
      "modelVersion" : {
        "major" : 1,
        "minor" : 0
      },
      "repoInfo" : {
        "repoHandle" : "yS24FsWTzIf6riX-gt-86010-2022-06-20T08:40:23.96Z::po.xml"
      },
      "objectRefs" : [ ],
      "contextAttributes" : null,
      "additionalInfo" : {
        "description" : "Customer Status Address Fields",
        "contentType" : "Binary",
        "documentState" : "VALID"
      }
    }
  }, {
    "objectGuid" : "0Le1L8QPMGugQnCXvgIBIG",
    "objectName" : "PO-CustStatus-Address-BRSPD",
    "objectType" : "PROCESS_OBJECT",
    "path" : "/Explore/BRSPD Cloud Application Integration/Process Objects",
    "metadata" : {
      "modelVersion" : {
        "major" : 1,
        "minor" : 0
      },
      "repoInfo" : {
        "repoHandle" : "YlkeN8jIw8jIw8j-gt-89620-2022-08-01T02:54:26.813Z::po.xml"
      },
      "objectRefs" : [ ],
      "contextAttributes" : null,
      "additionalInfo" : {
        "description" : "Customer Status Address Fields",
        "contentType" : "Binary",
        "documentState" : "VALID"
      }
    }
  }, {
    "objectGuid" : "3BN170rSf9Ri8Xf73sQKsX",
    "objectName" : "AppConnBRSPD-DEV",
    "objectType" : "AI_CONNECTION",
    "path" : "/Explore/BRSPD Cloud Application Integration Stguat/App Connection",
    "metadata" : {
      "modelVersion" : {
        "major" : 1,
        "minor" : 0
      },
      "repoInfo" : {
        "repoHandle" : "CZ4nzYLnzYLnzYL-gt-194541-2022-08-10T00:44:42.456Z::conn.xml"
      },
      "objectRefs" : [ ],
      "contextAttributes" : null,
      "additionalInfo" : {
        "description" : "",
        "contentType" : null,
        "documentState" : "VALID"
      }
    }
  }, {
    "objectGuid" : "0TCdjyl2fRhe7NzsclR56h",
    "objectName" : "App Connection",
    "objectType" : "Folder",
    "path" : "/Explore/Lumen Cloud Application Integration",
    "metadata" : {
      "modelVersion" : {
        "major" : 0,
        "minor" : 0
      },
      "repoInfo" : null,
      "objectRefs" : [ ],
      "contextAttributes" : [ ],
      "additionalInfo" : {
        "description" : "Application Connection",
        "contentType" : "Binary",
        "documentState" : "COMPLETE"
      }
    }
  }, {
    "objectGuid" : "1669j98ePTOlIBTm1G8mwB",
    "objectName" : "Jo",
    "objectType" : "Folder",
    "path" : "/Explore/LUMEN_DEV",
    "metadata" : {
      "modelVersion" : {
        "major" : 0,
        "minor" : 0
      },
      "repoInfo" : null,
      "objectRefs" : [ ],
      "contextAttributes" : [ ],
      "additionalInfo" : {
        "description" : "",
        "contentType" : "Binary",
        "documentState" : "COMPLETE"
      }
    }
  }, {
    "objectGuid" : "i7UGjzh2YqncYhmLhuFgmt",
    "objectName" : "PO-Error-Message",
    "objectType" : "PROCESS_OBJECT",
    "path" : "/Explore/Lumen Cloud Application Integration Production/Process Objects",
    "metadata" : {
      "modelVersion" : {
        "major" : 1,
        "minor" : 0
      },
      "repoInfo" : {
        "repoHandle" : "XWwjlybduaa-gt-144058-2022-06-20T08:40:25.792Z::po.xml"
      },
      "objectRefs" : [ ],
      "contextAttributes" : null,
      "additionalInfo" : {
        "description" : "Structure for Error Message Response",
        "contentType" : "Binary",
        "documentState" : "VALID"
      }
    }
  }, {
    "objectGuid" : "6Y8aQA1cBeEhfBUwy0s2kD",
    "objectName" : "P_Update_Customer_Status_BRSPD",
    "objectType" : "PROCESS",
    "path" : "/Explore/BRSPD Cloud Application Integration Stguat/Process",
    "metadata" : {
      "modelVersion" : {
        "major" : 1,
        "minor" : 0
      },
      "repoInfo" : {
        "repoHandle" : "1ZT1cnFKi9zhFty-gt-198816-2022-08-10T00:45:38.853Z::pd.xml"
      },
      "objectRefs" : [ "i7UGjzh2YqncYhmLhuFgmt", "amddwcVjDvffwjTfTuVz8r" ],
      "contextAttributes" : null,
      "additionalInfo" : {
        "description" : "Update a record in CUSTOMER_MIGRATION_STATUS table with status ,address data",
        "contentType" : null,
        "documentState" : "VALID"
      }
    }
  }, {
    "objectGuid" : "9xgK8swOYBicSDzdCYpDGX",
    "objectName" : "P_Create_Process_Stats_BRSPD",
    "objectType" : "PROCESS",
    "path" : "/Explore/BRSPD Cloud Application Integration/Process",
    "metadata" : {
      "modelVersion" : {
        "major" : 1,
        "minor" : 0
      },
      "repoInfo" : {
        "repoHandle" : "z6fUmm7O2htghGZ-gt-89654-2022-08-01T02:54:27.411Z::pd.xml"
      },
      "objectRefs" : [ ],
      "contextAttributes" : null,
      "additionalInfo" : {
        "description" : "",
        "contentType" : "application/json; charset=utf-8",
        "documentState" : "VALID"
      }
    }
  }, {
    "objectGuid" : "a43fpAxcWYQbcS1dqEKvYh",
    "objectName" : "AC-Modem-Scan-BRSPD",
    "objectType" : "AI_CONNECTION",
    "path" : "/Explore/BRSPD Cloud Application Integration Stguat/App Connection",
    "metadata" : {
      "modelVersion" : {
        "major" : 1,
        "minor" : 0
      },
      "repoInfo" : {
        "repoHandle" : "gdoGsF4XkgbdoPV-gt-232578-2022-08-10T00:45:11.102Z::conn.xml"
      },
      "objectRefs" : [ "4Rk9BfIt03DkefBFS1X2s1" ],
      "contextAttributes" : null,
      "additionalInfo" : {
        "description" : "",
        "contentType" : null,
        "documentState" : "VALID"
      }
    }
  }, {
    "objectGuid" : "a0wFUxNfoZjeYASJFhvBO1",
    "objectName" : "PO-Error-Message_BRSPD",
    "objectType" : "PROCESS_OBJECT",
    "path" : "/Explore/BRSPD Cloud Application Integration/Process Objects",
    "metadata" : {
      "modelVersion" : {
        "major" : 1,
        "minor" : 0
      },
      "repoInfo" : {
        "repoHandle" : "VsKKkhEuHWvJ4rs-gt-131414-2022-08-02T20:51:38.763Z::po.xml"
      },
      "objectRefs" : [ ],
      "contextAttributes" : null,
      "additionalInfo" : {
        "description" : "Structure for Error Message Response",
        "contentType" : "application/json; charset=utf-8",
        "documentState" : "VALID"
      }
    }
  }, {
    "objectGuid" : "9H6TfrP0XL0bei7RzfxJ0m",
    "objectName" : "P_Update_Customer_Status_test_BRSPD",
    "objectType" : "PROCESS",
    "path" : "/Explore/BRSPD Cloud Application Integration/Process",
    "metadata" : {
      "modelVersion" : {
        "major" : 1,
        "minor" : 0
      },
      "repoInfo" : {
        "repoHandle" : "m7O2htghGZ5i4rs-gt-113374-2022-08-02T20:49:51.198Z::pd.xml"
      },
      "objectRefs" : [ "120Kxb9nRQAcNCofHWrhoT", "a0wFUxNfoZjeYASJFhvBO1" ],
      "contextAttributes" : null,
      "additionalInfo" : {
        "description" : "Update a record in CUSTOMER_MIGRATION_STATUS_TEST table with status ,address data",
        "contentType" : "application/json; charset=utf-8",
        "documentState" : "VALID"
      }
    }
  }, {
    "objectGuid" : "4Rk9BfIt03DkefBFS1X2s1",
    "objectName" : "SC-Modem-Scan_BRSPD",
    "objectType" : "AI_SERVICE_CONNECTOR",
    "path" : "/Explore/BRSPD Cloud Application Integration Stguat/Service Connector",
    "metadata" : {
      "modelVersion" : {
        "major" : 1,
        "minor" : 0
      },
      "repoInfo" : {
        "repoHandle" : "ZsEi4tciSrZMSPf-gt-198688-2022-08-10T00:45:10.838Z::svc.xml"
      },
      "objectRefs" : [ ],
      "contextAttributes" : null,
      "additionalInfo" : {
        "description" : "",
        "contentType" : null,
        "documentState" : "VALID"
      }
    }
  } ]
}