objectPath,objectName,objectType,id
/Explore/BRSPD Cloud Application Integration/Process Objects,PO-ENS-Account-BRSPD,PROCESS_OBJECT,aYQTDFJksTsiY9U4Me22IX
/Explore/Lumen Cloud Application Integration/Process,P_Error_Handling_Case_Creation,PROCESS,95XLNrXr76tettPHSQ1cCQ
/Explore/BRSPD Cloud Application Integration/Process,P_Call_UpdateCMS_BRSPD,PROCESS,8NgV6NDqgCoeU0EznY4yId
/Explore/BRSPD Cloud Application Integration/Process Objects,PO-ENS-Pricing-BRSPD,PROCESS_OBJECT,9nT0A6jxvwSe6WIvyAbSuB
/Explore/BRSPD Cloud Application Integration Production/Process,P_error_handling_Case_Creation_BRSPD-Prod,PROCESS,9svJJrtYAwUdbPgYzX6Ggt
/Explore/BRSPD Cloud Application Integration/Process Objects,PO-PPP-Read-BRSPD,PROCESS_OBJECT,0yoD5LVlATzeBu47h7dByP
/Explore/BRSPD Cloud Application Integration/Process,P_Main_Automation_Lead_Load_Process_BRSPD_test2,PROCESS,0fsd7A6veAUdYcE5igMqOP
/Explore/BRSPD Cloud Application Integration/HJM,P_Main_Automation_Lead_Load_Process_test -WA-DMDEV,PROCESS,3A2CsaRgVs7iNjuFPQRSYj
/SYS,wsc_UPDATE_CMS_TEST_BRSPD,Connection,2Wdq5tkludWhGOkRfJP064
/Explore/BRSPD Cloud Application Integration Production/Service Connector,SC_Polygon_Prod_BRSPD,AI_SERVICE_CONNECTOR,aVEQl7OxWZ3jWbIjuNQvkS
/Explore/Lumen Cloud Application Integration/App Connection,AC-QF-BASKET-SE-Salesforce,AI_CONNECTION,0DH32MzWsYRcS8oz6tIDmr
/Explore/Lumen Cloud Application Integration/App Connection,AC-MySQL-LumenStagingDB-Test,AI_CONNECTION,6BmTmnFDWCtfd44zV6vgA5
/Explore/BRSPD Cloud Application Integration/App Connection,AppConnBRSPD-DEV,AI_CONNECTION,98V5NbVMga5kcomGtGx42f
/Explore/BRSPD Cloud Application Integration/HJM,mt_BMOM_Disconnect,MTT,fRmVsdxp4u4bWju09xSAcY
/Explore/BRSPD Cloud Application Integration/HJM,mt_ORDER_ACTIVE_BS,MTT,3kU2vIG2JPxeIpBlwXPU28
/Explore/Lumen Cloud Application Integration Production,App Connection,Folder,3IqfLNMYSaneEKwWAGohCv
/Explore/BRSPD Cloud Application Integration/Process Objects,customers-BRSPD,PROCESS_OBJECT,120Kxb9nRQAcNCofHWrhoT
/Explore/BRSPD Cloud Application Integration/Service Connector,SC_FileWriter_Communications_Prod_BRSPD,AI_SERVICE_CONNECTOR,eSVd9uMwccFgmy81I5TGWJ
/Explore/BRSPD Cloud Application Integration/HJM,m_ORDER_ACTIVE_brsp,DTEMPLATE,2SRQs6gGuUIfVHavAys0Wj
/Explore/BRSPD Cloud Application Integration/HJM,check_legacy_PPP,DTEMPLATE,kCRNBV9sd42dvCWAip83cW
/Explore/Lumen Cloud Application Integration Production/App Connection,AC-Polygon-Prod,AI_CONNECTION,bOzMVRiXrMqf6Np8FskVgk
/Explore/Lumen Cloud Application Integration/Process Objects,PO-ENS-Pricing,PROCESS_OBJECT,aIZ1HZtlQMNe7SANjemT8T
/SYS,QF-TEST4-Sandbox-Salesforce,Connection,3N1Mn0hONIeiXQBpzHgYsp
/Explore/BRSPD Cloud Application Integration/HJM,BRSP-TEST,PROCESS,khXnEGk0aMvb5y3yOerPIy
/Explore/BRSPD Cloud Application Integration/HJM,P_Main_Automation_Lead_Load_Process_test,PROCESS,1hEbORHnIo8lv1cwe4EHYD
/Explore/BRSPD Cloud Application Integration/App Connection,AC-PPP-OPTIN-TEST-BRSPD,AI_CONNECTION,gqEfJ5tdCGYeKyp4JvCl48
/Explore/BRSPD Cloud Application Integration/App Connection,AC-Modem-Scan-BRSPD,AI_CONNECTION,8fxLyuO6IXFbCbU8YhguqQ
/Explore,BRSPD Cloud Application Integration Production,Project,hMSIIvYGRwedD71pNL6i4E
/Explore,Lumen Cloud Application Integration,Project,4w7ZPPMG6AlgEbKOnMrK8B
/Explore/BRSPD Cloud Application Integration/HJM,PO-GET-ORDER-v1,PROCESS_OBJECT,0aQQOmdKCNKjdnjFQ0kksp
/Explore/Lumen Cloud Application Integration/Process Objects,PO-ENS-PPP-Pricing,PROCESS_OBJECT,26zCaOSpw14hpccF2o0aYd
/Explore/Lumen Cloud Application Integration/Process Objects,PO-Transform-QF-Lead,PROCESS_OBJECT,0uarc9tWkG7fFqyRneUC0E
/Explore/BRSPD Cloud Application Integration Production/Process Objects,PO-CustStatus-Address-BRSPD,PROCESS_OBJECT,3seqE3uaMRGgT4y9L27Ik3
/Explore/BRSPD Cloud Application Integration/Process,P_PPP_Oracle_Execute_SQL_BRSPD,PROCESS,7T95QUcWHSJdKrWWulqXAj
/Explore/BRSPD Cloud Application Integration/HJM,bsc_ORDER_ACTIVE_STATUS,BSERVICE,bHrp8xyjKiVeUcnvQeULo9
/Explore/BRSPD Cloud Application Integration/App Connection,AC-PPP-Prepaid-Disconnect-BRSPD,AI_CONNECTION,7vAcG29QrH3bDBWN0QfEA2
/Explore/BRSPD Cloud Application Integration/HJM,EMPconnection,AI_CONNECTION,5ICYTfP7OE5jnVfUb8PtSD
/Explore/BRSPD Cloud Application Integration/Service Connector,SC_BMOM_Disconnect_BRSPD,AI_SERVICE_CONNECTOR,738X8Gxunxybb6UUxr3Kmj
/Explore/BRSPD Cloud Application Integration/Service Connector,SC_Sftp_OnPremise_To_GCP_Prod_BRSPD,AI_SERVICE_CONNECTOR,9vs3WRoMRmHlFd4ODU4CCj
/Explore/BRSPD Cloud Application Integration/HJM,BRSP-SalesForce,AI_CONNECTION,1A9ygPSN3nbjUwhrF3ZEs4
/Explore,LUMEN_DEV,Project,4GcQ798h6zelkZQHmmgFUs
/Explore/Lumen Cloud Application Integration,Process Objects,Folder,i6uWGryUX40dCdKKftJV64
/Explore/BRSPD Cloud Application Integration/HJM,bsc_update_CMS_TEST,BSERVICE,4DhTU4ejSyZf4NhSQ1s0U5
/Explore/BRSPD Cloud Application Integration Production/Process,P_Update_Customer_Status_Group_BRSPD-Prod,PROCESS,9gvgOhu4qBrfAP41ZGbVqP
/Explore/BRSPD Cloud Application Integration/HJM,GetMyrna,PROCESS,2zybnIIFAagg4OntJRUiC7
/Explore/Lumen Cloud Application Integration/Process Objects,PO-CustStatus-RG,PROCESS_OBJECT,eZaWXmKtEq0cMv4hF7c063
/Explore/BRSPD Cloud Application Integration,App Connection,Folder,6wWw7ZTNMOdg31ycGYkP87
/Explore/BRSPD Cloud Application Integration/HJM,m_ORDER_ACTIVE_BS,DTEMPLATE,50bzpk804wXeeUmey5OLqS
/Explore/BRSPD Cloud Application Integration Production/Service Connector,SC_Oauth_Access_Token_Prod_BRSPD,AI_SERVICE_CONNECTOR,8DFiZqVCAlRjnjZFa1BJ8S
/Explore/BRSPD Cloud Application Integration/Service Connector,SC-Modem-Scan-Prod_BRSPD,AI_SERVICE_CONNECTOR,7IF38Z8Hsn6c9P6xtijAI0
/Explore/BRSPD Cloud Application Integration Production/App Connection,AC-Polygon-Prod-BRSPD-Prod,AI_CONNECTION,0di80fPajE8g3HgdZavAkK
/Explore/BRSPD Cloud Application Integration/HJM,P_Update_Customer_Status_Group4_5,PROCESS,1uhtzqV35GMjMHzWAMgKkL
/Explore/BRSPD Cloud Application Integration Production/App Connection,AppConnBRSPD-DEV,AI_CONNECTION,kwIlaJGJ1CDfPfGo1XFQYV
/Explore/BRSPD Cloud Application Integration Production/Process Objects,PO-PPP-Pricing-BRSPD,PROCESS_OBJECT,2g9IfDKbXq1ee4JmlVUj6B
/Explore/BRSPD Cloud Application Integration Production/Process Objects,customers-BRSPD,PROCESS_OBJECT,3pQht08NyZaeF4TXWysu4v
/Explore/Lumen Cloud Application Integration/Process Objects,PO-CustStatus-Address,PROCESS_OBJECT,4ZVOJ70HRmmfOSdpHlVUOp
/SYS,qfmig-iics-sa-prod-two,AgentGroup,eQTieebosm9czufAowehU6
/Explore/BRSPD Cloud Application Integration Production/Process,P_Error_Handling_Case_Creation_MFQ_BRSPD-Prod,PROCESS,9Fwge1eR5sCi97zFOjPtSb
/Explore/BRSPD Cloud Application Integration/HJM,P_Disconnect_BMOM_TEST,PROCESS,6Fc9sSHNfSikLc69toig2Z
/Explore,BRSPD Data Integration,Project,a2vDGFFJ5zIkecoCbzdVQP
/Explore/BRSPD Cloud Application Integration/Service Connector,SC-Modem-Scan_BRSPD,AI_SERVICE_CONNECTOR,450EsGFD8bfkqELYqvWQOT
/Explore/Lumen Cloud Application Integration Production/App Connection,AC-OAuth-Access-Token-Prod,AI_CONNECTION,22zxoqnbOfBcbqF7K2VIuY
/Explore/BRSPD Cloud Application Integration Production,Service Connector,Folder,23fSiZlZeJ0ldrQsfnlqeb
/Explore/BRSPD Cloud Application Integration Production/Process Objects,PO-Transform-QF-Lead-BRSPD,PROCESS_OBJECT,4AGz4Qy2d4wbigX8wLqsGX
/Explore/LUMEN_DEV/HJM,bsc_ P_Disconnect_PPP_Prepaid_TEST,BSERVICE,hNhoZPSPVSNhOOSBLB1WIH
/Explore/BRSPD Cloud Application Integration/HJM,P_Disconnect_PPP_Prepaid_TEST,PROCESS,iXLxYPKMW6deTYrHdwCg4N
/Explore/Lumen Cloud Application Integration/Service Connector,SC-Modem-Scan,AI_SERVICE_CONNECTOR,jelyGN0AgqFgDGEySeEz6V
/Explore/BRSPD Cloud Application Integration/HJM,BRSP-SalesForce1,AI_CONNECTION,1k2HljlT4kvgnA6B7YSJcq
/Explore/BRSPD Cloud Application Integration/HJM,CUSTOMER_MIGRATION_JJG_032822,PROCESS,341orqoN96ffKiIqbH8JUX
/Explore/BRSPD Cloud Application Integration/App Connection,AC-QF-BASKET-SE-Salesforce-BRSPD,AI_CONNECTION,1jyQaxu5wObdcSoZkAOqWl
/Explore/BRSPD Cloud Application Integration/HJM,bsc_ P_Disconnect_PPP_Prepaid_TEST,BSERVICE,gC8SgDCGesFjAMr9rJXYAF
/Explore/BRSPD Cloud Application Integration Production/Process Objects,PO-ENS-Pricing-BRSPD,PROCESS_OBJECT,dru4kO30TsTiE3065s4A6J
/Explore/BRSPD Cloud Application Integration/Process,P_Disconnect_BMOM_TEST_BRSPD,PROCESS,3U21R4KKxd1llR7OVY4jco
/Explore/BRSPD Data Integration/Mapping,m_PPP_Prepaid_Disconnect_BRSPD,DTEMPLATE,d8jkikoX8I1dJrXQIq5hGq
/Explore/BRSPD Cloud Application Integration/HJM,m_ACCOUNT_TO_SF_BULK_fortest4,DTEMPLATE,9ByNkKzkcKAjdup76UB8ai
/Explore/BRSPD Cloud Application Integration/App Connection,AppConnBRSPD-CAI-DEV,AI_CONNECTION,l4Is7zdBs6SdIimq5TC2EC
/Explore/Lumen Cloud Application Integration/Process Objects,PO-ENS-Account,PROCESS_OBJECT,bKmhufwdLiYfvARKpYOnMb
/Explore/BRSPD Cloud Application Integration/HJM,NAME-NO-status,PROCESS_OBJECT,9yn5dIntWovbJioUSpeviG
/Explore/BRSPD Cloud Application Integration/App Connection,AC-QF-Salesforce-Test1,AI_CONNECTION,0b45ngkQ2SzhlKB0Yyac6s
/Explore/BRSPD Cloud Application Integration/HJM,sc_swaggerfile,AI_SERVICE_CONNECTOR,6rIiehWkgqChpfTiHqeXI7
/SYS,wsc_Disconnect_PPP_Prepaid_TEST_BRSPD,Connection,2KdG7hNR2wycNwzEVnXgum
/Explore/Lumen Cloud Application Integration/App Connection,AC-BMOM-Disconnect,AI_CONNECTION,9GhPeFTOGrXdwKUCunMN24
/Explore/BRSPD Cloud Application Integration/HJM,ServiceConnector1,AI_SERVICE_CONNECTOR,01hwN9D7KKse5fJEBqquoA
/Explore/BRSPD Cloud Application Integration/HJM,P_Main_Automation_Lead_Load_Process_test -WA - v2,PROCESS,kZrLdUH6MspbyXJ9di45Ap
/Explore/BRSPD Cloud Application Integration Production/Service Connector,SC-Modem-Scan_BRSPD-Prod,AI_SERVICE_CONNECTOR,hEiKKZXzTE5hMCaNJIuSmk
/Explore/BRSPD Cloud Application Integration/Process,P_Create_Process_Stats_BRSPD,PROCESS,9xgK8swOYBicSDzdCYpDGX
/Explore/BRSPD Cloud Application Integration/Process,P_Update_Customer_Status_test_BRSPD,PROCESS,9H6TfrP0XL0bei7RzfxJ0m
/Explore/BRSPD Cloud Application Integration Production/Process,P_Create_Process_Stats_BRSPD-Prod,PROCESS,6leo62aGUgRgfcYp9U9TgX
/Explore/BRSPD Cloud Application Integration/HJM,test1,PROCESS,7q5RBHQw9Ksf2XbmuKKn2M
/Explore/Lumen Cloud Application Integration/App Connection,AC-Modem-Scan,AI_CONNECTION,8SmDICdUpSzfXB3fw8Q7m8
/Explore/BRSPD Cloud Application Integration,HJM,Folder,4WwxN70rU2MiTHIcrtTzy6
/Explore/Lumen Cloud Application Integration/Process Objects,PO-Error-Message,PROCESS_OBJECT,elCZnzY7VM5gmshtgaEu4t
/Explore/BRSPD Cloud Application Integration/HJM,CUSTOMER_MIGRATION_4QA,PROCESS,2ODk1l87M2dbIm6VNBeQGZ
/Explore/BRSPD Cloud Application Integration/App Connection,AC-Polygon-BRSPD,AI_CONNECTION,6vNrQ0vs1sYeCfWsFUSDcu
/Explore/BRSPD Cloud Application Integration/HJM,P_Get_Order-v1,PROCESS,a5XU5PasO88ivM6fd1XEQw
/Explore/LUMEN_DEV/Main Lead Process,P_Error_Handling_Case_Creation_MFQ,PROCESS,3i5kS8SeEfacJcCPdLBqeG
/Explore/Lumen Cloud Application Integration/Process,P_Create_Process_Stats,PROCESS,b3rU05Crbq4iLZLk21ntiA
/Explore/BRSPD Cloud Application Integration/HJM,AC-PPP-OPTIN-TESTBS,AI_CONNECTION,0eTGrRWslqUiN6dTa51nWj
/Explore/BRSPD Cloud Application Integration/Process,P_Disconnect_PPP_Prepaid_TEST_BRSPD,PROCESS,0OmC0XQtQw7eWac8fQyIec
/Explore/BRSPD Cloud Application Integration/HJM,check_legacy_ENS,DTEMPLATE,7ESwaxonKAtdmcZW0tPKqX
/Explore/BRSPD Cloud Application Integration/Process Objects,PO-CustStatus-RG-BRSPD,PROCESS_OBJECT,iheKSVAJQcNetiu3BKwqW9
/Explore/BRSPD Cloud Application Integration/App Connection,AC-OAuth-Access-Token-Prod-BRSPD,AI_CONNECTION,4z6JCPypHymf6EWcESZgQu
/Explore/BRSPD Cloud Application Integration/HJM,m_BMOM_Disconnect,DTEMPLATE,11AJI0rPmPyfD2Q2vE0Ckg
/Explore/BRSPD Cloud Application Integration Production/Process Objects,PO-ENS-Account-BRSPD,PROCESS_OBJECT,6Du9BR9Lnm7cIVcl8KqrQ4
/Explore/BRSPD Cloud Application Integration/HJM,emp-no-stat,PROCESS_OBJECT,6XKi79JIqgbetKraGWomOJ
/Explore/BRSPD Cloud Application Integration Production/Process Objects,PO-CustStatus-RG-BRSPD,PROCESS_OBJECT,2TaKS9MK7UIi08EgTOuDqL
/Explore/BRSPD Cloud Application Integration/HJM,PO-BRSP,PROCESS_OBJECT,5lXnO16pEGZctlHCA5W5MY
/SYS,wsc_Disconnect_BMOM_TEST_BRSPD,Connection,k5Rvl6cRUu0cZHpQTzqXU4
/Explore/BRSPD Cloud Application Integration/HJM,AC-ENS-PRICING-EXTRACT-OPTIN-BS,AI_CONNECTION,jPQZcSwls0tb37NxUCmd6R
/Explore/BRSPD Cloud Application Integration/HJM,get1,PROCESS,6plS0DSFhYXcvmJkelyUQt
/Explore/BRSPD Cloud Application Integration/HJM,AC-MySQL-LumenStagingDB-Test,AI_CONNECTION,7r16fs39Kkjhe0twmn6XgW
/Explore/BRSPD Cloud Application Integration/HJM,P_Main_Automation_Lead_Load_Process_test - workaround,PROCESS,1fnWQVdxFS7jPv4L8caLwF
/Explore/BRSPD Cloud Application Integration Production/Process Objects,PO-ENS-PPP-Pricing-BRSPD,PROCESS_OBJECT,1p15jZBa1RfeAJUtRgesUf
/Explore/LUMEN_DEV,HJM,Folder,8ncWnAznwe0l2CmOeTheC4
/Explore,Lumen Cloud Application Integration Production,Project,a9OdSiQW9KRiKp06etZSgu
/Explore/BRSPD Cloud Application Integration/HJM,mt_ORDER_ACTIVE_LFACS_NIC,MTT,34NdG03P5ZOeKpZxcoks4k
/Explore/BRSPD Cloud Application Integration/Service Connector,SC_Oauth_Access_Token_Prod_BRSPD,AI_SERVICE_CONNECTOR,iYkoQb8y9gYcEkboYwVXml
/Explore/Lumen Cloud Application Integration,Process,Folder,0HpvYc1OmWudIG4pZtJtcP
/Explore/BRSPD Cloud Application Integration/HJM,SalesforceBS,AI_CONNECTION,8jrQjQGrnVJiOgb4rQlDcB
/Explore/BRSPD Cloud Application Integration/HJM,mt_ACCOUNT_TO_SF_BULK_fortest4,MTT,9HSTtDyx2WAiB5kBZR43Ik
/Explore/BRSPD Cloud Application Integration/Process,P_GCP_Staging_Execute_SQL_BRSPD,PROCESS,0KzivBrom6RiQt9sSzNAmI
/Explore/BRSPD Cloud Application Integration/HJM,AC-CUSTOMER-MIGRATION-STATUS-JJG-032822,AI_CONNECTION,2jykZjFCCKPgcN5x5mTHOP
/Explore/LUMEN_DEV/HJM,AC-PPP-OPTIN-TESTBS,AI_CONNECTION,225KlvEetATicIL2BPrPEj
/Explore/BRSPD Cloud Application Integration/HJM,m_PPP_Prepaid_Disconnect,DTEMPLATE,jfhHpOeEGIMbIVZLxjVtwF
/Explore/BRSPD Cloud Application Integration/Process,P_Main_Automation_Lead_Load_Process_Test_BRSPD,PROCESS,ie6GViQlNSLkaJiCAIQJW4
/Explore/BRSPD Cloud Application Integration/Process,P_error_handling_Case_Creation_BRSPD,PROCESS,98LdX1mymxilvpLNkYqa0y
/Explore/Lumen Cloud Application Integration/Service Connector,SC_BMOM_Disconnect,AI_SERVICE_CONNECTOR,aczY7g6QRi2dSyZXtWMOiq
/Explore/BRSPD Cloud Application Integration/HJM,bsc_ P_Disconnect_BMOM_TEST,BSERVICE,4fnfSE4tua5gZL1UmGTo8s
/SYS,qfiicssaodc02-prod.corp.intranet,AgentGroup,jinHel1UMkSjgUucmLQwgf
/Explore/BRSPD Cloud Application Integration Production/Process,P_PPP_Oracle_Execute_SQL_BRSPD-Prod,PROCESS,0rkkhxxL375cXnJzce1Tet
/Explore/BRSPD Data Integration,Business Service,Folder,gCrzU4CFeqRhh3K3iPzIOv
/Explore/BRSPD Cloud Application Integration/App Connection,AC-DAS-GCP-BRSPD,AI_CONNECTION,6U92KkxlNBDhaGiCHehdqM
/Explore/LUMEN_DEV/HJM,bsc_ P_Disconnect_BMOM_TEST,BSERVICE,juyrfO1L7Wvcl7kLQovcq7
/Explore/BRSPD Cloud Application Integration/Service Connector,SC_C360_BIWF_BRSPD,AI_SERVICE_CONNECTOR,86kY1N2KJtkhV19z9a8GW3
/Explore/Lumen Cloud Application Integration/App Connection,AC-MySQL-LumenStagingDB-MainLeadLoad,AI_CONNECTION,edJlHioltAjlenCSMLeyEH
/Explore/BRSPD Cloud Application Integration/Service Connector,SC_DAS_GCP_BRSPD,AI_SERVICE_CONNECTOR,4Q80wPVvQXUkiPeYPQBZSL
/Explore/BRSPD Cloud Application Integration,Service Connector,Folder,afRHYg6hNdLbYFlmPcAl82
/Explore/BRSPD Cloud Application Integration,Process Objects,Folder,lovuvdn5MGMkzm4iIV8gwD
/Explore/BRSPD Cloud Application Integration/HJM,CUSTOMER_MIGRATION_STATUS_JJG_POST,PROCESS,4X9Q3eJIZMkevdO5BXgGwN
/Explore/Lumen Cloud Application Integration/Process,P_GCP_Staging_Execute_SQL,PROCESS,8eNu9r157PBlYDNIL9Wt2y
/Explore,BRSPD Cloud Application Integration,Project,6jeakSty7FMe6Ma2pmtJqS
/SYS,BRSPD_DEV_SF,Connection,5jN0vFtFWqZgastMdPAM87
/Explore/BRSPD Cloud Application Integration/HJM,check_legacy_PPP - Copy 1,DTEMPLATE,jPsRdT6oJGrd4RYn5U16Ak
/Explore/BRSPD Cloud Application Integration/Process,P_Error_Handling_Case_Creation_MFQ_BRSPD,PROCESS,77JD2fyTc26kIX3MriFaeG
/Explore/BRSPD Cloud Application Integration/Process,P_ENS_Execute_SQL_BRSPD,PROCESS,7ivqR9KZ2oYgOpcF02fq2m
/Explore/BRSPD Cloud Application Integration/HJM,dst_SF_ORDER_LKP,DSS,4R1uj4IclQ5cw3CYE5Fp8h
/Explore/BRSPD Cloud Application Integration Production/App Connection,AC-Modem-Scan-BRSPD-Prod,AI_CONNECTION,5Z3EpFX2pTTbbHvsapLwmr
/Explore/BRSPD Cloud Application Integration/HJM,table2,PROCESS_OBJECT,43yms4IuzsYiqOcYP6rQ8O
/Explore/LUMEN_DEV,Main Lead Process,Folder,715rUi63FQHjbp9WE8TT6s
/SYS,QF-TEST1-Sandbox-Salesforce,Connection,ameOt5JsPOgleSESsNm3ql
/SYS,Oracle_PPP_Prod,Connection,k9JnoGL3OC4hEu28YQp06m
/Explore/BRSPD Cloud Application Integration/App Connection,AC-MySQL-LumenStagingDB-Test-BRSPD,AI_CONNECTION,cEQ5ftdGwI7l1iQR5Cvh6m
/Explore/BRSPD Cloud Application Integration/Process,P_Update_Customer_Status_Group_BRSPD,PROCESS,3TqXzdbGwGTb9DEOYtZ5Y5
/Explore/Lumen Cloud Application Integration,Service Connector,Folder,awlNxyI3wLLjJru95gD1IA
/Explore/BRSPD Cloud Application Integration Production,Process Objects,Folder,4tfThO3ZmCsdE2o6r649C5
/Explore/BRSPD Cloud Application Integration/Process Objects,PO-Transform-QF-Lead-BRSPD,PROCESS_OBJECT,45lXYUzt2T9lmQJdPmErK9
/Explore/BRSPD Cloud Application Integration/HJM,WWW,PROCESS,2DNKJuOaxGFe3WzRoXiy4O
/Explore/BRSPD Cloud Application Integration/HJM,dst_SF_ORDER_brsp,DSS,6Pgi6vTh0PQlqRVWHtJcup
/Explore/BRSPD Data Integration/Business Service,bsc_ P_Disconnect_PPP_Prepaid_TEST_BRSPD,BSERVICE,9pNBfNP1UWakQd6Pi8c0kw
/Explore/BRSPD Cloud Application Integration/Process Objects,PO-PPP-Pricing-BRSPD,PROCESS_OBJECT,35Flid280GYhqhaXu83MAF
/Explore/LUMEN_DEV/JJG,PO-CMSJJG-032922-Copy,PROCESS_OBJECT,35uLcBk3GK2fJSyLcOwJe4
/Explore/BRSPD Cloud Application Integration Production/App Connection,AC-OAuth-Access-Token-Prod-BRSPD-Prod,AI_CONNECTION,84U47h9gv5bkRVjMHS4MQo
/Explore/BRSPD Cloud Application Integration/HJM,P_Post_Order-v1,PROCESS,28xAplvPYbrgu60SZIdegz
/Explore/LUMEN_DEV,JJG,Folder,j8BkfC9i8Wpif6x8Xg0bsG
/Explore/BRSPD Cloud Application Integration/HJM,tf_ORDER_ACTIVE,TASKFLOW,2TqewmOdoaodC2n3wlsDSt
/Explore/BRSPD Cloud Application Integration/App Connection,AC-BMOM-Disconnect-BRSPD,AI_CONNECTION,3zzwDaQEUYvj3gElOzxx4U
/Explore/BRSPD Cloud Application Integration/Service Connector,SC_Polygon_Prod_BRSPD,AI_SERVICE_CONNECTOR,d9PFQbtT3Q0baOpNkRLbK7
/SYS,MySQL-LumenStagingDB-Prod,Connection,3K3iEVO1mahlJ46LwZEM6W
/Explore/BRSPD Cloud Application Integration Production,App Connection,Folder,hvg9qtK42Qcbi3Biw6bJgu
/Explore/BRSPD Cloud Application Integration/App Connection,AC-ENS-PRICING-EXTRACT-OPTIN-BRSPD,AI_CONNECTION,8t6u5uo70GodUo9DRd0tGH
/Explore/BRSPD Cloud Application Integration/App Connection,AC-QF-BASKET-SE-Salesforce,AI_CONNECTION,5IuQ0VpXhLPkkaRucVmwuS
/Explore/BRSPD Cloud Application Integration/HJM,ServiceConnectorbrspd,AI_SERVICE_CONNECTOR,3SUbt32Ju5Ff4Gwovpo7SF
/Explore/BRSPD Cloud Application Integration/HJM,mt_PPP_Prepaid_Disconnect,MTT,94bwTuc5WCYk8k64zrUuYv
/Explore/BRSPD Cloud Application Integration/HJM,PObrsp,PROCESS_OBJECT,ePFYEGZdMeflA0DCzPpwM5
/Explore/LUMEN_DEV/HJM,bsc_update_CMS_TEST,BSERVICE,5P4OKMokx9VjiMmYXJvFiZ
/Explore/Lumen Cloud Application Integration Production/Process Objects,customers,PROCESS_OBJECT,amddwcVjDvffwjTfTuVz8r
/Explore/BRSPD Cloud Application Integration Production/Process Objects,PO-PPP-Read-BRSPD,PROCESS_OBJECT,4xriYZq7BMPgGv3oMbnh4g
/Explore/BRSPD Cloud Application Integration,Process,Folder,ltotSOu3Y8NcCtr4XDAE40
/Explore/BRSPD Cloud Application Integration/Process,P_Main_Automation_Lead_Load_Process_Test_BRSPD - with QF filter,PROCESS,3Tos7WwgCd4e6e2YkyTgcm
/Explore/BRSPD Cloud Application Integration/HJM,GetMyrnah,PROCESS,9ssleLelAfklL4TBUJkNkR
/Explore/BRSPD Cloud Application Integration/Process Objects,PO-ENS-PPP-Pricing-BRSPD,PROCESS_OBJECT,5e3rTwvlNoxfI40MV8QPsb
/Explore/Lumen Cloud Application Integration Production,Process Objects,Folder,djKMyWtDwYTcFFY3ndw2Ep
/Explore/BRSPD Cloud Application Integration/Process,P_Disconnect_ENS_TEST_BRSPD,PROCESS,emG8YpTi3EFjmRtUbVciCe
/Explore/LUMEN_DEV/Jo,P_Update_Customer_Status_Group4_5,PROCESS,6aQ7p78ckXHkb69VLP5962
/Explore/BRSPD Data Integration,Mapping,Folder,88mKPD6ZwWxiwwDup1uBU5
/Explore/Lumen Cloud Application Integration Production/Process Objects,PO-CustStatus-Address,PROCESS_OBJECT,55WhcRGlWlkiTeUVA4VyAY
/Explore/BRSPD Cloud Application Integration/Process Objects,PO-CustStatus-Address-BRSPD,PROCESS_OBJECT,0Le1L8QPMGugQnCXvgIBIG
/Explore/BRSPD Cloud Application Integration/HJM,mt_ORDER_ACTIVE_BRSP,MTT,11fi2ptIOkVl0xC3Jw9DGf
/Explore/BRSPD Cloud Application Integration/HJM,POST_CUSTOMER_MIGRATION_STATUS_JJG-v2,PROCESS,3DKBQfU8shqejbcmvBiziX
/Explore/BRSPD Cloud Application Integration Production,Process,Folder,asEXqhlcY8Jk2Vey1NVBc0
/Explore/BRSPD Cloud Application Integration/HJM,P_PPP_Oracle_Execute_SQL_test,PROCESS,csoyv8HcfGbk5UaniYGHez
/Explore/BRSPD Cloud Application Integration Production/Process,P_GCP_Staging_Execute_SQL_BRSPD-Prod,PROCESS,3uy5IbpG9xKgyMTqck2VmW
/Explore/BRSPD Cloud Application Integration/Process,P_Update_Customer_Status_BRSPD,PROCESS,2S4sqhJctQskWbQQhXtdqm
/Explore/BRSPD Cloud Application Integration/HJM,PO-PPP-Read,PROCESS_OBJECT,azxobeeeYDokUvq251BJUr
/Explore/BRSPD Cloud Application Integration/HJM,P_Main_Automation_Lead_Load_Process_test -WA,PROCESS,a83cbzFCNdyfjOvxfdZsM9
/Explore/BRSPD Cloud Application Integration Production/Process,P_ENS_Execute_SQL_BRSPD-Prod,PROCESS,5mjm74PV2cDcTXjbOFW18w
/Explore/Lumen Cloud Application Integration/App Connection,AC-PPP-Prepaid-Disconnect,AI_CONNECTION,dSakkwAHEoPhVekrhTgWgR
/SYS,web_svc_ORDER_ACTIVE_UPDATE,Connection,27zgjj4vf2jdMuGDLBDB4d
/Explore/BRSPD Cloud Application Integration/HJM,PObrsp1,PROCESS_OBJECT,k0SpDnits4whb2dfBL6Tiz
/Explore/Lumen Cloud Application Integration,App Connection,Folder,0TCdjyl2fRhe7NzsclR56h
/Explore/LUMEN_DEV,Jo,Folder,1669j98ePTOlIBTm1G8mwB
/Explore/BRSPD Cloud Application Integration/App Connection,AC-MySQL-LumenStagingDB-MainLeadLoad-BRSPD,AI_CONNECTION,0xDsHiJIr6TkzN2g5ORdA7
/Explore/BRSPD Cloud Application Integration/App Connection,AC-QF-Salesforce-Test1-new,AI_CONNECTION,7XgaoRjS90AjBodafNofAM
/Explore/BRSPD Cloud Application Integration/HJM,dst_CONTACT_SF_STG_CTL_ON,DSS,k3WrjLYc9KKk9PbzC8JCmW
/Explore/BRSPD Cloud Application Integration/Service Connector,SC_PPP_Prepaid_Disconnect_BRSPD,AI_SERVICE_CONNECTOR,4YjLV98ybPCk6aJuzE7Uyp
/Explore/Lumen Cloud Application Integration Production/Process Objects,PO-Error-Message,PROCESS_OBJECT,i7UGjzh2YqncYhmLhuFgmt
/Explore/BRSPD Cloud Application Integration/HJM,P_Disconnect_ENS-TEST,PROCESS,hr67Bl88OojgV1umELgFMV
/Explore/BRSPD Cloud Application Integration/Process Objects,PO-Error-Message_BRSPD,PROCESS_OBJECT,a0wFUxNfoZjeYASJFhvBO1
/SYS,QF-QA-Sandbox-Salesforce,Connection,7ZD4NjkJAQ3bJml0kJ2sQx
/Explore/Lumen Cloud Application Integration/Process Objects,PO-PPP-Pricing,PROCESS_OBJECT,1YeaZbEIz5jlGVBPYVfgEW
/Explore/Lumen Cloud Application Integration/Service Connector,SC_PPP_Prepaid_Disconnect,AI_SERVICE_CONNECTOR,2ieLwumDvYBekknveW5Zwe