<aetgt:getResponse xmlns:aetgt="http://schemas.active-endpoints.com/appmodules/repository/2010/10/avrepository.xsd"
                   xmlns:types1="http://schemas.active-endpoints.com/appmodules/repository/2010/10/avrepository.xsd">
   <types1:Item>
      <types1:EntryId>U2dy8NTYglxbdyp-gt-232476-2022-08-10T00:44:39.747Z::po.xml</types1:EntryId>
      <types1:Name>PO-Error-Message_BRSPD-1</types1:Name>
      <types1:ParentFlowIds>SlCCKpNz6HKoJBU-gt-194529-2022-08-10T00:44:40.722Z::pd.xml</types1:ParentFlowIds>
      <types1:MimeType>application/xml+processobject</types1:MimeType>
      <types1:Description>Structure for Error Message Response</types1:Description>
      <types1:AppliesTo/>
      <types1:Tags/>
      <types1:VersionLabel>1.0</types1:VersionLabel>
      <types1:State>CURRENT</types1:State>
      <types1:ProcessGroup/>
      <types1:CreatedBy>AD15119_PRD</types1:CreatedBy>
      <types1:CreationDate>2022-08-10T00:44:40Z</types1:CreationDate>
      <types1:ModifiedBy/>
      <types1:PublicationStatus>unpublished</types1:PublicationStatus>
      <types1:AutosaveExists>false</types1:AutosaveExists>
      <types1:Entry>
         <processObject xmlns="http://schemas.active-endpoints.com/appmodules/screenflow/2011/06/avosHostEnvironment.xsd"
                        displayName="PO-Error-Message_BRSPD"
                        isByCopy="true"
                        name="PO-Error-Message_BRSPD-1">
            <description>Structure for Error Message Response</description>
            <tags/>
            <detail>
               <field label="Code"
                      name="Code"
                      nullable="true"
                      required="false"
                      type="string"/>
               <field label="Reason"
                      name="Reason"
                      nullable="true"
                      required="false"
                      type="string"/>
               <field label="Detail"
                      name="Detail"
                      nullable="true"
                      required="false"
                      type="string"/>
            </detail>
         </processObject>
      </types1:Entry>
      <types1:GUID>e6Apm3lQZW9dHWDrdplnKq</types1:GUID>
      <types1:DisplayName>PO-Error-Message_BRSPD</types1:DisplayName>
   </types1:Item>
   <types1:CurrentServerDateTime>2022-09-02T08:23:16.746Z</types1:CurrentServerDateTime>
</aetgt:getResponse>
