<aetgt:getResponse xmlns:aetgt="http://schemas.active-endpoints.com/appmodules/repository/2010/10/avrepository.xsd"
                   xmlns:types1="http://schemas.active-endpoints.com/appmodules/repository/2010/10/avrepository.xsd">
   <types1:Item>
      <types1:EntryId>hyifPNzUzeA8rJ4-gt-116432-2022-08-03T22:49:38.118Z::pd.xml</types1:EntryId>
      <types1:Name>P_GCP_Staging_Execute_SQL_BRSPD-Prod</types1:Name>
      <types1:MimeType>application/xml+process</types1:MimeType>
      <types1:Description>Execute SQL on Mysql Database on GCP</types1:Description>
      <types1:AppliesTo/>
      <types1:Tags>.agent:qfmig-iics-sa-prod-two,.anonymous</types1:Tags>
      <types1:VersionLabel>1.0</types1:VersionLabel>
      <types1:State>CURRENT</types1:State>
      <types1:ProcessGroup/>
      <types1:CreatedBy>AD15100_PRD</types1:CreatedBy>
      <types1:CreationDate>2022-08-03T22:49:38Z</types1:CreationDate>
      <types1:ModifiedBy>AD15100_PRD</types1:ModifiedBy>
      <types1:ModificationDate>2022-08-04T04:41:07Z</types1:ModificationDate>
      <types1:PublicationStatus>published</types1:PublicationStatus>
      <types1:PublishedBy>AD15100_PRD</types1:PublishedBy>
      <types1:PublicationDate>2022-08-04T04:41:14Z</types1:PublicationDate>
      <types1:PublishedContributionId>project:/spi.P_GCP_Staging_Execute_SQL_BRSPD-Prod/P_GCP_Staging_Execute_SQL_BRSPD-Prod.pd.xml</types1:PublishedContributionId>
      <types1:AutosaveExists>false</types1:AutosaveExists>
      <types1:Entry>
         <process xmlns="http://schemas.active-endpoints.com/appmodules/screenflow/2010/10/avosScreenflow.xsd"
                  xmlns:tfm="http://schemas.active-endpoints.com/appmodules/screenflow/2021/04/taskflowModel.xsd"
                  xmlns:list="urn:activevos:spi:list:functions"
                  displayName="P_GCP_Staging_Execute_SQL_BRSPD-Prod"
                  name="P_GCP_Staging_Execute_SQL_BRSPD-Prod"
                  overrideAPIName="false">
            <parameterSet xmlns="http://schemas.active-endpoints.com/appmodules/screenflow/2021/04/taskflowModel.xsd"/>
            <appliesTo/>
            <description>Execute SQL on Mysql Database on GCP</description>
            <tags>.agent:qfmig-iics-sa-prod-two,.anonymous</tags>
            <generator>Informatica Process Designer 11</generator>
            <input>
               <parameter description="SQL to Execute"
                          name="SQL"
                          required="true"
                          type="string">
                  <options>
                     <option name="required">false</option>
                  </options>
               </parameter>
            </input>
            <output>
               <field description="" name="resultset" type="objectlist">
                  <options>
                     <option name="referenceTo">$po:$any</option>
                     <option hide="true" name="multiSelect">true</option>
                     <option name="required">false</option>
                     <option name="isCopy">true</option>
                  </options>
               </field>
            </output>
            <notes/>
            <deployment suspendOnFault="false" tracingLevel="none">
               <targetLocation>qfmig-iics-sa-prod-two</targetLocation>
               <rest>
                  <allowAnonymousAccess/>
               </rest>
            </deployment>
            <flow id="a">
               <start id="b">
                  <link id="joh3hrfd" targetId="joh3hrfc"/>
               </start>
               <service id="joh3hrfc">
                  <title>ExecuteSQLStatement</title>
                  <serviceName>P_GCP_MySQL_DAS_Prod_BRSPD</serviceName>
                  <serviceGUID/>
                  <serviceInput>
                     <parameter name="SQLStatement" source="constant">{$input.SQL}</parameter>
                  </serviceInput>
                  <link id="joh3hrfm" targetId="joh3hrfl"/>
               </service>
               <assignment id="joh3hrfl">
                  <title>SetResponse</title>
                  <operation source="formula" to="output.resultset">
                     <expression language="XQuery">$output.Response//*:row</expression>
                  </operation>
                  <link id="joh3hrfn" targetId="c"/>
               </assignment>
               <end id="c"/>
            </flow>
         </process>
         <ns1:sample-data-sets xmlns:ns1="http://schemas.active-endpoints.com/appmodules/repository/2010/10/sampleData.xsd">
            <ns1:SampleData>
               <ns1:Id>b664e727-2c2b-4c83-b0d0-3135b986bc96</ns1:Id>
               <ns1:Name>test</ns1:Name>
               <ns1:CreatedBy>AD15100_PRD</ns1:CreatedBy>
               <ns1:CreationDate>2022-08-03T22:49:38Z</ns1:CreationDate>
               <ns1:ModifiedBy>AD15100_PRD</ns1:ModifiedBy>
               <ns1:ModificationDate>2022-08-03T22:49:38Z</ns1:ModificationDate>
               <ns1:Data format="json">{"SQL":"SELECT DTN FROM CUSTOMER_MIGRATION_STATUS WHERE DTN = '4072620959' "}</ns1:Data>
            </ns1:SampleData>
         </ns1:sample-data-sets>
      </types1:Entry>
      <types1:GUID>3uy5IbpG9xKgyMTqck2VmW</types1:GUID>
      <types1:DisplayName>P_GCP_Staging_Execute_SQL_BRSPD-Prod</types1:DisplayName>
   </types1:Item>
   <types1:CurrentServerDateTime>2022-12-16T04:08:13.14Z</types1:CurrentServerDateTime>
</aetgt:getResponse>
