<aetgt:getResponse xmlns:aetgt="http://schemas.active-endpoints.com/appmodules/repository/2010/10/avrepository.xsd"
                   xmlns:types1="http://schemas.active-endpoints.com/appmodules/repository/2010/10/avrepository.xsd">
   <types1:Item>
      <types1:EntryId>okfRLdqcgm8lnCm-gt-89596-2022-08-01T02:54:23.227Z::po.xml</types1:EntryId>
      <types1:Name>PO-Transform-QF-Lead-BRSPD</types1:Name>
      <types1:MimeType>application/xml+processobject</types1:MimeType>
      <types1:Description/>
      <types1:AppliesTo/>
      <types1:Tags/>
      <types1:VersionLabel>1.0</types1:VersionLabel>
      <types1:State>CURRENT</types1:State>
      <types1:ProcessGroup/>
      <types1:CreatedBy>AC83336_PRD</types1:CreatedBy>
      <types1:CreationDate>2022-08-01T02:54:23Z</types1:CreationDate>
      <types1:ModifiedBy>AD15119_PRD</types1:ModifiedBy>
      <types1:ModificationDate>2022-08-01T09:17:29Z</types1:ModificationDate>
      <types1:PublicationStatus>unpublished</types1:PublicationStatus>
      <types1:AutosaveExists>false</types1:AutosaveExists>
      <types1:Entry>
         <processObject xmlns="http://schemas.active-endpoints.com/appmodules/screenflow/2011/06/avosHostEnvironment.xsd"
                        displayName="PO-Transform-QF-Lead-BRSPD"
                        isByCopy="true"
                        name="PO-Transform-QF-Lead-BRSPD">
            <description/>
            <tags/>
            <detail>
               <field label="Agree_To_Migrate" name="Agree_To_Migrate" type="string"/>
               <field label="Customer_Address" name="Customer_Address" type="string"/>
               <field label="Customer_Place_ID" name="Customer_Place_ID" type="string"/>
               <field label="DTN" name="DTN" type="string"/>
               <field label="Email" name="Email" type="string"/>
               <field label="Email_Opt_In" name="Email_Opt_In" type="string"/>
               <field label="Gateway_Make" name="Gateway_Make" type="string"/>
               <field label="Gateway_Model" name="Gateway_Model" type="string"/>
               <field label="Gateway_Serial_No" name="Gateway_Serial_No" type="string"/>
               <field label="Gateway_Status" name="Gateway_Status" type="string"/>
               <field label="Gateway_Mac_Address"
                      name="Gateway_Mac_Address"
                      type="string"/>
               <field label="Gateway_Modem_Action"
                      name="Gateway_Modem_Action"
                      type="string"/>
               <field label="Lead_Owner" name="Lead_Owner" type="string"/>
               <field label="Lead_Record_Type" name="Lead_Record_Type" type="string"/>
               <field label="Lead_Customer_Type" name="Lead_Customer_Type" type="string"/>
               <field label="LegacySFID" name="LegacySFID" type="string"/>
               <field label="Migration_Date" name="Migration_Date" type="string"/>
               <field label="Mobile" name="Mobile" type="string"/>
               <field label="LastName" name="LastName" type="string"/>
               <field label="FirstName" name="FirstName" type="string"/>
               <field label="Phone" name="Phone" type="string"/>
               <field label="Price_For_Life" name="Price_For_Life" type="string"/>
               <field label="Quantum_FiberPricePlan"
                      name="Quantum_FiberPricePlan"
                      type="string"/>
               <field label="Quantum_FiberProduct"
                      name="Quantum_FiberProduct"
                      type="string"/>
               <field label="SMS_Opti_In" name="SMS_Opti_In" type="string"/>
               <field label="Title" name="Title" type="string"/>
               <field label="Valid_Email" name="Valid_Email" type="string"/>
               <field label="Legacy_Account_Number"
                      name="Legacy_Account_Number"
                      type="string"/>
               <field label="Current_Speed" name="Current_Speed" type="string"/>
               <field label="Current_Price" name="Current_Price" type="string"/>
               <field label="Voice_Y_N" name="Voice_Y_N" type="string"/>
               <field label="Copper_Y_N" name="Copper_Y_N" type="string"/>
               <field label="Leased_Purchased" name="Leased_Purchased" type="string"/>
               <field label="Billing_Cycle_Date" name="Billing_Cycle_Date" type="date"/>
               <field label="Sequence_No" name="Sequence_No" type="int"/>
               <field label="Active" name="Active" type="string"/>
               <field label="Last_Modified_Date" name="Last_Modified_Date" type="string"/>
               <field label="Last_Modified_By" name="Last_Modified_By" type="string"/>
               <field label="Error_Message" name="Error_Message" type="string"/>
               <field label="Success_Message" name="Success_Message" type="string"/>
               <field label="Legacy_Customer_Type"
                      name="Legacy_Customer_Type"
                      type="string"/>
               <field label="Legacy_billing_cycle_date"
                      name="Legacy_billing_cycle_date"
                      type="string"/>
               <field label="LEGACY_HSI_PRICE" name="LEGACY_HSI_PRICE" type="string"/>
               <field label="LEGACY_HSI_PRODUCT_CODE"
                      name="LEGACY_HSI_PRODUCT_CODE"
                      type="string"/>
               <field label="LEGACY_HSI_SERVICE_PLAN"
                      name="LEGACY_HSI_SERVICE_PLAN"
                      type="string"/>
               <field label="LEGACY_MODEM_PRICE" name="LEGACY_MODEM_PRICE" type="string"/>
               <field label="LEGACY_MODEM_PRODUCT_CODE"
                      name="LEGACY_MODEM_PRODUCT_CODE"
                      type="string"/>
               <field label="LEGACY_MODEM_PURCHASE_TYPE"
                      name="LEGACY_MODEM_PURCHASE_TYPE"
                      type="string"/>
               <field label="LEGACY_MODEM_SERVICE_PLAN"
                      name="LEGACY_MODEM_SERVICE_PLAN"
                      type="string"/>
               <field label="LEGACY_VOICE_PRICE" name="LEGACY_VOICE_PRICE" type="string"/>
               <field label="LEGACY_VOICE_PRODUCT_CODE"
                      name="LEGACY_VOICE_PRODUCT_CODE"
                      type="string"/>
               <field label="LEGACY_VOICE_SERVICE_PLAN"
                      name="LEGACY_VOICE_SERVICE_PLAN"
                      type="string"/>
               <field label="QUANTUM_FIBER_HSI_PRICE"
                      name="QUANTUM_FIBER_HSI_PRICE"
                      type="string"/>
               <field label="QUANTUM_FIBER_HSI_PRODUCT_CODE"
                      name="QUANTUM_FIBER_HSI_PRODUCT_CODE"
                      type="string"/>
               <field label="QUANTUM_FIBER_HSI_SERVICE_PLAN"
                      name="QUANTUM_FIBER_HSI_SERVICE_PLAN"
                      type="string"/>
               <field label="QUANTUM_FIBER_MODEM_PRICE"
                      name="QUANTUM_FIBER_MODEM_PRICE"
                      type="string"/>
               <field label="QUANTUM_FIBER_MODEM_PRODUCT_CODE"
                      name="QUANTUM_FIBER_MODEM_PRODUCT_CODE"
                      type="string"/>
               <field label="QUANTUM_FIBER_VOICE_PRICE"
                      name="QUANTUM_FIBER_VOICE_PRICE"
                      type="string"/>
               <field label="QUANTUM_FIBER_VOICE_PRODUCT_CODE"
                      name="QUANTUM_FIBER_VOICE_PRODUCT_CODE"
                      type="string"/>
               <field label="COMPANY" name="COMPANY" type="string"/>
               <field label="LEAD_SOURCE" name="LEAD_SOURCE" type="string"/>
               <field label="STREET" name="STREET" type="string"/>
               <field label="UNIT" name="UNIT" type="string"/>
               <field label="CITY" name="CITY" type="string"/>
               <field label="STATE" name="STATE" type="string"/>
               <field label="POSTAL_CODE" name="POSTAL_CODE" type="string"/>
               <field label="COUNTRY" name="COUNTRY" type="string"/>
               <field label="FIRST_NAME" name="FIRST_NAME" type="string"/>
               <field label="POLYGON_ID" name="POLYGON_ID" type="string"/>
               <field label="POLYGON_STATUS" name="POLYGON_STATUS" type="string"/>
               <field label="ESTIMATED_COMPLETION_DATE"
                      name="ESTIMATED_COMPLETION_DATE"
                      type="string"/>
               <field label="LATITUDE" name="LATITUDE" type="string"/>
               <field label="LONGITUDE" name="LONGITUDE" type="string"/>
               <field label="STATE_LONG" name="STATE_LONG" type="string"/>
               <field label="STATE_SHORT" name="STATE_SHORT" type="string"/>
               <field label="STREET_DIRECTION" name="STREET_DIRECTION" type="string"/>
               <field label="TRANSPORT_TYPE" name="TRANSPORT_TYPE" type="string"/>
               <field label="INSTALL_JOB_CODE" name="INSTALL_JOB_CODE" type="string"/>
               <field label="PRESELL" name="PRESELL" type="string"/>
               <field label="GUID" name="GUID" type="string"/>
               <field label="LEGACY_MODEM_PURCHASE_DATE"
                      name="LEGACY_MODEM_PURCHASE_DATE"
                      type="string"/>
               <field label="SUFFIX" name="SUFFIX" type="string"/>
            </detail>
         </processObject>
      </types1:Entry>
      <types1:GUID>45lXYUzt2T9lmQJdPmErK9</types1:GUID>
      <types1:DisplayName>PO-Transform-QF-Lead-BRSPD</types1:DisplayName>
   </types1:Item>
   <types1:CurrentServerDateTime>2022-12-02T08:26:06.112Z</types1:CurrentServerDateTime>
</aetgt:getResponse>
