<aetgt:getResponse xmlns:aetgt="http://schemas.active-endpoints.com/appmodules/repository/2010/10/avrepository.xsd"
                   xmlns:types1="http://schemas.active-endpoints.com/appmodules/repository/2010/10/avrepository.xsd">
   <types1:Item>
      <types1:EntryId>xWq9bdsreK8ZAZf-gt-194587-2022-08-10T00:44:50.384Z::conn.xml</types1:EntryId>
      <types1:Name>AC-OAuth-Access-Token-Prod-BRSPD-1</types1:Name>
      <types1:MimeType>application/xml+connection</types1:MimeType>
      <types1:Description>Application Connection for Oauth Token</types1:Description>
      <types1:AppliesTo/>
      <types1:Tags/>
      <types1:VersionLabel>1.0</types1:VersionLabel>
      <types1:State>CURRENT</types1:State>
      <types1:ProcessGroup/>
      <types1:CreatedBy>AD15119_PRD</types1:CreatedBy>
      <types1:CreationDate>2022-08-10T00:44:50Z</types1:CreationDate>
      <types1:ModifiedBy/>
      <types1:PublicationStatus>unpublished</types1:PublicationStatus>
      <types1:AutosaveExists>false</types1:AutosaveExists>
      <types1:Entry>
         <connection xmlns="http://schemas.informatica.com/socrates/data-services/2014/04/avosConnections.xsd"
                     displayName="AC-OAuth-Access-Token-Prod-BRSPD"
                     label="AC-OAuth-Access-Token-Prod-BRSPD"
                     name="AC-OAuth-Access-Token-Prod-BRSPD-1">
            <description>Application Connection for Oauth Token</description>
            <tags/>
            <agent/>
            <attributes>
               <attribute encrypted="false"
                          name="hostName"
                          value="centurylink-prod.apigee.net"/>
            </attributes>
            <businessConnector xmlns="http://schemas.informatica.com/appmodules/screenflow/2014/04/avosConnectors.xsd"
                               agentOnly="false"
                               connectorPath="project:/rt.connector/SC_Oauth_Access_Token_Prod_BRSPD/SC_Oauth_Access_Token_Prod_BRSPD_svcDef.xml"
                               guid="gh35TAwdym6jzBgKDO5ukn"
                               name="SC_Oauth_Access_Token_Prod_BRSPD-2"
                               supportsConnectionTest="false"
                               uuid="793f3bd4-731e-4a9e-94b4-c33d77d1bd1d">
               <description>This service connector generates access_token for IICS and Polygon API</description>
            </businessConnector>
         </connection>
      </types1:Entry>
      <types1:GUID>lnWHUZEaRGrcTHEDIS44ew</types1:GUID>
      <types1:DisplayName>AC-OAuth-Access-Token-Prod-BRSPD</types1:DisplayName>
   </types1:Item>
   <types1:CurrentServerDateTime>2023-05-19T15:06:10.841Z</types1:CurrentServerDateTime>
</aetgt:getResponse>
