<aetgt:getResponse xmlns:aetgt="http://schemas.active-endpoints.com/appmodules/repository/2010/10/avrepository.xsd"
                   xmlns:types1="http://schemas.active-endpoints.com/appmodules/repository/2010/10/avrepository.xsd">
   <types1:Item>
      <types1:EntryId>JmVEcjzREhNWIso-gt-194575-2022-08-10T00:44:48.567Z::conn.xml</types1:EntryId>
      <types1:Name>AC-PPP-Prepaid-Disconnect-BRSPD-2</types1:Name>
      <types1:MimeType>application/xml+connection</types1:MimeType>
      <types1:Description>PPP Application Connection</types1:Description>
      <types1:AppliesTo/>
      <types1:Tags>.agent:qfiicssaodc02-prod.corp.intranet</types1:Tags>
      <types1:VersionLabel>1.0</types1:VersionLabel>
      <types1:State>CURRENT</types1:State>
      <types1:ProcessGroup/>
      <types1:CreatedBy>AD15119_PRD</types1:CreatedBy>
      <types1:CreationDate>2022-08-10T00:44:49Z</types1:CreationDate>
      <types1:ModifiedBy/>
      <types1:PublicationStatus>unpublished</types1:PublicationStatus>
      <types1:AutosaveExists>false</types1:AutosaveExists>
      <types1:Entry>
         <connection xmlns="http://schemas.informatica.com/socrates/data-services/2014/04/avosConnections.xsd"
                     displayName="AC-PPP-Prepaid-Disconnect-BRSPD"
                     label="AC-PPP-Prepaid-Disconnect-BRSPD"
                     name="AC-PPP-Prepaid-Disconnect-BRSPD-2">
            <description>PPP Application Connection</description>
            <tags>.agent:qfiicssaodc02-prod.corp.intranet</tags>
            <agent>qfiicssaodc02-prod.corp.intranet</agent>
            <attributes>
               <attribute encrypted="false"
                          name="hostName"
                          value="ppp-ews-test1.test.intranet"/>
               <attribute encrypted="false"
                          name="UISessionId"
                          value="RACORAD26-SCAN.TEST.INTRANET"/>
               <attribute encrypted="false" name="AuthenticationId" value="ACCOUNT_DB_APP"/>
               <attribute encrypted="false" name="AuthenticationPassword" value="App_2017_At"/>
            </attributes>
            <businessConnector xmlns="http://schemas.informatica.com/appmodules/screenflow/2014/04/avosConnectors.xsd"
                               agentOnly="false"
                               connectorPath="project:/rt.connector/SC_PPP_Prepaid_Disconnect_BRSPD/SC_PPP_Prepaid_Disconnect_BRSPD_svcDef.xml"
                               guid="86S1VTk19KfduLcbGNVLog"
                               name="SC_PPP_Prepaid_Disconnect_BRSPD-1"
                               supportsConnectionTest="false"
                               uuid="e9484fad-18f7-4191-9824-bd867dcd1220">
               <description>PPP Api Connection</description>
            </businessConnector>
         </connection>
      </types1:Entry>
      <types1:GUID>a7LsmoPeoSpk4Dy82nfjWH</types1:GUID>
      <types1:DisplayName>AC-PPP-Prepaid-Disconnect-BRSPD</types1:DisplayName>
   </types1:Item>
   <types1:CurrentServerDateTime>2023-05-19T15:06:10.891Z</types1:CurrentServerDateTime>
</aetgt:getResponse>
