<aetgt:getResponse xmlns:aetgt="http://schemas.active-endpoints.com/appmodules/repository/2010/10/avrepository.xsd"
                   xmlns:types1="http://schemas.active-endpoints.com/appmodules/repository/2010/10/avrepository.xsd">
   <types1:Item>
      <types1:EntryId>yNnQMMnGbciZBpD-gt-90149-2022-08-01T02:54:36.395Z::pd.xml</types1:EntryId>
      <types1:Name>GetMyrna</types1:Name>
      <types1:MimeType>application/xml+process</types1:MimeType>
      <types1:Description/>
      <types1:AppliesTo/>
      <types1:Tags>.anonymous</types1:Tags>
      <types1:VersionLabel>1.0</types1:VersionLabel>
      <types1:State>CURRENT</types1:State>
      <types1:ProcessGroup/>
      <types1:CreatedBy>AC83336_PRD</types1:CreatedBy>
      <types1:CreationDate>2022-08-01T02:54:36Z</types1:CreationDate>
      <types1:ModifiedBy/>
      <types1:PublicationStatus>unpublished</types1:PublicationStatus>
      <types1:AutosaveExists>false</types1:AutosaveExists>
      <types1:Entry>
         <process xmlns="http://schemas.active-endpoints.com/appmodules/screenflow/2010/10/avosScreenflow.xsd"
                  xmlns:tfm="http://schemas.active-endpoints.com/appmodules/screenflow/2021/04/taskflowModel.xsd"
                  xmlns:list="urn:activevos:spi:list:functions"
                  displayName="GetMyrna"
                  name="GetMyrna"
                  overrideAPIName="false">
            <parameterSet xmlns="http://schemas.active-endpoints.com/appmodules/screenflow/2021/04/taskflowModel.xsd"/>
            <appliesTo/>
            <description/>
            <tags>.anonymous</tags>
            <generator>Informatica Process Designer 11</generator>
            <input>
               <parameter description="" name="EMPNAME" type="string">
                  <options>
                     <option name="required">false</option>
                  </options>
               </parameter>
            </input>
            <output>
               <field description="" name="results_EMP_connection" type="reference">
                  <options>
                     <option name="referenceTo">EMPconnection:EMPLOYEE_HJM</option>
                     <option name="required">false</option>
                     <option name="isCopy">true</option>
                     <option name="guid">5ICYTfP7OE5jnVfUb8PtSD</option>
                  </options>
               </field>
               <field description="" name="untitled4" type="reference">
                  <options>
                     <option name="referenceTo">$po:table2</option>
                     <option name="required">false</option>
                     <option name="isCopy">true</option>
                     <option name="guid">43yms4IuzsYiqOcYP6rQ8O</option>
                  </options>
               </field>
            </output>
            <notes/>
            <deployment suspendOnFault="false" tracingLevel="none">
               <rest>
                  <allowAnonymousAccess/>
               </rest>
            </deployment>
            <flow id="a">
               <start id="b">
                  <link id="l1g3ze7l" targetId="l1g1vwqw"/>
               </start>
               <assignment id="l1g1vwqw">
                  <title>GET</title>
                  <operation source="query" to="output.results_EMP_connection">
                     <query advanceQuery="false" from="EMPconnection:EMPLOYEE_HJM">
                        <where>EMPNAME = '{$input.EMPNAME}'</where>
                     </query>
                  </operation>
                  <link id="l1g3ze7s" targetId="l1g3ze7r"/>
               </assignment>
               <assignment id="l1g3ze7r">
                  <title>Assignment 1</title>
                  <link id="l1g3ze7t" targetId="c"/>
               </assignment>
               <end id="c"/>
            </flow>
         </process>
      </types1:Entry>
      <types1:GUID>2zybnIIFAagg4OntJRUiC7</types1:GUID>
      <types1:DisplayName>GetMyrna</types1:DisplayName>
   </types1:Item>
   <types1:CurrentServerDateTime>2023-05-19T15:09:19.307Z</types1:CurrentServerDateTime>
</aetgt:getResponse>
