<aetgt:getResponse xmlns:aetgt="http://schemas.active-endpoints.com/appmodules/repository/2010/10/avrepository.xsd"
                   xmlns:types1="http://schemas.active-endpoints.com/appmodules/repository/2010/10/avrepository.xsd">
   <types1:Item>
      <types1:EntryId>cgqRQciSrZMSPfX-gt-89680-2022-08-01T02:54:33Z::po.xml</types1:EntryId>
      <types1:Name>PO-PPP-Read-BRSPD</types1:Name>
      <types1:ParentFlowIds>3MYOuVGTiPZx1Xm-gt-89924-2022-08-01T03:39:17.875Z::pd.xml,7Np2vRES7FdpOfT-gt-91144-2022-08-01T02:54:52.941Z::pd.xml,jtycotFgpKi9zhF-gt-199255-2022-08-10T01:46:17.152Z::pd.xml,kVNKSmvD4teIssj-gt-357637-2022-08-18T07:53:17.166Z::pd.xml,qAhrswVYx8R8WrY-gt-214354-2022-08-11T06:57:08.272Z::pd.xml,TnRpB7O2htghGZ5-gt-89507-2022-08-01T02:54:53.729Z::pd.xml,ya-gt-271343-2022-08-22T08:38:29.387Z::pd.xml</types1:ParentFlowIds>
      <types1:MimeType>application/xml+processobject</types1:MimeType>
      <types1:Description>For PPP read process object</types1:Description>
      <types1:AppliesTo/>
      <types1:Tags/>
      <types1:VersionLabel>1.0</types1:VersionLabel>
      <types1:State>CURRENT</types1:State>
      <types1:ProcessGroup/>
      <types1:CreatedBy>AC83336_PRD</types1:CreatedBy>
      <types1:CreationDate>2022-08-01T02:54:33Z</types1:CreationDate>
      <types1:ModifiedBy>AD15119_PRD</types1:ModifiedBy>
      <types1:ModificationDate>2022-08-01T09:16:59Z</types1:ModificationDate>
      <types1:PublicationStatus>unpublished</types1:PublicationStatus>
      <types1:AutosaveExists>false</types1:AutosaveExists>
      <types1:Entry>
         <processObject xmlns="http://schemas.active-endpoints.com/appmodules/screenflow/2011/06/avosHostEnvironment.xsd"
                        displayName="PO-PPP-Read-BRSPD"
                        isByCopy="true"
                        name="PO-PPP-Read-BRSPD">
            <description>For PPP read process object</description>
            <tags/>
            <detail>
               <field label="AccountNumber"
                      name="AccountNumber"
                      nullable="true"
                      required="false"
                      type="string"/>
               <field label="ID"
                      name="ID"
                      nullable="true"
                      required="false"
                      type="string"/>
               <field label="Name"
                      name="Name"
                      nullable="true"
                      required="false"
                      type="string"/>
               <field label="Service_Addresses"
                      name="Service_Addresses"
                      nullable="true"
                      required="false"
                      type="string"/>
               <field label="Current_Bill_Due_Date"
                      name="Current_Bill_Due_Date"
                      nullable="true"
                      required="false"
                      type="date"/>
               <field label="Billing_Method_Source"
                      name="Billing_Method_Source"
                      nullable="true"
                      required="false"
                      type="string"/>
               <field label="Billing_Source"
                      name="Billing_Source"
                      nullable="true"
                      required="false"
                      type="string"/>
               <field label="Default_Service_Address"
                      name="Default_Service_Address"
                      nullable="true"
                      required="false"
                      type="string"/>
               <field label="Billling_Cycle"
                      name="Billling_Cycle"
                      nullable="true"
                      required="false"
                      type="string"/>
               <field label="Valid_Email"
                      name="Valid_Email"
                      nullable="true"
                      required="false"
                      type="string"/>
               <field label="Email"
                      name="Email"
                      nullable="true"
                      required="false"
                      type="string"/>
               <field label="Billing_Cycle_Date"
                      name="Billing_Cycle_Date"
                      nullable="true"
                      required="false"
                      type="date"/>
               <field label="Contact_Number"
                      name="Contact_Number"
                      nullable="true"
                      required="false"
                      type="string"/>
               <field label="State"
                      name="State"
                      nullable="true"
                      required="false"
                      type="string"/>
            </detail>
         </processObject>
      </types1:Entry>
      <types1:GUID>0yoD5LVlATzeBu47h7dByP</types1:GUID>
      <types1:DisplayName>PO-PPP-Read-BRSPD</types1:DisplayName>
   </types1:Item>
   <types1:CurrentServerDateTime>2023-01-13T05:44:39.84Z</types1:CurrentServerDateTime>
</aetgt:getResponse>
