<aetgt:getResponse xmlns:aetgt="http://schemas.active-endpoints.com/appmodules/repository/2010/10/avrepository.xsd"
                   xmlns:types1="http://schemas.active-endpoints.com/appmodules/repository/2010/10/avrepository.xsd">
   <types1:Item>
      <types1:EntryId>yS24FsWTzIf6riX-gt-86010-2022-06-20T08:40:23.96Z::po.xml</types1:EntryId>
      <types1:Name>PO-CustStatus-Address</types1:Name>
      <types1:MimeType>application/xml+processobject</types1:MimeType>
      <types1:Description>Customer Status Address Fields</types1:Description>
      <types1:AppliesTo/>
      <types1:Tags/>
      <types1:VersionLabel>1.0</types1:VersionLabel>
      <types1:State>CURRENT</types1:State>
      <types1:ProcessGroup/>
      <types1:CreatedBy>AC81234_PRD</types1:CreatedBy>
      <types1:CreationDate>2022-06-20T08:40:24Z</types1:CreationDate>
      <types1:ModifiedBy/>
      <types1:PublicationStatus>unpublished</types1:PublicationStatus>
      <types1:AutosaveExists>false</types1:AutosaveExists>
      <types1:Entry>
         <processObject xmlns="http://schemas.active-endpoints.com/appmodules/screenflow/2011/06/avosHostEnvironment.xsd"
                        displayName="PO-CustStatus-Address"
                        isByCopy="true"
                        name="PO-CustStatus-Address">
            <description>Customer Status Address Fields</description>
            <tags/>
            <detail>
               <field label="CentralOffice" name="CentralOffice" type="string"/>
               <field label="House" name="House" type="string"/>
               <field label="HouseSuffix" name="HouseSuffix" type="string"/>
               <field label="Street" name="Street" type="string"/>
               <field label="PreDirectionalCode" name="PreDirectionalCode" type="string"/>
               <field label="PostDirectionalCode"
                      name="PostDirectionalCode"
                      type="string"/>
               <field label="Location" name="Location" type="string"/>
               <field label="StreetSuffix" name="StreetSuffix" type="string"/>
               <field label="Community" name="Community" type="string"/>
               <field label="ProvState" name="ProvState" type="string"/>
               <field label="PostalZip" name="PostalZip" type="string"/>
               <field label="Latitude" name="Latitude" type="double"/>
               <field label="Longitude" name="Longitude" type="double"/>
            </detail>
         </processObject>
      </types1:Entry>
      <types1:GUID>55WhcRGlWlkiTeUVA4VyAY</types1:GUID>
      <types1:DisplayName>PO-CustStatus-Address</types1:DisplayName>
   </types1:Item>
   <types1:CurrentServerDateTime>2022-09-02T08:23:16.672Z</types1:CurrentServerDateTime>
</aetgt:getResponse>
