<aetgt:getResponse xmlns:aetgt="http://schemas.active-endpoints.com/appmodules/repository/2010/10/avrepository.xsd"
                   xmlns:types1="http://schemas.active-endpoints.com/appmodules/repository/2010/10/avrepository.xsd">
   <types1:Item>
      <types1:EntryId>wq9bdsreK8ZAZf5-gt-90457-2022-08-01T07:24:45.364Z::conn.xml</types1:EntryId>
      <types1:Name>AC-BMOM-Disconnect-BRSPD</types1:Name>
      <types1:ParentFlowIds>xXlQNOQoVVVVVVV-gt-91156-2022-08-01T02:54:53.371Z::pd.xml</types1:ParentFlowIds>
      <types1:MimeType>application/xml+connection</types1:MimeType>
      <types1:Description>Disconnect Account on BMOM</types1:Description>
      <types1:AppliesTo/>
      <types1:Tags>.agent:qfiicssaodc02-prod.corp.intranet</types1:Tags>
      <types1:VersionLabel>1.0</types1:VersionLabel>
      <types1:State>CURRENT</types1:State>
      <types1:ProcessGroup/>
      <types1:CreatedBy>AD15100_PRD</types1:CreatedBy>
      <types1:CreationDate>2022-08-01T07:24:45Z</types1:CreationDate>
      <types1:ModifiedBy>AD15119_PRD</types1:ModifiedBy>
      <types1:ModificationDate>2022-08-01T08:39:34Z</types1:ModificationDate>
      <types1:PublicationStatus>published</types1:PublicationStatus>
      <types1:PublishedBy>AD15119_PRD</types1:PublishedBy>
      <types1:PublicationDate>2022-08-01T08:39:47Z</types1:PublicationDate>
      <types1:PublishedContributionId>project:/rt.connection/AC-BMOM-Disconnect-BRSPD/AC-BMOM-Disconnect-BRSPD.conn.xml</types1:PublishedContributionId>
      <types1:AutosaveExists>false</types1:AutosaveExists>
      <types1:Entry>
         <connection xmlns="http://schemas.informatica.com/socrates/data-services/2014/04/avosConnections.xsd"
                     displayName="AC-BMOM-Disconnect-BRSPD"
                     label="AC-BMOM-Disconnect-BRSPD"
                     name="AC-BMOM-Disconnect-BRSPD">
            <description>Disconnect Account on BMOM</description>
            <tags>.agent:qfiicssaodc02-prod.corp.intranet</tags>
            <agent>qfiicssaodc02-prod.corp.intranet</agent>
            <attributes>
               <attribute encrypted="false" name="hostName" value="api-test1.lumen.com"/>
               <attribute encrypted="true" name="apiKey" value=""/>
               <attribute encrypted="true" name="apiSecret" value=""/>
            </attributes>
            <businessConnector xmlns="http://schemas.informatica.com/appmodules/screenflow/2014/04/avosConnectors.xsd"
                               agentOnly="false"
                               connectorPath="project:/rt.connector/SC_BMOM_Disconnect_BRSPD/SC_BMOM_Disconnect_BRSPD_svcDef.xml"
                               guid="738X8Gxunxybb6UUxr3Kmj"
                               name="SC_BMOM_Disconnect_BRSPD"
                               supportsConnectionTest="false"
                               uuid="e6655b4b-cd0a-413f-9d04-3ff098015988">
               <description>Disconnect on BMOM System</description>
            </businessConnector>
         </connection>
      </types1:Entry>
      <types1:GUID>3zzwDaQEUYvj3gElOzxx4U</types1:GUID>
      <types1:DisplayName>AC-BMOM-Disconnect-BRSPD</types1:DisplayName>
   </types1:Item>
   <types1:CurrentServerDateTime>2022-08-12T09:01:18.393Z</types1:CurrentServerDateTime>
</aetgt:getResponse>
