<aetgt:getResponse xmlns:aetgt="http://schemas.active-endpoints.com/appmodules/repository/2010/10/avrepository.xsd"
                   xmlns:types1="http://schemas.active-endpoints.com/appmodules/repository/2010/10/avrepository.xsd">
   <types1:Item>
      <types1:EntryId>0EK2D86CjqFVNN5-gt-146484-2022-08-03T22:49:41.992Z::conn.xml</types1:EntryId>
      <types1:Name>AC-MySQL-LumenStagingDB-MainLeadLoad-BRSPD-Prod</types1:Name>
      <types1:ParentFlowIds>IlRkPUEbfV3HRvs-gt-118801-2022-08-04T03:54:35.558Z::pd.xml</types1:ParentFlowIds>
      <types1:MimeType>application/xml+connection</types1:MimeType>
      <types1:Description/>
      <types1:AppliesTo/>
      <types1:Tags>.agent:qfmig-iics-sa-prod-two</types1:Tags>
      <types1:VersionLabel>1.0</types1:VersionLabel>
      <types1:State>CURRENT</types1:State>
      <types1:ProcessGroup/>
      <types1:CreatedBy>AD15100_PRD</types1:CreatedBy>
      <types1:CreationDate>2022-08-03T22:49:42Z</types1:CreationDate>
      <types1:ModifiedBy>AD15100_PRD</types1:ModifiedBy>
      <types1:ModificationDate>2022-08-04T03:21:24Z</types1:ModificationDate>
      <types1:PublicationStatus>unpublished</types1:PublicationStatus>
      <types1:AutosaveExists>false</types1:AutosaveExists>
      <types1:Entry>
         <connection xmlns="http://schemas.informatica.com/socrates/data-services/2014/04/avosConnections.xsd"
                     displayName="AC-MySQL-LumenStagingDB-MainLeadLoad-BRSPD-Prod"
                     label="AC-MySQL-LumenStagingDB-MainLeadLoad-BRSPD-Prod"
                     name="AC-MySQL-LumenStagingDB-MainLeadLoad-BRSPD-Prod">
            <description/>
            <tags>.agent:qfmig-iics-sa-prod-two</tags>
            <agent>qfmig-iics-sa-prod-two</agent>
            <attributes>
               <attribute encrypted="false"
                          name="JDBC Connection URL"
                          value="jdbc:mysql://34.70.95.3:3306/LumenStagingDB?allowPublicKeyRetrieval=true&amp;useSSL=false"/>
               <attribute encrypted="false"
                          name="JDBC Jar Directory"
                          value="/home/otep_lim/infaagent/apps/process-engine/ext/BRPD"/>
               <attribute encrypted="false" name="JDBC Driver Class Name" value=""/>
               <attribute encrypted="false" name="Schema" value="LumenStagingDB"/>
               <attribute encrypted="false" name="Username" value="iics_writer"/>
               <attribute encrypted="true" name="Password" value=""/>
               <attribute encrypted="false"
                          name="Object Filter"
                          value="CUSTOMER_MIGRATION_STATUS_BRSPD ,  QF_LEAD_STG_BRSPD,  PPP_Pricing_table,  IICS_PROCESS_STATS_BRSPD ,  POLYGON_API_VALUES, MODEM_SCAN_RESULT,  PPP_DB_EXTRACT_OPTIN,  ENS_DB_EXTRACT_OPTIN_BPSD,  ENS_PRICING_EXTRACT_OPTIN_BPSD"/>
               <attribute encrypted="false" name="TimeZone" value="Default"/>
               <attribute encrypted="false" name="$read-Isolation Level" value="None"/>
               <attribute encrypted="false"
                          name="$read-Override Isolation Level"
                          value="false"/>
               <attribute encrypted="false" name="$write-Number of retries" value="5"/>
               <attribute encrypted="false" name="$write-Retry wait period" value="3"/>
            </attributes>
            <javaConnector xmlns="http://schemas.informatica.com/appmodules/screenflow/2014/04/avosConnectors.xsd"
                           agentOnly="true"
                           plugin="ICS"
                           supportsConnectionTest="true"
                           supportsDataPreview="true"
                           supportsOData="true"
                           supportsPublishSkipMetadataRefresh="true"
                           type="GenericJDBCAdapter"
                           uuid="33ec8fc7-dc6d-4d2e-9f6f-a950669a62d1">
               <description>JDBC  Generic Cloud Adapter</description>
            </javaConnector>
         </connection>
      </types1:Entry>
      <types1:GUID>acrKEYx3buUgJNeOHPlTI0</types1:GUID>
      <types1:DisplayName>AC-MySQL-LumenStagingDB-MainLeadLoad-BRSPD-Prod</types1:DisplayName>
   </types1:Item>
   <types1:CurrentServerDateTime>2022-12-16T04:08:12.52Z</types1:CurrentServerDateTime>
</aetgt:getResponse>
