<aetgt:getResponse xmlns:aetgt="http://schemas.active-endpoints.com/appmodules/repository/2010/10/avrepository.xsd"
                   xmlns:types1="http://schemas.active-endpoints.com/appmodules/repository/2010/10/avrepository.xsd">
   <types1:Item>
      <types1:EntryId>du6zqzm5Y6tMFyg-gt-89355-2022-08-01T02:54:25.057Z::po.xml</types1:EntryId>
      <types1:Name>PO-BRSP</types1:Name>
      <types1:ParentFlowIds>7yV4AdypKwKBqRi-gt-91098-2022-08-01T02:54:38.945Z::pd.xml</types1:ParentFlowIds>
      <types1:MimeType>application/xml+processobject</types1:MimeType>
      <types1:Description/>
      <types1:AppliesTo/>
      <types1:Tags/>
      <types1:VersionLabel>1.0</types1:VersionLabel>
      <types1:State>CURRENT</types1:State>
      <types1:ProcessGroup/>
      <types1:CreatedBy>AC83336_PRD</types1:CreatedBy>
      <types1:CreationDate>2022-08-01T02:54:25Z</types1:CreationDate>
      <types1:ModifiedBy/>
      <types1:PublicationStatus>unpublished</types1:PublicationStatus>
      <types1:AutosaveExists>false</types1:AutosaveExists>
      <types1:Entry>
         <processObject xmlns="http://schemas.active-endpoints.com/appmodules/screenflow/2011/06/avosHostEnvironment.xsd"
                        displayName="PO-BRSP"
                        isByCopy="true"
                        name="PO-BRSP">
            <description/>
            <tags/>
            <detail>
               <field label="Order_Start_Date"
                      name="Order_Start_Date"
                      nullable="true"
                      required="false"
                      type="date"/>
               <field label="Status"
                      name="Status"
                      nullable="true"
                      required="false"
                      type="string"/>
               <field label="Contract_Number"
                      name="Contract_Number"
                      nullable="true"
                      required="false"
                      type="int"/>
               <field label="Account_Name"
                      name="Account_Name"
                      nullable="false"
                      required="true"
                      type="string"/>
               <field label="Order"
                      name="Order"
                      nullable="true"
                      required="false"
                      type="string"/>
               <field label="Address"
                      name="Address"
                      nullable="true"
                      required="false"
                      type="string"/>
               <field label="Contact"
                      name="Contact"
                      nullable="true"
                      required="false"
                      type="string"/>
               <field label="AccountBrand"
                      name="Account_Brand"
                      nullable="true"
                      required="false"
                      type="string"/>
            </detail>
         </processObject>
      </types1:Entry>
      <types1:GUID>5lXnO16pEGZctlHCA5W5MY</types1:GUID>
      <types1:DisplayName>PO-BRSP</types1:DisplayName>
   </types1:Item>
   <types1:CurrentServerDateTime>2023-01-23T06:07:15.885Z</types1:CurrentServerDateTime>
</aetgt:getResponse>
