<aetgt:getResponse xmlns:aetgt="http://schemas.active-endpoints.com/appmodules/repository/2010/10/avrepository.xsd"
                   xmlns:types1="http://schemas.active-endpoints.com/appmodules/repository/2010/10/avrepository.xsd">
   <types1:Item>
      <types1:EntryId>RuuB3uopz4KhPVE-gt-194654-2022-08-10T00:45:14.702Z::po.xml</types1:EntryId>
      <types1:Name>PO-PPP-Pricing-BRSPD-2</types1:Name>
      <types1:MimeType>application/xml+processobject</types1:MimeType>
      <types1:Description/>
      <types1:AppliesTo/>
      <types1:Tags/>
      <types1:VersionLabel>1.0</types1:VersionLabel>
      <types1:State>CURRENT</types1:State>
      <types1:ProcessGroup/>
      <types1:CreatedBy>AD15119_PRD</types1:CreatedBy>
      <types1:CreationDate>2022-08-10T00:45:15Z</types1:CreationDate>
      <types1:ModifiedBy/>
      <types1:PublicationStatus>unpublished</types1:PublicationStatus>
      <types1:AutosaveExists>false</types1:AutosaveExists>
      <types1:Entry>
         <processObject xmlns="http://schemas.active-endpoints.com/appmodules/screenflow/2011/06/avosHostEnvironment.xsd"
                        displayName="PO-PPP-Pricing-BRSPD"
                        isByCopy="true"
                        name="PO-PPP-Pricing-BRSPD-2">
            <description/>
            <tags/>
            <detail>
               <field label="﻿ACCOUNT_ID" name="ACCOUNT_ID" type="string"/>
               <field label="PFL_CHECKBOX" name="PFL_CHECKBOX" type="string"/>
               <field label="Legacy_HSI_Service_Plan_c"
                      name="Legacy_HSI_Service_Plan_c"
                      type="string"/>
               <field label="OFFER_START_DATE" name="OFFER_START_DATE" type="string"/>
               <field label="Legacy_HSI_Price_c" name="Legacy_HSI_Price_c" type="int"/>
               <field label="Legacy_HSI_Product_Code_c"
                      name="Legacy_HSI_Product_Code_c"
                      type="string"/>
               <field label="Quantum_Fiber_HSI_Service_Plan_c"
                      name="Quantum_Fiber_HSI_Service_Plan_c"
                      type="string"/>
               <field label="Quantum_Fiber_HSI_Price_c"
                      name="Quantum_Fiber_HSI_Price_c"
                      type="int"/>
               <field label="Quantum_Fiber_HSI_Product_Code_c"
                      name="Quantum_Fiber_HSI_Product_Code_c"
                      type="string"/>
               <field label="Legacy_Modem_Price_c" name="Legacy_Modem_Price_c" type="int"/>
               <field label="Legacy_Modem_Purchase_Type_c"
                      name="Legacy_Modem_Purchase_Type_c"
                      type="string"/>
               <field label="Legacy_Modem_Product_Code_c"
                      name="Legacy_Modem_Product_Code_c"
                      type="string"/>
               <field label="Quantum_Fiber_Modem_Purchase_Type_c"
                      name="Quantum_Fiber_Modem_Purchase_Type_c"
                      type="string"/>
               <field label="Quantum_Fiber_Modem_Price_c"
                      name="Quantum_Fiber_Modem_Price_c"
                      type="int"/>
               <field label="Quantum_Fiber_Modem_Product_Code_c"
                      name="Quantum_Fiber_Modem_Product_Code_c"
                      type="string"/>
               <field label="Legacy_Voice_Product_Code_c"
                      name="Legacy_Voice_Product_Code_c"
                      type="string"/>
               <field label="Legacy_Voice_Price_c"
                      name="Legacy_Voice_Price_c"
                      type="string"/>
               <field label="Quantum_Fiber_Voice_Product_Code"
                      name="Quantum_Fiber_Voice_Product_Code"
                      type="string"/>
               <field label="Quantum_Fiber_Voice_Price_c"
                      name="Quantum_Fiber_Voice_Price_c"
                      type="string"/>
               <field label="FIRST_NAME" name="FIRST_NAME" type="string"/>
               <field label="LAST_NAME" name="LAST_NAME" type="string"/>
               <field label="legacy_hsi_product_number"
                      name="legacy_hsi_product_number"
                      type="string"/>
            </detail>
         </processObject>
      </types1:Entry>
      <types1:GUID>3Fkj7uEWE27fVcTP5Q4gGZ</types1:GUID>
      <types1:DisplayName>PO-PPP-Pricing-BRSPD</types1:DisplayName>
   </types1:Item>
   <types1:CurrentServerDateTime>2022-12-02T08:26:06.656Z</types1:CurrentServerDateTime>
</aetgt:getResponse>
