<aetgt:getResponse xmlns:aetgt="http://schemas.active-endpoints.com/appmodules/repository/2010/10/avrepository.xsd"
                   xmlns:types1="http://schemas.active-endpoints.com/appmodules/repository/2010/10/avrepository.xsd">
   <types1:Item>
      <types1:EntryId>drHMUvIw8jIw8jI-gt-198738-2022-08-10T00:45:19.052Z::conn.xml</types1:EntryId>
      <types1:Name>AC-DAS-GCP-BRSPD-1</types1:Name>
      <types1:MimeType>application/xml+connection</types1:MimeType>
      <types1:Description/>
      <types1:AppliesTo/>
      <types1:Tags>.agent:qfmig-iics-sa-prod-two</types1:Tags>
      <types1:VersionLabel>1.0</types1:VersionLabel>
      <types1:State>CURRENT</types1:State>
      <types1:ProcessGroup/>
      <types1:CreatedBy>AD15119_PRD</types1:CreatedBy>
      <types1:CreationDate>2022-08-10T00:45:19Z</types1:CreationDate>
      <types1:ModifiedBy/>
      <types1:PublicationStatus>unpublished</types1:PublicationStatus>
      <types1:AutosaveExists>false</types1:AutosaveExists>
      <types1:Entry>
         <connection xmlns="http://schemas.informatica.com/socrates/data-services/2014/04/avosConnections.xsd"
                     displayName="AC-DAS-GCP-BRSPD"
                     label="AC-DAS-GCP-BRSPD"
                     name="AC-DAS-GCP-BRSPD-1">
            <description/>
            <tags>.agent:qfmig-iics-sa-prod-two</tags>
            <agent>qfmig-iics-sa-prod-two</agent>
            <attributes>
               <attribute encrypted="false" name="driver" value="com.mysql.jdbc.Driver"/>
               <attribute encrypted="false"
                          name="jdbcUrl"
                          value="jdbc:mysql://34.70.95.3:3306/LumenStagingDB?allowPublicKeyRetrieval=true&amp;useSSL=false"/>
               <attribute encrypted="false" name="username" value="iics_writer"/>
               <attribute encrypted="true" name="password" value=""/>
               <attribute encrypted="false" name="initialSize" value=""/>
               <attribute encrypted="false" name="maxActive" value=""/>
               <attribute encrypted="false" name="minIdle" value=""/>
               <attribute encrypted="false" name="maxIdle" value=""/>
               <attribute encrypted="false" name="maxWait" value=""/>
               <attribute encrypted="false" name="defaultTransactionIsolation" value=""/>
               <attribute encrypted="false" name="minEvictableIdleTimeMillis" value=""/>
               <attribute encrypted="false" name="numTestsPerEvictionRun" value=""/>
               <attribute encrypted="false" name="testOnBorrow" value=""/>
               <attribute encrypted="false" name="testOnReturn" value=""/>
               <attribute encrypted="false" name="testWhileIdle" value=""/>
               <attribute encrypted="false" name="validationQuery" value=""/>
            </attributes>
            <businessConnector xmlns="http://schemas.informatica.com/appmodules/screenflow/2014/04/avosConnectors.xsd"
                               agentOnly="true"
                               connectorPath="project:/rt.connector/SC_DAS_GCP_BRSPD/SC_DAS_GCP_BRSPD_svcDef.xml"
                               guid="73tMxOdCF3kej86qTcPjAq"
                               name="SC_DAS_GCP_BRSPD-1"
                               plugin="DAS"
                               supportsConnectionTest="true"
                               uuid="36a95cee-cc6c-4de8-b1e6-c3fe64100fd8">
               <description/>
            </businessConnector>
         </connection>
      </types1:Entry>
      <types1:GUID>6OE8zYn5G4pl14Xml3442N</types1:GUID>
      <types1:DisplayName>AC-DAS-GCP-BRSPD</types1:DisplayName>
   </types1:Item>
   <types1:CurrentServerDateTime>2022-08-26T04:35:38.697Z</types1:CurrentServerDateTime>
</aetgt:getResponse>
