<aetgt:getResponse xmlns:aetgt="http://schemas.active-endpoints.com/appmodules/repository/2010/10/avrepository.xsd"
                   xmlns:types1="http://schemas.active-endpoints.com/appmodules/repository/2010/10/avrepository.xsd">
   <types1:Item>
      <types1:EntryId>fSTu0kMVX3cjk91-gt-146508-2022-08-03T22:49:47.084Z::conn.xml</types1:EntryId>
      <types1:Name>BRSP-SalesForce-1</types1:Name>
      <types1:MimeType>application/xml+connection</types1:MimeType>
      <types1:Description/>
      <types1:AppliesTo/>
      <types1:Tags/>
      <types1:VersionLabel>1.0</types1:VersionLabel>
      <types1:State>CURRENT</types1:State>
      <types1:ProcessGroup/>
      <types1:CreatedBy>AD15100_PRD</types1:CreatedBy>
      <types1:CreationDate>2022-08-03T22:49:47Z</types1:CreationDate>
      <types1:ModifiedBy/>
      <types1:PublicationStatus>unpublished</types1:PublicationStatus>
      <types1:AutosaveExists>false</types1:AutosaveExists>
      <types1:Entry>
         <connection xmlns="http://schemas.informatica.com/socrates/data-services/2014/04/avosConnections.xsd"
                     displayName="BRSP-SalesForce"
                     label="BRSP-SalesForce"
                     name="BRSP-SalesForce-1">
            <description/>
            <tags/>
            <agent/>
            <attributes/>
            <soaConnector xmlns="http://schemas.informatica.com/appmodules/screenflow/2014/04/avosConnectors.xsd"
                          connectorPath="project:/com.activevos.cumulus.cloud.extend.playbook.configuration/config/sfConnector.xml"
                          name="Salesforce"
                          supportsConnectionTest="true"
                          supportsOData="true"
                          uuid="05fc48f1-e6e1-441b-b700-bac396ca2ed1">
               <description>Salesforce.com SOA based data connector.</description>
            </soaConnector>
            <authentication type="$infa_oauth2-authorization_code">
               <attributes>
                  <attribute encrypted="false"
                             name="authUrl"
                             value="https://test.salesforce.com/services/oauth2/authorize"/>
                  <attribute encrypted="false"
                             name="tokenUrl"
                             value="https://test.salesforce.com/services/oauth2/token"/>
                  <attribute encrypted="false"
                             name="clientId"
                             value="3MVG9xOCXq4ID1uGLcy3DpgY477aDNaEoBicuOmIXFK5e3RLtboke4OmR0RanYBcnnFTUbV4iEJ7BW9PdXODd"/>
                  <attribute encrypted="true" name="clientSecret" value=""/>
                  <attribute encrypted="false" name="sessionDuration" value="60"/>
               </attributes>
            </authentication>
         </connection>
      </types1:Entry>
      <types1:GUID>cG6kdXPwfKWdCEwtxRof4A</types1:GUID>
      <types1:DisplayName>BRSP-SalesForce</types1:DisplayName>
   </types1:Item>
   <types1:CurrentServerDateTime>2022-11-04T14:37:53.551Z</types1:CurrentServerDateTime>
</aetgt:getResponse>
