<aetgt:getResponse xmlns:aetgt="http://schemas.active-endpoints.com/appmodules/repository/2010/10/avrepository.xsd"
                   xmlns:types1="http://schemas.active-endpoints.com/appmodules/repository/2010/10/avrepository.xsd">
   <types1:Item>
      <types1:EntryId>ME3mY6pkTjFIMeI-gt-146377-2022-08-03T22:49:13.628Z::pd.xml</types1:EntryId>
      <types1:Name>CUSTOMER_MIGRATION_4QA-1</types1:Name>
      <types1:MimeType>application/xml+process</types1:MimeType>
      <types1:Description/>
      <types1:AppliesTo/>
      <types1:Tags>.anonymous</types1:Tags>
      <types1:VersionLabel>1.0</types1:VersionLabel>
      <types1:State>CURRENT</types1:State>
      <types1:ProcessGroup/>
      <types1:CreatedBy>AD15100_PRD</types1:CreatedBy>
      <types1:CreationDate>2022-08-03T22:49:14Z</types1:CreationDate>
      <types1:ModifiedBy/>
      <types1:PublicationStatus>unpublished</types1:PublicationStatus>
      <types1:AutosaveExists>false</types1:AutosaveExists>
      <types1:Entry>
         <process xmlns="http://schemas.active-endpoints.com/appmodules/screenflow/2010/10/avosScreenflow.xsd"
                  xmlns:tfm="http://schemas.active-endpoints.com/appmodules/screenflow/2021/04/taskflowModel.xsd"
                  xmlns:list="urn:activevos:spi:list:functions"
                  displayName="CUSTOMER_MIGRATION_4QA"
                  name="CUSTOMER_MIGRATION_4QA-1"
                  overrideAPIName="false">
            <parameterSet xmlns="http://schemas.active-endpoints.com/appmodules/screenflow/2021/04/taskflowModel.xsd"/>
            <appliesTo/>
            <description/>
            <tags>.anonymous</tags>
            <generator>Informatica Process Designer 11</generator>
            <input>
               <parameter description="" name="DTN" type="string">
                  <options>
                     <option name="required">false</option>
                  </options>
               </parameter>
            </input>
            <output>
               <field description="" name="Output_Get_Api" type="reference">
                  <options>
                     <option name="referenceTo">AC-CUSTOMER-MIGRATION-STATUS-JJG-032822-2:CUSTOMER_MIGRATION_STATUS_JJG_032822</option>
                     <option name="required">false</option>
                     <option name="guid">dMvMP61G6WUi5OF6gDiyWW</option>
                  </options>
               </field>
               <field description="" name="Output_PO" type="reference">
                  <options>
                     <option name="referenceTo">$po:PObrsp-1</option>
                     <option name="required">false</option>
                     <option name="isCopy">true</option>
                     <option name="guid">7Z6ei65ymahdsMuaQiczQa</option>
                  </options>
               </field>
            </output>
            <notes/>
            <deployment suspendOnFault="false" tracingLevel="none">
               <rest>
                  <allowAnonymousAccess/>
               </rest>
            </deployment>
            <flow id="a">
               <start id="b">
                  <link id="l1bicupi" targetId="l1bicuph"/>
               </start>
               <assignment id="l1bicuph">
                  <title>ASSIGNMENT_GET</title>
                  <operation source="query" to="output.Output_Get_Api">
                     <query advanceQuery="false"
                            from="AC-CUSTOMER-MIGRATION-STATUS-JJG-032822-1:CUSTOMER_MIGRATION_STATUS_JJG_032822">
                        <where>DTN = '{$input.DTN}'</where>
                     </query>
                  </operation>
                  <link id="l1bxsqe1" targetId="l1bxsqe0"/>
               </assignment>
               <assignment id="l1bxsqe0">
                  <title>ASSIGNMENT_OUTPUT</title>
                  <operation source="field" to="output.Output_PO[1]/ACCOUNT_ID">output.Output_Get_Api.ACCOUNT_ID</operation>
                  <operation source="field" to="output.Output_PO[1]/ACCOUNT_STATUS">output.Output_Get_Api.ACCOUNT_STATUS</operation>
                  <operation source="field" to="output.Output_PO[1]/ACTIVE">output.Output_Get_Api.ACTIVE</operation>
                  <operation source="field" to="output.Output_PO[1]/AUTHENTICATED">output.Output_Get_Api.AUTHENTICATED</operation>
                  <operation source="field" to="output.Output_PO[1]/CENTRAL_OFFICE">output.Output_Get_Api.CENTRAL_OFFICE</operation>
                  <operation source="field" to="output.Output_PO[1]/COMMUNITY">output.Output_Get_Api.COMMUNITY</operation>
                  <operation source="field" to="output.Output_PO[1]/CONVERTED_ACCOUNT_ID">output.Output_Get_Api.CONVERTED_ACCOUNT_ID</operation>
                  <operation source="field" to="output.Output_PO[1]/CONVERTED_DATE">output.Output_Get_Api.CONVERTED_DATE</operation>
                  <operation source="field" to="output.Output_PO[1]/CUSTOMER_TYPE">output.Output_Get_Api.CUSTOMER_TYPE</operation>
                  <operation source="field" to="output.Output_PO[1]/DTN">output.Output_Get_Api.DTN</operation>
                  <operation source="field" to="output.Output_PO[1]/ERROR_MESSAGE">output.Output_Get_Api.ERROR_MESSAGE</operation>
                  <operation source="field" to="output.Output_PO[1]/GROUP_NUMBER">output.Output_Get_Api.GROUP_NUMBER</operation>
                  <operation source="field" to="output.Output_PO[1]/HOUSE">output.Output_Get_Api.HOUSE</operation>
                  <operation source="field" to="output.Output_PO[1]/HOUSE_SUFFIX">output.Output_Get_Api.HOUSE_SUFFIX</operation>
                  <operation source="field" to="output.Output_PO[1]/INVENTORY_SOURCE">output.Output_Get_Api.INVENTORY_SOURCE</operation>
                  <operation source="field" to="output.Output_PO[1]/IS_CONVERTED">output.Output_Get_Api.IS_CONVERTED</operation>
                  <operation source="field" to="output.Output_PO[1]/IS_FM_CNV">output.Output_Get_Api.IS_FM_CNV</operation>
                  <operation source="field" to="output.Output_PO[1]/LAST_MODIFIED_BY">output.Output_Get_Api.LAST_MODIFIED_BY</operation>
                  <operation source="field" to="output.Output_PO[1]/LAST_MODIFIED_DATE">output.Output_Get_Api.LAST_MODIFIED_DATE</operation>
                  <operation source="field" to="output.Output_PO[1]/LATITUDE">output.Output_Get_Api.LATITUDE</operation>
                  <operation source="field" to="output.Output_PO[1]/LEGACY_ACCOUNT_ID">output.Output_Get_Api.LEGACY_ACCOUNT_ID</operation>
                  <operation source="field" to="output.Output_PO[1]/LEGACY_CUSTOMER_TYPE">output.Output_Get_Api.LEGACY_CUSTOMER_TYPE</operation>
                  <operation source="field" to="output.Output_PO[1]/LEGACY_SF_ID">output.Output_Get_Api.LEGACY_SF_ID</operation>
                  <operation source="field" to="output.Output_PO[1]/LEGACY_SYSTEM">output.Output_Get_Api.LEGACY_SYSTEM</operation>
                  <operation source="field" to="output.Output_PO[1]/LOCATION">output.Output_Get_Api.LOCATION</operation>
                  <operation source="field" to="output.Output_PO[1]/LONGITUDE">output.Output_Get_Api.LONGITUDE</operation>
                  <operation source="field" to="output.Output_PO[1]/MODEM_PURCHASE_DATE">output.Output_Get_Api.MODEM_PURCHASE_DATE</operation>
                  <operation source="field" to="output.Output_PO[1]/MODEM_PURCHASE_TYPE">output.Output_Get_Api.MODEM_PURCHASE_TYPE</operation>
                  <operation source="field" to="output.Output_PO[1]/OLT_ID">output.Output_Get_Api.OLT_ID</operation>
                  <operation source="field" to="output.Output_PO[1]/OLT_SHELF_ID">output.Output_Get_Api.OLT_SHELF_ID</operation>
                  <operation source="field" to="output.Output_PO[1]/ORIGINAL_LEGACY_SF_ID">output.Output_Get_Api.ORIGINAL_LEGACY_SF_ID</operation>
                  <operation source="field" to="output.Output_PO[1]/POST_DIRECTIONAL_CODE">output.Output_Get_Api.POST_DIRECTIONAL_CODE</operation>
                  <operation source="field" to="output.Output_PO[1]/POSTAL_ZIP">output.Output_Get_Api.POSTAL_ZIP</operation>
                  <operation source="field" to="output.Output_PO[1]/POSTPAID_ACCOUNT_SOURCE">output.Output_Get_Api.POSTPAID_ACCOUNT_SOURCE</operation>
                  <operation source="field" to="output.Output_PO[1]/PRE_DIRECTIONAL_CODE">output.Output_Get_Api.PRE_DIRECTIONAL_CODE</operation>
                  <operation source="field" to="output.Output_PO[1]/PREPAID_ACCOUNT_TYPE">output.Output_Get_Api.PREPAID_ACCOUNT_TYPE</operation>
                  <operation source="field" to="output.Output_PO[1]/PROV_STATE">output.Output_Get_Api.PROV_STATE</operation>
                  <operation source="field" to="output.Output_PO[1]/QF_LEAD_ID">output.Output_Get_Api.QF_LEAD_ID</operation>
                  <operation source="field" to="output.Output_PO[1]/RG_IP">output.Output_Get_Api.RG_IP</operation>
                  <operation source="field" to="output.Output_PO[1]/RG_MAC">output.Output_Get_Api.RG_MAC</operation>
                  <operation source="field" to="output.Output_PO[1]/RG_MODEL">output.Output_Get_Api.RG_MODEL</operation>
                  <operation source="field" to="output.Output_PO[1]/RG_SERIAL">output.Output_Get_Api.RG_SERIAL</operation>
                  <operation source="field" to="output.Output_PO[1]/RG_SOFTWARE">output.Output_Get_Api.RG_SOFTWARE</operation>
                  <operation source="field" to="output.Output_PO[1]/RG_VENDOR">output.Output_Get_Api.RG_VENDOR</operation>
                  <operation source="field" to="output.Output_PO[1]/STATUS">output.Output_Get_Api.STATUS</operation>
                  <operation source="field" to="output.Output_PO[1]/SEQUENCE_NO">output.Output_Get_Api.SEQUENCE_NO</operation>
                  <operation source="field" to="output.Output_PO[1]/STREET">output.Output_Get_Api.STREET</operation>
                  <operation source="field" to="output.Output_PO[1]/STREET_SUFFIX">output.Output_Get_Api.STREET_SUFFIX</operation>
                  <operation source="field" to="output.Output_PO[1]/VOICE_ENABLED">output.Output_Get_Api.VOICE_ENABLED</operation>
                  <link id="l1bxsqea" targetId="c"/>
               </assignment>
               <end id="c"/>
            </flow>
         </process>
      </types1:Entry>
      <types1:GUID>c9ranTmyZOjgRUpmHtZccF</types1:GUID>
      <types1:DisplayName>CUSTOMER_MIGRATION_4QA</types1:DisplayName>
   </types1:Item>
   <types1:CurrentServerDateTime>2022-11-04T14:37:53.924Z</types1:CurrentServerDateTime>
</aetgt:getResponse>
