<aetgt:getResponse xmlns:aetgt="http://schemas.active-endpoints.com/appmodules/repository/2010/10/avrepository.xsd"
                   xmlns:types1="http://schemas.active-endpoints.com/appmodules/repository/2010/10/avrepository.xsd">
   <types1:Item>
      <types1:EntryId>CSHbf13ErhNzUze-gt-5755223-2022-08-02T19:12:59.466Z::tf.xml</types1:EntryId>
      <types1:Name>tf_ORDER_ACTIVE_BRSPD</types1:Name>
      <types1:MimeType>application/xml+taskflow</types1:MimeType>
      <types1:Description/>
      <types1:AppliesTo/>
      <types1:Tags/>
      <types1:VersionLabel>1.0</types1:VersionLabel>
      <types1:State>CURRENT</types1:State>
      <types1:ProcessGroup/>
      <types1:CreatedBy>AD15100_PRD</types1:CreatedBy>
      <types1:CreationDate>2022-08-02T19:12:59Z</types1:CreationDate>
      <types1:ModifiedBy>AD15100_PRD</types1:ModifiedBy>
      <types1:ModificationDate>2022-08-22T08:03:49Z</types1:ModificationDate>
      <types1:PublicationStatus>published</types1:PublicationStatus>
      <types1:PublishedBy>AD15100_PRD</types1:PublishedBy>
      <types1:PublicationDate>2022-08-22T09:00:22Z</types1:PublicationDate>
      <types1:PublishedContributionId>project:/tf.tf_ORDER_ACTIVE_BRSPD/tf_ORDER_ACTIVE_BRSPD.tf.xml</types1:PublishedContributionId>
      <types1:AutosaveExists>false</types1:AutosaveExists>
      <types1:Entry>
         <taskflow xmlns="http://schemas.active-endpoints.com/appmodules/screenflow/2010/10/avosScreenflow.xsd"
                   xmlns:tfm="http://schemas.active-endpoints.com/appmodules/screenflow/2021/04/taskflowModel.xsd"
                   xmlns:list="urn:activevos:spi:list:functions"
                   displayName="tf_ORDER_ACTIVE_BRSPD"
                   name="tf_ORDER_ACTIVE_BRSPD"
                   overrideAPIName="false">
            <parameterSet xmlns="http://schemas.active-endpoints.com/appmodules/screenflow/2021/04/taskflowModel.xsd"/>
            <appliesTo/>
            <description/>
            <tags/>
            <generator>Informatica Process Designer 11</generator>
            <tempFields>
               <field description="" name="mt_PPP_Prepaid_Disconnect" type="reference">
                  <options>
                     <option name="failOnNotRun">false</option>
                     <option name="failOnFault">false</option>
                     <option name="referenceTo">$po:mt-PPP-Prepaid-Disconnect-BRSPD</option>
                  </options>
               </field>
               <field description="" name="mt_ORDER_ACTIVE_BS" type="reference">
                  <options>
                     <option name="failOnNotRun">false</option>
                     <option name="failOnFault">false</option>
                     <option name="referenceTo">$po:mt-ORDER-ACTIVE-BRSPD</option>
                  </options>
               </field>
            </tempFields>
            <notes/>
            <deployment suspendOnFault="false" tracingLevel="verbose">
               <rest/>
            </deployment>
            <flow id="a">
               <start id="b">
                  <link id="l74cszwq" targetId="l3o30gz3"/>
               </start>
               <eventContainer id="l3o30gz3">
                  <service id="l3o30gxs">
                     <title>mt_ORDER_ACTIVE_BS</title>
                     <serviceName>ICSExecuteDataTask</serviceName>
                     <serviceGUID/>
                     <serviceInput>
                        <parameter name="Wait for Task to Complete" source="constant" updatable="true">true</parameter>
                        <parameter name="Max Wait" source="constant" updatable="true">604800</parameter>
                        <parameter name="Task Name" source="constant" updatable="true">mt_ORDER_ACTIVE_BRSPD</parameter>
                        <parameter name="GUID" source="constant" updatable="true">1GzwRlCb7oYf6hRDwLY86E</parameter>
                        <parameter name="Task Type" source="constant" updatable="true">MCT</parameter>
                        <parameter name="Has Inout Parameters" source="constant" updatable="true">false</parameter>
                        <parameter name="taskField" source="nested">
                           <operation source="field" to="mt-ORDER-ACTIVE-BRSPD">temp.mt_ORDER_ACTIVE_BS</operation>
                        </parameter>
                     </serviceInput>
                     <serviceOutput>
                        <operation source="field" to="temp.mt_ORDER_ACTIVE_BS/output/Object_Name">Object Name</operation>
                        <operation source="field" to="temp.mt_ORDER_ACTIVE_BS/output/Run_Id">Run Id</operation>
                        <operation source="field" to="temp.mt_ORDER_ACTIVE_BS/output/Log_Id">Log Id</operation>
                        <operation source="field" to="temp.mt_ORDER_ACTIVE_BS/output/Task_Id">Task Id</operation>
                        <operation source="field" to="temp.mt_ORDER_ACTIVE_BS/output/Task_Status">Task Status</operation>
                        <operation source="field" to="temp.mt_ORDER_ACTIVE_BS/output/Success_Source_Rows">Success Source Rows</operation>
                        <operation source="field" to="temp.mt_ORDER_ACTIVE_BS/output/Failed_Source_Rows">Failed Source Rows</operation>
                        <operation source="field" to="temp.mt_ORDER_ACTIVE_BS/output/Success_Target_Rows">Success Target Rows</operation>
                        <operation source="field" to="temp.mt_ORDER_ACTIVE_BS/output/Failed_Target_Rows">Failed Target Rows</operation>
                        <operation source="field" to="temp.mt_ORDER_ACTIVE_BS/output/Start_Time">Start Time</operation>
                        <operation source="field" to="temp.mt_ORDER_ACTIVE_BS/output/End_Time">End Time</operation>
                        <operation source="field" to="temp.mt_ORDER_ACTIVE_BS/output/Error_Message">Error Message</operation>
                        <operation source="field" to="temp.mt_ORDER_ACTIVE_BS/output/TotalTransErrors">Total Transformation Errors</operation>
                        <operation source="field" to="temp.mt_ORDER_ACTIVE_BS/output/FirstErrorCode">First Error Code</operation>
                     </serviceOutput>
                  </service>
                  <link id="l74gl2ts" targetId="l3o30gwl"/>
                  <events>
                     <catch faultField="temp.mt_ORDER_ACTIVE_BS/fault"
                            id="l3o30gz1"
                            interrupting="true"
                            name="error">
                        <suspend/>
                     </catch>
                     <catch faultField="temp.mt_ORDER_ACTIVE_BS/fault"
                            id="l3o30gz2"
                            interrupting="true"
                            name="warning"/>
                  </events>
               </eventContainer>
               <eventContainer id="l3o30gwl">
                  <service id="l3o30gvy">
                     <title>mt_PPP_Prepaid_Disconnect</title>
                     <serviceName>ICSExecuteDataTask</serviceName>
                     <serviceGUID/>
                     <serviceInput>
                        <parameter name="Wait for Task to Complete" source="constant" updatable="true">true</parameter>
                        <parameter name="Max Wait" source="constant" updatable="true">604800</parameter>
                        <parameter name="Task Name" source="constant" updatable="true">mt_PPP_Prepaid_Disconnect_BRSPD</parameter>
                        <parameter name="GUID" source="constant" updatable="true">1FJi0O3mh0rhS6bPeSq9iV</parameter>
                        <parameter name="Task Type" source="constant" updatable="true">MCT</parameter>
                        <parameter name="Has Inout Parameters" source="constant" updatable="true">false</parameter>
                        <parameter name="taskField" source="nested">
                           <operation source="field" to="mt-PPP-Prepaid-Disconnect-BRSPD">temp.mt_PPP_Prepaid_Disconnect</operation>
                        </parameter>
                     </serviceInput>
                     <serviceOutput>
                        <operation source="field" to="temp.mt_PPP_Prepaid_Disconnect/output/Object_Name">Object Name</operation>
                        <operation source="field" to="temp.mt_PPP_Prepaid_Disconnect/output/Run_Id">Run Id</operation>
                        <operation source="field" to="temp.mt_PPP_Prepaid_Disconnect/output/Log_Id">Log Id</operation>
                        <operation source="field" to="temp.mt_PPP_Prepaid_Disconnect/output/Task_Id">Task Id</operation>
                        <operation source="field" to="temp.mt_PPP_Prepaid_Disconnect/output/Task_Status">Task Status</operation>
                        <operation source="field"
                                   to="temp.mt_PPP_Prepaid_Disconnect/output/Success_Source_Rows">Success Source Rows</operation>
                        <operation source="field"
                                   to="temp.mt_PPP_Prepaid_Disconnect/output/Failed_Source_Rows">Failed Source Rows</operation>
                        <operation source="field"
                                   to="temp.mt_PPP_Prepaid_Disconnect/output/Success_Target_Rows">Success Target Rows</operation>
                        <operation source="field"
                                   to="temp.mt_PPP_Prepaid_Disconnect/output/Failed_Target_Rows">Failed Target Rows</operation>
                        <operation source="field" to="temp.mt_PPP_Prepaid_Disconnect/output/Start_Time">Start Time</operation>
                        <operation source="field" to="temp.mt_PPP_Prepaid_Disconnect/output/End_Time">End Time</operation>
                        <operation source="field" to="temp.mt_PPP_Prepaid_Disconnect/output/Error_Message">Error Message</operation>
                        <operation source="field"
                                   to="temp.mt_PPP_Prepaid_Disconnect/output/TotalTransErrors">Total Transformation Errors</operation>
                        <operation source="field"
                                   to="temp.mt_PPP_Prepaid_Disconnect/output/FirstErrorCode">First Error Code</operation>
                     </serviceOutput>
                  </service>
                  <link id="l3o30gw0" targetId="c"/>
                  <events>
                     <catch faultField="temp.mt_PPP_Prepaid_Disconnect/fault"
                            id="l3o30gwj"
                            interrupting="true"
                            name="error">
                        <suspend/>
                     </catch>
                     <catch faultField="temp.mt_PPP_Prepaid_Disconnect/fault"
                            id="l3o30gwk"
                            interrupting="true"
                            name="warning"/>
                  </events>
               </eventContainer>
               <end id="c"/>
            </flow>
            <dependencies>
               <processObject xmlns="http://schemas.active-endpoints.com/appmodules/screenflow/2011/06/avosHostEnvironment.xsd"
                              displayName="mt-PPP-Prepaid-Disconnect-BRSPD"
                              isByCopy="true"
                              name="mt-PPP-Prepaid-Disconnect-BRSPD">
                  <description/>
                  <tags/>
                  <detail>
                     <field label="TaskProperties Parameters"
                            name="taskProperties"
                            nullable="true"
                            required="false"
                            type="reference"/>
                     <field label="Output Parameters"
                            name="output"
                            nullable="true"
                            required="false"
                            type="reference"/>
                     <field label="Fault"
                            name="fault"
                            nullable="true"
                            required="false"
                            type="reference"/>
                  </detail>
               </processObject>
               <processObject xmlns="http://schemas.active-endpoints.com/appmodules/screenflow/2011/06/avosHostEnvironment.xsd"
                              displayName="mt-ORDER-ACTIVE-BRSPD"
                              isByCopy="true"
                              name="mt-ORDER-ACTIVE-BRSPD">
                  <description/>
                  <tags/>
                  <detail>
                     <field label="TaskProperties Parameters"
                            name="taskProperties"
                            nullable="true"
                            required="false"
                            type="reference"/>
                     <field label="Output Parameters"
                            name="output"
                            nullable="true"
                            required="false"
                            type="reference"/>
                     <field label="Fault"
                            name="fault"
                            nullable="true"
                            required="false"
                            type="reference"/>
                  </detail>
               </processObject>
            </dependencies>
         </taskflow>
      </types1:Entry>
      <types1:GUID>5rRBYZ5KjDJe5yk5o5t4UO</types1:GUID>
      <types1:DisplayName>tf_ORDER_ACTIVE_BRSPD</types1:DisplayName>
   </types1:Item>
   <types1:CurrentServerDateTime>2022-11-11T09:29:15.592Z</types1:CurrentServerDateTime>
</aetgt:getResponse>
