<aetgt:getResponse xmlns:aetgt="http://schemas.active-endpoints.com/appmodules/repository/2010/10/avrepository.xsd"
                   xmlns:types1="http://schemas.active-endpoints.com/appmodules/repository/2010/10/avrepository.xsd">
   <types1:Item>
      <types1:EntryId>hKhxsnCmp6oIuQa-gt-91053-2022-08-01T03:29:20.126Z::svc.xml</types1:EntryId>
      <types1:Name>SC_Oauth_Access_Token_Prod_BRSPD</types1:Name>
      <types1:ParentFlowIds>VB4EFpr1Iw8jIw8-gt-90990-2022-08-01T02:54:28.764Z::conn.xml,xWq9bdsreK8ZAZf-gt-194587-2022-08-10T00:44:50.384Z::conn.xml</types1:ParentFlowIds>
      <types1:MimeType>application/xml+businesssconnector</types1:MimeType>
      <types1:Description>This service connector generates access_token for IICS and Polygon API</types1:Description>
      <types1:AppliesTo/>
      <types1:Tags/>
      <types1:VersionLabel>1.0</types1:VersionLabel>
      <types1:State>CURRENT</types1:State>
      <types1:ProcessGroup/>
      <types1:CreatedBy>AD15100_PRD</types1:CreatedBy>
      <types1:CreationDate>2022-08-01T03:29:20Z</types1:CreationDate>
      <types1:ModifiedBy>AD15119_PRD</types1:ModifiedBy>
      <types1:ModificationDate>2022-08-01T08:31:32Z</types1:ModificationDate>
      <types1:PublicationStatus>published</types1:PublicationStatus>
      <types1:PublishedBy>AD15119_PRD</types1:PublishedBy>
      <types1:PublicationDate>2022-08-01T08:32:00Z</types1:PublicationDate>
      <types1:PublishedContributionId>project:/rt.connector/SC_Oauth_Access_Token_Prod_BRSPD/SC_Oauth_Access_Token_Prod_BRSPD_svcDef.xml</types1:PublishedContributionId>
      <types1:AutosaveExists>false</types1:AutosaveExists>
      <types1:Entry>
         <businessConnector xmlns="http://schemas.informatica.com/socrates/data-services/2014/05/business-connector-model.xsd"
                            agentOnly="false"
                            debug="false"
                            displayName="SC_Oauth_Access_Token_Prod_BRSPD"
                            label=""
                            name="SC_Oauth_Access_Token_Prod_BRSPD"
                            uuid="793f3bd4-731e-4a9e-94b4-c33d77d1bd1d">
            <description>This service connector generates access_token for IICS and Polygon API</description>
            <tags/>
            <connectionAttributes xmlns="http://schemas.informatica.com/appmodules/screenflow/2014/04/avosConnectors.xsd">
               <connectionAttribute description="Host Name"
                                    masked="false"
                                    name="hostName"
                                    required="true"
                                    testWith="centurylink-prod.apigee.net"
                                    type="string"/>
            </connectionAttributes>
            <actions>
               <action category=""
                       failOnError="true"
                       forSearch="false"
                       label="Polygon_oauth"
                       maxRedirects="100"
                       name="Polygon_oauth"
                       preemptiveAuth="true"
                       responseEncoding="">
                  <description/>
                  <input/>
                  <binding>
                     <restSimpleBinding multiUsing="semicolonSeparated"
                                        url="https://{$hostName}/oauth"
                                        verb="GET">
                        <authentication>
                           <username>213VnB0kHSQseUOUKHOKbKbc3SYD8FKf</username>
                           <password>msOsXeuIVK7LGm3J</password>
                           <isExpressionInPassword>true</isExpressionInPassword>
                        </authentication>
                        <mutualAuth enabled="false">
                           <keyStore mode="file"/>
                           <keyStorePassword/>
                        </mutualAuth>
                        <otherParams>
                           <otherParam name="grant_type">client_credentials</otherParam>
                        </otherParams>
                     </restSimpleBinding>
                  </binding>
                  <output>
                     <field description=""
                            name="access_token"
                            property="access_token"
                            type="string"/>
                  </output>
               </action>
               <action category=""
                       failOnError="true"
                       forSearch="false"
                       label="IICS_oauth"
                       maxRedirects="100"
                       name="IICS_oauth"
                       preemptiveAuth="true"
                       responseEncoding="">
                  <description/>
                  <input>
                     <parameter label="grant_type"
                                name="grant_type"
                                required="false"
                                testWith="client_credentials"
                                type="string"/>
                  </input>
                  <binding>
                     <restSimpleBinding multiUsing="semicolonSeparated"
                                        url="https://dm-us.informaticacloud.com/authz-service/oauth/token"
                                        verb="POST">
                        <authentication>
                           <username>8Ge9y9NwUybjYWJltlYGwl</username>
                           <password>IUdWQMcnt</password>
                           <isExpressionInPassword>true</isExpressionInPassword>
                        </authentication>
                        <mutualAuth enabled="false">
                           <keyStore mode="file"/>
                           <keyStorePassword/>
                        </mutualAuth>
                        <body generateUsing="Form"/>
                     </restSimpleBinding>
                  </binding>
                  <output>
                     <field description=""
                            name="access_token"
                            property="access_token"
                            type="string"/>
                  </output>
               </action>
            </actions>
            <objects/>
         </businessConnector>
      </types1:Entry>
      <types1:GUID>iYkoQb8y9gYcEkboYwVXml</types1:GUID>
      <types1:DisplayName>SC_Oauth_Access_Token_Prod_BRSPD</types1:DisplayName>
   </types1:Item>
   <types1:CurrentServerDateTime>2023-05-19T15:09:18.721Z</types1:CurrentServerDateTime>
</aetgt:getResponse>
