<aetgt:getResponse xmlns:aetgt="http://schemas.active-endpoints.com/appmodules/repository/2010/10/avrepository.xsd"
                   xmlns:types1="http://schemas.active-endpoints.com/appmodules/repository/2010/10/avrepository.xsd">
   <types1:Item>
      <types1:EntryId>LFu8zbgdwUiQLnz-gt-232658-2022-08-10T00:45:31.612Z::conn.xml</types1:EntryId>
      <types1:Name>AC-BMOM-Disconnect-BRSPD-1</types1:Name>
      <types1:ParentFlowIds>w1ymbduaa-gt-231277-2022-08-10T00:45:35.358Z::pd.xml</types1:ParentFlowIds>
      <types1:MimeType>application/xml+connection</types1:MimeType>
      <types1:Description>Disconnect Account on BMOM</types1:Description>
      <types1:AppliesTo/>
      <types1:Tags>.agent:qfiicssaodc02-prod.corp.intranet</types1:Tags>
      <types1:VersionLabel>1.0</types1:VersionLabel>
      <types1:State>CURRENT</types1:State>
      <types1:ProcessGroup/>
      <types1:CreatedBy>AD15119_PRD</types1:CreatedBy>
      <types1:CreationDate>2022-08-10T00:45:32Z</types1:CreationDate>
      <types1:ModifiedBy/>
      <types1:PublicationStatus>unpublished</types1:PublicationStatus>
      <types1:AutosaveExists>false</types1:AutosaveExists>
      <types1:Entry>
         <connection xmlns="http://schemas.informatica.com/socrates/data-services/2014/04/avosConnections.xsd"
                     displayName="AC-BMOM-Disconnect-BRSPD"
                     label="AC-BMOM-Disconnect-BRSPD"
                     name="AC-BMOM-Disconnect-BRSPD-1">
            <description>Disconnect Account on BMOM</description>
            <tags>.agent:qfiicssaodc02-prod.corp.intranet</tags>
            <agent>qfiicssaodc02-prod.corp.intranet</agent>
            <attributes>
               <attribute encrypted="false" name="hostName" value="api-test1.lumen.com"/>
               <attribute encrypted="true" name="apiKey" value=""/>
               <attribute encrypted="true" name="apiSecret" value=""/>
            </attributes>
            <businessConnector xmlns="http://schemas.informatica.com/appmodules/screenflow/2014/04/avosConnectors.xsd"
                               agentOnly="false"
                               connectorPath="project:/rt.connector/SC_BMOM_Disconnect_BRSPD/SC_BMOM_Disconnect_BRSPD_svcDef.xml"
                               guid="1lrApqJfZ6jevMaWVKri86"
                               name="SC_BMOM_Disconnect_BRSPD-1"
                               supportsConnectionTest="false"
                               uuid="e6655b4b-cd0a-413f-9d04-3ff098015988">
               <description>Disconnect on BMOM System</description>
            </businessConnector>
         </connection>
      </types1:Entry>
      <types1:GUID>32vbfLsIMK1emuwSs7R2wR</types1:GUID>
      <types1:DisplayName>AC-BMOM-Disconnect-BRSPD</types1:DisplayName>
   </types1:Item>
   <types1:CurrentServerDateTime>2022-09-02T08:23:17.492Z</types1:CurrentServerDateTime>
</aetgt:getResponse>
