<aetgt:getResponse xmlns:aetgt="http://schemas.active-endpoints.com/appmodules/repository/2010/10/avrepository.xsd"
                   xmlns:types1="http://schemas.active-endpoints.com/appmodules/repository/2010/10/avrepository.xsd">
   <types1:Item>
      <types1:EntryId>eF96fPAreFRqXpI-gt-138476-2022-08-03T22:49:22.071Z::conn.xml</types1:EntryId>
      <types1:Name>AC-OAuth-Access-Token-Prod-BRSPD-Prod</types1:Name>
      <types1:MimeType>application/xml+connection</types1:MimeType>
      <types1:Description>Application Connection for Oauth Token</types1:Description>
      <types1:AppliesTo/>
      <types1:Tags/>
      <types1:VersionLabel>1.0</types1:VersionLabel>
      <types1:State>CURRENT</types1:State>
      <types1:ProcessGroup/>
      <types1:CreatedBy>AD15100_PRD</types1:CreatedBy>
      <types1:CreationDate>2022-08-03T22:49:22Z</types1:CreationDate>
      <types1:ModifiedBy>AD15100_PRD</types1:ModifiedBy>
      <types1:ModificationDate>2022-08-04T03:40:27Z</types1:ModificationDate>
      <types1:PublicationStatus>out-of-date</types1:PublicationStatus>
      <types1:PublishedBy>AD15100_PRD</types1:PublishedBy>
      <types1:PublicationDate>2022-08-04T03:40:24Z</types1:PublicationDate>
      <types1:PublishedContributionId>project:/rt.connection/AC-OAuth-Access-Token-Prod-BRSPD-Prod/AC-OAuth-Access-Token-Prod-BRSPD-Prod.conn.xml</types1:PublishedContributionId>
      <types1:AutosaveExists>false</types1:AutosaveExists>
      <types1:Entry>
         <connection xmlns="http://schemas.informatica.com/socrates/data-services/2014/04/avosConnections.xsd"
                     displayName="AC-OAuth-Access-Token-Prod-BRSPD-Prod"
                     label="AC-OAuth-Access-Token-Prod-BRSPD-Prod"
                     name="AC-OAuth-Access-Token-Prod-BRSPD-Prod">
            <description>Application Connection for Oauth Token</description>
            <tags/>
            <agent/>
            <attributes>
               <attribute encrypted="false"
                          name="hostName"
                          value="centurylink-prod.apigee.net"/>
            </attributes>
            <businessConnector xmlns="http://schemas.informatica.com/appmodules/screenflow/2014/04/avosConnectors.xsd"
                               agentOnly="false"
                               connectorPath="project:/rt.connector/SC_Oauth_Access_Token_Prod_BRSPD_1/SC_Oauth_Access_Token_Prod_BRSPD_1_svcDef.xml"
                               guid="8DFiZqVCAlRjnjZFa1BJ8S"
                               name="SC_Oauth_Access_Token_Prod_BRSPD-1"
                               supportsConnectionTest="false"
                               uuid="793f3bd4-731e-4a9e-94b4-c33d77d1bd1d">
               <description>This service connector generates access_token for IICS and Polygon API</description>
            </businessConnector>
         </connection>
      </types1:Entry>
      <types1:GUID>84U47h9gv5bkRVjMHS4MQo</types1:GUID>
      <types1:DisplayName>AC-OAuth-Access-Token-Prod-BRSPD-Prod</types1:DisplayName>
   </types1:Item>
   <types1:CurrentServerDateTime>2022-09-02T08:22:08.453Z</types1:CurrentServerDateTime>
</aetgt:getResponse>
