<aetgt:getResponse xmlns:aetgt="http://schemas.active-endpoints.com/appmodules/repository/2010/10/avrepository.xsd"
                   xmlns:types1="http://schemas.active-endpoints.com/appmodules/repository/2010/10/avrepository.xsd">
   <types1:Item>
      <types1:EntryId>1ZT1cnFKi9zhFty-gt-198816-2022-08-10T00:45:38.853Z::pd.xml</types1:EntryId>
      <types1:Name>P_Update_Customer_Status_BRSPD-1</types1:Name>
      <types1:MimeType>application/xml+process</types1:MimeType>
      <types1:Description>Update a record in CUSTOMER_MIGRATION_STATUS table with status ,address data</types1:Description>
      <types1:AppliesTo/>
      <types1:Tags/>
      <types1:VersionLabel>1.0</types1:VersionLabel>
      <types1:State>CURRENT</types1:State>
      <types1:ProcessGroup/>
      <types1:CreatedBy>AD15119_PRD</types1:CreatedBy>
      <types1:CreationDate>2022-08-10T00:45:39Z</types1:CreationDate>
      <types1:ModifiedBy/>
      <types1:PublicationStatus>unpublished</types1:PublicationStatus>
      <types1:AutosaveExists>false</types1:AutosaveExists>
      <types1:Entry>
         <process xmlns="http://schemas.active-endpoints.com/appmodules/screenflow/2010/10/avosScreenflow.xsd"
                  xmlns:tfm="http://schemas.active-endpoints.com/appmodules/screenflow/2021/04/taskflowModel.xsd"
                  xmlns:list="urn:activevos:spi:list:functions"
                  displayName="P_Update_Customer_Status_BRSPD"
                  name="P_Update_Customer_Status_BRSPD-1"
                  overrideAPIName="false">
            <parameterSet xmlns="http://schemas.active-endpoints.com/appmodules/screenflow/2021/04/taskflowModel.xsd"/>
            <appliesTo/>
            <description>Update a record in CUSTOMER_MIGRATION_STATUS table with status ,address data</description>
            <tags/>
            <generator>Informatica Process Designer 11</generator>
            <input>
               <parameter description=""
                          name="customers"
                          required="true"
                          type="reference">
                  <options>
                     <option name="referenceTo">$po:customers</option>
                     <option name="required">false</option>
                     <option name="isCopy">true</option>
                     <option name="guid">amddwcVjDvffwjTfTuVz8r</option>
                  </options>
               </parameter>
            </input>
            <output>
               <field description="" name="Error_Messages_out" type="objectlist">
                  <options>
                     <option name="referenceTo">$po:PO-Error-Message</option>
                     <option hide="true" name="multiSelect">true</option>
                     <option name="required">false</option>
                     <option name="isCopy">true</option>
                     <option name="guid">i7UGjzh2YqncYhmLhuFgmt</option>
                  </options>
               </field>
               <field description="" name="Success_count" type="int">
                  <options>
                     <option name="required">false</option>
                  </options>
               </field>
               <field description="" name="Failure_count" type="int">
                  <options>
                     <option name="required">false</option>
                  </options>
               </field>
            </output>
            <tempFields>
               <field description="" name="customers_count" type="int">
                  <options>
                     <option name="required">false</option>
                     <option name="initialvalue">0</option>
                  </options>
               </field>
               <field description="" name="json_temp" type="string">
                  <options>
                     <option name="required">false</option>
                  </options>
               </field>
               <field description="" name="xml_temp" type="reference">
                  <options>
                     <option name="referenceTo">$po:customers</option>
                     <option name="required">false</option>
                     <option name="isCopy">true</option>
                     <option name="guid">amddwcVjDvffwjTfTuVz8r</option>
                  </options>
               </field>
            </tempFields>
            <notes>Update a record in CUSTOMER_MIGRATION_STATUS table with status ,address data</notes>
            <deployment suspendOnFault="false" tracingLevel="verbose">
               <rest>
                  <allowedGroups>
                     <group>CustomerStatusUpdateApiProd</group>
                  </allowedGroups>
                  <additionalConstraint>
                     <constraint>APIM</constraint>
                  </additionalConstraint>
               </rest>
            </deployment>
            <flow id="a">
               <start id="b">
                  <link id="kld91l8j" targetId="klbw89jr"/>
               </start>
               <assignment id="klbw89jr">
                  <title>GetInputCustomerCount</title>
                  <operation source="formula" to="temp.customers_count">
                     <expression language="XQuery">list:count($input.customers)</expression>
                  </operation>
                  <link id="klbw89jt" targetId="klbw89jb"/>
               </assignment>
               <assignment id="klae4jj0">
                  <title>AssignResponse</title>
                  <operation source="formula" to="output.Success_count">
                     <expression language="XQuery">xs:integer(fn:substring-before(fn:substring-after($output.resultset/myjson, 'Success_count": '),','))</expression>
                  </operation>
                  <operation source="formula" to="output.Failure_count">
                     <expression language="XQuery">xs:integer(fn:substring-before(fn:substring-after($output.resultset/myjson, 'Failure_count": '),','))</expression>
                  </operation>
                  <operation source="formula" to="output.Error_Messages_out">
                     <expression language="XQuery">for $row in util:parseJSON($output.resultset)
return(
if (fn:empty($row/Code))
then ()
else(
&lt;PO-Error-Message-1&gt;
   &lt;Code&gt;{data($row/Code)}&lt;/Code&gt;
   &lt;Reason&gt;{data($row/Reason)}&lt;/Reason&gt;
   &lt;Detail&gt;{data($row/Detail)}&lt;/Detail&gt;
&lt;/PO-Error-Message-1&gt;
)
)</expression>
                  </operation>
                  <link id="klae4jj2" targetId="c"/>
               </assignment>
               <container id="klbw89jb" type="exclusive">
                  <title>multiple customers?</title>
                  <flow id="klbw89jf">
                     <assignment id="klbw89li">
                        <title>XmlToJson</title>
                        <operation source="formula" to="temp.xml_temp">
                           <expression language="XQuery">&lt;customers xmlns:m="urn:informatica:ae:xquery:json2xml:meta-data" m:isArray="true"&gt;
	{if (fn:string-length($input.customers[1]/DTN)) then &lt;DTN&gt;{$input.customers[1]/DTN }&lt;/DTN&gt;  else ()}
    {if (fn:string-length($input.customers[1]/AccountNumber)) then 
   &lt;AccountNumber&gt;{$input.customers[1]/AccountNumber }&lt;/AccountNumber&gt;  else ()}
   {if (fn:string-length($input.customers[1]/LegacySFID)) then 
   &lt;LegacySFID&gt;{$input.customers[1]/LegacySFID }&lt;/LegacySFID&gt;  else ()}
   {if (fn:string-length($input.customers[1]/LegacySystem)) then 
   &lt;LegacySystem&gt;{$input.customers[1]/LegacySystem }&lt;/LegacySystem&gt;  else ()}
   &lt;Status&gt;{$input.customers[1]/Status }&lt;/Status&gt;
   {if (fn:string-length($input.customers[1]/QF_Lead_ID)) then 
   &lt;QF_Lead_ID&gt;{$input.customers[1]/QF_Lead_ID }&lt;/QF_Lead_ID&gt;  else ()}
   {if (fn:string-length($input.customers[1]/Last_Modified_By )) then
   &lt;Last_Modified_By&gt;{$input.customers[1]/Last_Modified_By} &lt;/Last_Modified_By&gt;  else ()}
   {if (fn:string-length($input.customers[1]/LegacyAccountNumber)) then
   &lt;LegacyAccountNumber&gt;{$input.customers[1]/LegacyAccountNumber }&lt;/LegacyAccountNumber&gt;  else ()}
   {if (fn:string-length($input.customers[1]/OLT_ID)) then
   &lt;OLT_ID&gt;{$input.customers[1]/OLT_ID }&lt;/OLT_ID&gt;  else ()}
   {if (fn:string-length($input.customers[1]/OLT_Shelf)) then
   &lt;OLT_Shelf&gt;{$input.customers[1]/OLT_Shelf }&lt;/OLT_Shelf&gt;  else ()}
   {if (fn:string-length($input.customers[1]/Address)) then 
   &lt;Address&gt;
      {if (fn:string-length($input.customers[1]/Address[1]/CentralOffice)) then
   &lt;CentralOffice&gt;{$input.customers[1]/Address[1]/CentralOffice }&lt;/CentralOffice&gt;  else ()}
      {if (fn:string-length($input.customers[1]/Address[1]/House )) then
   &lt;House&gt;{$input.customers[1]/Address[1]/House }&lt;/House&gt;  else ()}
      {if (fn:string-length($input.customers[1]/Address[1]/HouseSuffix)) then
   &lt;HouseSuffix&gt;{$input.customers[1]/Address[1]/HouseSuffix }&lt;/HouseSuffix&gt;  else ()}
      {if (fn:string-length($input.customers[1]/Address[1]/Street )) then
   &lt;Street&gt;{$input.customers[1]/Address[1]/Street }&lt;/Street&gt;  else ()} 
{if (fn:string-length($input.customers[1]/Address[1]/PreDirectionalCode )) then
   &lt;PreDirectionalCode&gt;{$input.customers[1]/Address[1]/PreDirectionalCode }&lt;/PreDirectionalCode&gt;  else ()} 
{if (fn:string-length($input.customers[1]/Address[1]/PostDirectionalCode )) then
         &lt;PostDirectionalCode&gt;{$input.customers[1]/Address[1]/PostDirectionalCode }&lt;/PostDirectionalCode&gt;  else ()} 
      {if (fn:string-length($input.customers[1]/Address[1]/Location )) then
         &lt;Location&gt;{$input.customers[1]/Address[1]/Location }&lt;/Location&gt;  else ()} 
      {if (fn:string-length($input.customers[1]/Address[1]/StreetSuffix)) then
         &lt;StreetSuffix&gt;{$input.customers[1]/Address[1]/StreetSuffix }&lt;/StreetSuffix&gt;  else ()} 
      {if (fn:string-length($input.customers[1]/Address[1]/Community)) then
         &lt;Community&gt;{$input.customers[1]/Address[1]/Community }&lt;/Community&gt;  else ()} 
      {if (fn:string-length($input.customers[1]/Address[1]/ProvState )) then
         &lt;ProvState&gt;{$input.customers[1]/Address[1]/ProvState }&lt;/ProvState&gt;  else ()} 
      {if (fn:string-length($input.customers[1]/Address[1]/PostalZip)) then
         &lt;PostalZip&gt;{$input.customers[1]/Address[1]/PostalZip }&lt;/PostalZip&gt;  else ()} 
      {if (fn:string-length($input.customers[1]/Address[1]/Latitude )) then
         &lt;Latitude&gt;{$input.customers[1]/Address[1]/Latitude }&lt;/Latitude&gt;  else ()} 
      {if (fn:string-length($input.customers[1]/Address[1]/Longitude)) then
         &lt;Longitude&gt;{$input.customers[1]/Address[1]/Longitude }&lt;/Longitude&gt;  else ()} 
   &lt;/Address&gt;  else ()}
   {if (fn:string-length($input.customers[1]/ErrorMessage )) then &lt;ErrorMessage&gt;{$input.customers[1]/ErrorMessage }&lt;/ErrorMessage&gt;  else ()}
   {if (fn:string-length($input.customers[1]/Voice_Enabled)) then &lt;Voice_Enabled&gt;{$input.customers[1]/Voice_Enabled}&lt;/Voice_Enabled&gt;  else ()}
   {if (fn:string-length($input.customers[1]/Is_Converted )) then &lt;Is_Converted&gt;{$input.customers[1]/Is_Converted}&lt;/Is_Converted&gt;  else ()}
   {if (fn:string-length($input.customers[1]/Converted_Date )) then &lt;Converted_Date&gt;{$input.customers[1]/Converted_Date}&lt;/Converted_Date&gt;  else ()}
	{if (fn:string-length($input.customers[1]/Converted_Account_ID )) then &lt;Converted_Account_ID&gt;{$input.customers[1]/Converted_Account_ID }&lt;/Converted_Account_ID&gt;  else ()}

&lt;/customers&gt;

</expression>
                        </operation>
                        <operation source="formula" to="temp.json_temp">
                           <expression language="XQuery"> util:toJSON($temp.xml_temp)</expression>
                        </operation>
                     </assignment>
                     <link id="klbw89jg" targetId="klbw89jb" type="containerLink"/>
                  </flow>
                  <flow id="klbw89ji">
                     <assignment id="klbw89l9">
                        <title>ToJson</title>
                        <operation source="formula" to="temp.json_temp">
                           <expression language="XQuery">util:toJSON($input.customers)</expression>
                        </operation>
                     </assignment>
                     <link id="klbw89jj" targetId="klbw89jb" type="containerLink"/>
                  </flow>
                  <link id="klbw89je" targetId="klbw89jf" type="containerLink">
                     <condition source="formula">
                        <function name="equals">
                           <arg name="left">{$temp.customers_count}</arg>
                           <arg name="right">{1}</arg>
                        </function>
                     </condition>
                  </link>
                  <link id="klbw89jh" targetId="klbw89ji" type="containerLink"/>
                  <link id="klbw89l8" targetId="klae4jge"/>
               </container>
               <service id="klae4jge">
                  <title>InvokeStoredProcedure</title>
                  <serviceName>P_GCP_Staging_Execute_SQL_Prod</serviceName>
                  <serviceGUID/>
                  <serviceInput>
                     <parameter name="SQL" source="formula">
                        <expression language="XQuery">"{ CALL SP_UPDATE_MIGRATION_STATUS_V3('" || $temp.json_temp || "', '"|| $input.CurrentUser || "') }"</expression>
                     </parameter>
                  </serviceInput>
                  <link id="klae4jj1" targetId="klae4jj0"/>
               </service>
               <end id="c"/>
            </flow>
         </process>
         <ns1:sample-data-sets xmlns:ns1="http://schemas.active-endpoints.com/appmodules/repository/2010/10/sampleData.xsd">
            <ns1:SampleData>
               <ns1:Id>fb01e0e2-f61c-4258-b33a-f339cb4511b1</ns1:Id>
               <ns1:Name>test-disconnect</ns1:Name>
               <ns1:CreatedBy>AD15119_PRD</ns1:CreatedBy>
               <ns1:CreationDate>2022-08-10T00:45:39Z</ns1:CreationDate>
               <ns1:ModifiedBy>AD15119_PRD</ns1:ModifiedBy>
               <ns1:ModifiedDate>2022-08-10T00:45:39Z</ns1:ModifiedDate>
               <ns1:Data format="json">{
  "customers": [
    {
        "LegacySFID": "2OpFW9QAN",
        "Status": "Order Active"
	},
    {
        "LegacySFID": "2Rwc4TQAR",
        "Status": "Order Active"
	},
    {
        "LegacySFID": "2tpTVrQAM",
        "Status": "Order Active"
	},
    {
        "LegacySFID": "2vIex8QAC",
        "Status": "Order Active"
	},
    {
        "LegacySFID": "2VRrkIQAT",
        "Status": "Order Active"
	},
    {
        "LegacySFID": "5092355299",
        "Status": "Order Active"
	},
    {
        "LegacySFID": "6628905164",
        "Status": "Order Active"
	},
    {
        "LegacySFID": "7026145131",
        "Status": "Order Active"
	},
    {
        "LegacySFID": "1jM47hQAC",
        "Status": "Order Active"
	}
  ]
}
</ns1:Data>
            </ns1:SampleData>
            <ns1:SampleData>
               <ns1:Id>474fb0d1-a961-4d85-ac9c-782861ac79ff</ns1:Id>
               <ns1:Name>test-duplicate</ns1:Name>
               <ns1:CreatedBy>AD15119_PRD</ns1:CreatedBy>
               <ns1:CreationDate>2022-08-10T00:45:39Z</ns1:CreationDate>
               <ns1:ModifiedBy>AD15119_PRD</ns1:ModifiedBy>
               <ns1:ModifiedDate>2022-08-10T00:45:39Z</ns1:ModifiedDate>
               <ns1:Data format="json">{
    "customers": [
        {
            "AccountNumber": "313736735",
            "Status": "Unit Testing 6"
        },
        {
            "AccountNumber": "313736735",
            "Status": "Unit Testing 6"
        }
    ]
}
</ns1:Data>
            </ns1:SampleData>
            <ns1:SampleData>
               <ns1:Id>3d7f0825-ed7c-47e2-90b5-03fe31e646b7</ns1:Id>
               <ns1:Name>test-sp</ns1:Name>
               <ns1:CreatedBy>AD15119_PRD</ns1:CreatedBy>
               <ns1:CreationDate>2022-08-10T00:45:39Z</ns1:CreationDate>
               <ns1:ModifiedBy>AD15119_PRD</ns1:ModifiedBy>
               <ns1:ModifiedDate>2022-08-10T00:45:39Z</ns1:ModifiedDate>
               <ns1:Data format="json">{
    "customers": [
        {
            "AccountNumber": "123456789",
            "Status": "Test Update"
        }
    ]
}
</ns1:Data>
            </ns1:SampleData>
            <ns1:SampleData>
               <ns1:Id>441041dc-330b-46e1-96d9-0768f6a2a1f6</ns1:Id>
               <ns1:Name>test-sp-bulk</ns1:Name>
               <ns1:CreatedBy>AD15119_PRD</ns1:CreatedBy>
               <ns1:CreationDate>2022-08-10T00:45:39Z</ns1:CreationDate>
               <ns1:ModifiedBy>AD15119_PRD</ns1:ModifiedBy>
               <ns1:ModifiedDate>2022-08-10T00:45:39Z</ns1:ModifiedDate>
               <ns1:Data format="json">{
	"customers": [{
			"LegacySFID": "0zm5IqAAI",
			"Status": "UTestingA"
		},
		{
			"LegacySFID": "0zmAiSAAU",
			"Status": "UTestingA"
		}
	]
}

</ns1:Data>
            </ns1:SampleData>
            <ns1:SampleData>
               <ns1:Id>184fb006-758e-48db-984a-2bb145b81eb1</ns1:Id>
               <ns1:Name>test-sp-error</ns1:Name>
               <ns1:CreatedBy>AD15119_PRD</ns1:CreatedBy>
               <ns1:CreationDate>2022-08-10T00:45:39Z</ns1:CreationDate>
               <ns1:ModifiedBy>AD15119_PRD</ns1:ModifiedBy>
               <ns1:ModifiedDate>2022-08-10T00:45:39Z</ns1:ModifiedDate>
               <ns1:Data format="json">{
	"customers": [{
			"AccountNumber": null,
			"Status": "unitest220"
		},
		{
			"AccountNumber": "notfound",
			"Status": "unitest220"
		},
		{
			"AccountNumber": "",
			"Status": "unitest22004"
		}
	]
}</ns1:Data>
            </ns1:SampleData>
         </ns1:sample-data-sets>
      </types1:Entry>
      <types1:GUID>6Y8aQA1cBeEhfBUwy0s2kD</types1:GUID>
      <types1:DisplayName>P_Update_Customer_Status_BRSPD</types1:DisplayName>
   </types1:Item>
   <types1:CurrentServerDateTime>2022-08-19T08:05:35.87Z</types1:CurrentServerDateTime>
</aetgt:getResponse>
