<aetgt:getResponse xmlns:aetgt="http://schemas.active-endpoints.com/appmodules/repository/2010/10/avrepository.xsd"
                   xmlns:types1="http://schemas.active-endpoints.com/appmodules/repository/2010/10/avrepository.xsd">
   <types1:Item>
      <types1:EntryId>ENhsJlv58pIO3M4-gt-138521-2022-08-03T22:49:40.496Z::pd.xml</types1:EntryId>
      <types1:Name>P_Error_Handling_Case_Creation_MFQ_BRSPD-Prod</types1:Name>
      <types1:ParentFlowIds>IlRkPUEbfV3HRvs-gt-118801-2022-08-04T03:54:35.558Z::pd.xml,LruB3uopz4KhPVE-gt-65382-2022-11-07T23:45:39.602Z::pd.xml</types1:ParentFlowIds>
      <types1:MimeType>application/xml+process</types1:MimeType>
      <types1:Description>Create Case in QF</types1:Description>
      <types1:AppliesTo/>
      <types1:Tags/>
      <types1:VersionLabel>1.0</types1:VersionLabel>
      <types1:State>CURRENT</types1:State>
      <types1:ProcessGroup/>
      <types1:CreatedBy>AD15100_PRD</types1:CreatedBy>
      <types1:CreationDate>2022-08-03T22:49:40Z</types1:CreationDate>
      <types1:ModifiedBy>AD15100_PRD</types1:ModifiedBy>
      <types1:ModificationDate>2022-08-04T04:28:45Z</types1:ModificationDate>
      <types1:PublicationStatus>published</types1:PublicationStatus>
      <types1:PublishedBy>AD15100_PRD</types1:PublishedBy>
      <types1:PublicationDate>2022-11-08T05:22:24Z</types1:PublicationDate>
      <types1:PublishedContributionId>project:/spi.P_Error_Handling_Case_Creation_MFQ_BRSPD-Prod/P_Error_Handling_Case_Creation_MFQ_BRSPD-Prod.pd.xml</types1:PublishedContributionId>
      <types1:AutosaveExists>false</types1:AutosaveExists>
      <types1:Entry>
         <process xmlns="http://schemas.active-endpoints.com/appmodules/screenflow/2010/10/avosScreenflow.xsd"
                  xmlns:tfm="http://schemas.active-endpoints.com/appmodules/screenflow/2021/04/taskflowModel.xsd"
                  xmlns:list="urn:activevos:spi:list:functions"
                  displayName="P_Error_Handling_Case_Creation_MFQ_BRSPD-Prod"
                  name="P_Error_Handling_Case_Creation_MFQ_BRSPD-Prod"
                  overrideAPIName="false">
            <parameterSet xmlns="http://schemas.active-endpoints.com/appmodules/screenflow/2021/04/taskflowModel.xsd"/>
            <appliesTo/>
            <description>Create Case in QF</description>
            <tags/>
            <generator>Informatica Process Designer 11</generator>
            <input>
               <parameter description=""
                          name="AccountID_in"
                          required="true"
                          type="string">
                  <options>
                     <option name="required">false</option>
                  </options>
               </parameter>
               <parameter description=""
                          name="Error description_in"
                          required="true"
                          type="string">
                  <options>
                     <option name="required">false</option>
                  </options>
               </parameter>
               <parameter description="" name="LeadID_in" type="string">
                  <options>
                     <option name="required">false</option>
                  </options>
               </parameter>
               <parameter description="" name="Flag_in" type="string">
                  <options>
                     <option name="required">false</option>
                  </options>
               </parameter>
            </input>
            <tempFields>
               <field description="" name="Counter_temp" type="int">
                  <options>
                     <option name="required">false</option>
                     <option name="initialvalue">0</option>
                  </options>
               </field>
            </tempFields>
            <notes/>
            <deployment suspendOnFault="false" tracingLevel="terse">
               <rest>
                  <allowedGroups>
                     <group>CustomerMigrationLeadProcessProd</group>
                  </allowedGroups>
                  <additionalConstraint>
                     <constraint>APIM</constraint>
                  </additionalConstraint>
               </rest>
            </deployment>
            <flow id="a">
               <start id="b">
                  <link id="kl1tu33j" targetId="kl1tu32w"/>
               </start>
               <eventContainer id="kl1tu32w">
                  <create id="kl1tu337">
                     <title>Case</title>
                     <entityName>AppConnBRSPD-DEV:Case</entityName>
                     <createInput>
                        <parameter name="BusinessHoursId" source="constant" updatable="true">01m8c000000x3EYAAY</parameter>
                        <parameter name="Type" source="constant" updatable="true">Question</parameter>
                        <parameter name="RecordTypeId" source="constant" updatable="true">0128C0000008Wp6QAE</parameter>
                        <parameter name="Status" source="constant" updatable="true">Open</parameter>
                        <parameter name="Origin" source="constant" updatable="true">Migration</parameter>
                        <parameter name="Subject" source="constant" updatable="true">Migration Multi-line</parameter>
                        <parameter name="Description" source="constant" updatable="true">{$input.Errordescription_in}</parameter>
                        <parameter name="OwnerId" source="constant" updatable="true"/>
                        <parameter name="Lead_Callback__c" source="formula" updatable="true">
                           <expression language="XQuery">$input.LeadID_in</expression>
                        </parameter>
                        <parameter name="Notes__c" source="constant" updatable="true">if (fn:exists($input.LeadID_in) and $input.Flag_in  = 'LIFELINE')
then 'Customer has Lifeline discounts associated to this Account. Please follow up'
else if (fn:exists($input.LeadID_in) and $input.Flag_in  = 'DISCONNECT')
then 'Please manually disconnect</parameter>
                     </createInput>
                  </create>
                  <flow id="kl1tu32x">
                     <link id="kl1tu33a" targetId="kl1tu32w" type="containerLink"/>
                  </flow>
                  <flow id="kl1tu32y">
                     <assignment id="kl1tu32z">
                        <title>Asgn_counter_tmp</title>
                        <operation source="formula" to="temp.Counter_temp">
                           <expression language="XQuery">$temp.Counter_temp + 1</expression>
                        </operation>
                        <link id="kl1tu33c" targetId="kl1tu330"/>
                     </assignment>
                     <wait id="kl1tu330">
                        <title>Wait_5Seconds_for_case</title>
                        <duration source="formula">
                           <function name="duration_expression">
                              <arg name="value">5</arg>
                              <arg name="scale">S</arg>
                              <arg name="businessDays"/>
                           </function>
                        </duration>
                        <link id="kl1tu33d" targetId="kl1tu331"/>
                     </wait>
                     <container id="kl1tu331" type="exclusive">
                        <title>Dsc_Counter_tmp</title>
                        <flow id="kl1tu332">
                           <throw id="kltzgkx3">
                              <title>Throw Error</title>
                              <throwInput>
                                 <parameter name="code" source="constant" updatable="true">{$output.faultInfo[1]/code}</parameter>
                                 <parameter name="detail" source="constant" updatable="true">{$output.faultInfo[1]/detail}</parameter>
                                 <parameter name="reason" source="constant" updatable="true">{$output.faultInfo[1]/reason}</parameter>
                              </throwInput>
                           </throw>
                        </flow>
                        <flow id="kl1tu335">
                           <jumpTo id="kl1tu336">
                              <link id="kl1tu33i" targetId="kl1tu32w"/>
                           </jumpTo>
                        </flow>
                        <link id="kl1tu33e" targetId="kl1tu332" type="containerLink">
                           <condition source="formula">
                              <function name="greater-than">
                                 <arg name="left">{$temp.Counter_temp}</arg>
                                 <arg name="right">{4}</arg>
                              </function>
                           </condition>
                        </link>
                        <link id="kl1tu33f" targetId="kl1tu335" type="containerLink"/>
                     </container>
                  </flow>
                  <link id="kl1tu338" targetId="kl1tu32x" type="containerLink"/>
                  <link id="kl1tu33s" targetId="c"/>
                  <events>
                     <catch faultField="faultInfo" id="kkweky6a" interrupting="true">
                        <link id="kl1tu339" targetId="kl1tu32y" type="containerLink"/>
                     </catch>
                  </events>
               </eventContainer>
               <end id="c"/>
            </flow>
         </process>
         <ns1:sample-data-sets xmlns:ns1="http://schemas.active-endpoints.com/appmodules/repository/2010/10/sampleData.xsd">
            <ns1:SampleData>
               <ns1:Id>01a73b47-baf6-4410-845d-9882a789d569</ns1:Id>
               <ns1:Name>dhDH</ns1:Name>
               <ns1:CreatedBy>AD15100_PRD</ns1:CreatedBy>
               <ns1:CreationDate>2022-08-03T22:49:41Z</ns1:CreationDate>
               <ns1:ModifiedBy>AD15100_PRD</ns1:ModifiedBy>
               <ns1:ModificationDate>2022-08-03T22:49:41Z</ns1:ModificationDate>
               <ns1:Data format="json">{
	 "id": "",
	 "Legacy_SF_in": {
	 	 "ACCOUNT_ID": ""
	 }
}</ns1:Data>
            </ns1:SampleData>
            <ns1:SampleData>
               <ns1:Id>2c1a8f29-fb2b-4766-b0b1-6b7d179499f0</ns1:Id>
               <ns1:Name>error</ns1:Name>
               <ns1:CreatedBy>AD15100_PRD</ns1:CreatedBy>
               <ns1:CreationDate>2022-08-03T22:49:41Z</ns1:CreationDate>
               <ns1:ModifiedBy>AD15100_PRD</ns1:ModifiedBy>
               <ns1:ModificationDate>2022-08-03T22:49:41Z</ns1:ModificationDate>
               <ns1:Data format="json">{
  "AccountID": "PPB00007862"
}</ns1:Data>
            </ns1:SampleData>
            <ns1:SampleData>
               <ns1:Id>0e83bfb6-0fd7-4f30-89a1-e59cbe37bf6d</ns1:Id>
               <ns1:Name>test</ns1:Name>
               <ns1:CreatedBy>AD15100_PRD</ns1:CreatedBy>
               <ns1:CreationDate>2022-08-03T22:49:41Z</ns1:CreationDate>
               <ns1:ModifiedBy>AD15100_PRD</ns1:ModifiedBy>
               <ns1:ModificationDate>2022-08-03T22:49:41Z</ns1:ModificationDate>
               <ns1:Data format="json">{
"requestName": "getAccountDetails",
"personaValue": "7026170101"
}</ns1:Data>
            </ns1:SampleData>
            <ns1:SampleData>
               <ns1:Id>5c323b18-87ca-4863-bc92-921ad7983be9</ns1:Id>
               <ns1:Name>test main</ns1:Name>
               <ns1:CreatedBy>AD15100_PRD</ns1:CreatedBy>
               <ns1:CreationDate>2022-08-03T22:49:41Z</ns1:CreationDate>
               <ns1:ModifiedBy>AD15100_PRD</ns1:ModifiedBy>
               <ns1:ModificationDate>2022-08-03T22:49:41Z</ns1:ModificationDate>
               <ns1:Data format="json">{
	 "Legacy_SF_in": {
	 	 "ACCOUNT_ID": ""
	 }
}
</ns1:Data>
            </ns1:SampleData>
            <ns1:SampleData>
               <ns1:Id>d5219c0e-0678-4a67-aa30-b10fe1efbbed</ns1:Id>
               <ns1:Name>TEST Main load</ns1:Name>
               <ns1:CreatedBy>AD15100_PRD</ns1:CreatedBy>
               <ns1:CreationDate>2022-08-03T22:49:41Z</ns1:CreationDate>
               <ns1:ModifiedBy>AD15100_PRD</ns1:ModifiedBy>
               <ns1:ModificationDate>2022-08-03T22:49:41Z</ns1:ModificationDate>
               <ns1:Data format="json">{
	 "Legacy_SF_in": {
	 	 "AccountNumber": "PPB00002922",
	 	 "ID": "PPB00002922",
	 	 "Name": "",
	 	 "Service_Addresses": "",
	 	 "Current_Bill_Due_Date": "2020-12-02",
	 	 "Billing_Method_Source": "",
	 	 "Billing_Source": "",
	 	 "Default_Service_Address": "",
	 	 "Billling_Cycle": "",
	 	 "Valid_Email": "",
	 	 "Email": ""
	 }
}</ns1:Data>
            </ns1:SampleData>
            <ns1:SampleData>
               <ns1:Id>c96a45e9-f698-4090-b157-580ba022c657</ns1:Id>
               <ns1:Name>test2</ns1:Name>
               <ns1:CreatedBy>AD15100_PRD</ns1:CreatedBy>
               <ns1:CreationDate>2022-08-03T22:49:41Z</ns1:CreationDate>
               <ns1:ModifiedBy>AD15100_PRD</ns1:ModifiedBy>
               <ns1:ModificationDate>2022-08-03T22:49:41Z</ns1:ModificationDate>
               <ns1:Data format="json">{
	 "PPP_Read_in": {
	 	 "ACCOUNT_ID": "PPB00007862"
	 }
}</ns1:Data>
            </ns1:SampleData>
            <ns1:SampleData>
               <ns1:Id>62ae830c-ff7e-438f-ba70-56dba973cc2c</ns1:Id>
               <ns1:Name>test_ppp</ns1:Name>
               <ns1:CreatedBy>AD15100_PRD</ns1:CreatedBy>
               <ns1:CreationDate>2022-08-03T22:49:41Z</ns1:CreationDate>
               <ns1:ModifiedBy>AD15100_PRD</ns1:ModifiedBy>
               <ns1:ModificationDate>2022-08-03T22:49:41Z</ns1:ModificationDate>
               <ns1:Data format="json">{
	 "personaValue": "",
	 "requestName": "",
	 "C360_Read_in": {
	 	 "requestName": "",
	 	 "requestParameter": ""
	 },
	 "Cust_Status_in": {
	 	 "DTN": "",
	 	 "AccountNumber": "",
	 	 "LegacySFID": "",
	 	 "LegacySystem": "",
	 	 "OLT_ID": "",
	 	 "Place_ID": "",
	 	 "Status": "",
	 	 "qf_LeadID": "",
	 	 "Sequence_No": "",
	 	 "Active": "",
	 	 "Last_Modified_By": "",
	 	 "Error_Message": "",
	 	 "Success_Message": "",
	 	 "Last_Modified_Date": "",
	 	 "Status_Date": "",
	 	 "Status_DateTime": "",
	 	 "LegacyAccountNumber": "",
	 	 "Full_Address": "",
	 	 "City": "",
	 	 "State": "",
	 	 "State_long": "",
	 	 "State_Short": "",
	 	 "country": "",
	 	 "zip": "",
	 	 "house_number_long": "",
	 	 "house_number_short": "",
	 	 "street": "",
	 	 "Street_Direction": "",
	 	 "Locality": "",
	 	 "Locality_Long": "",
	 	 "Locality_Short": "",
	 	 "Latitude": "",
	 	 "Longitude": ""
	 },
	 "PPP_Read_in": {
	 	 "ACCOUNT_ID": ""
	 }
}</ns1:Data>
            </ns1:SampleData>
         </ns1:sample-data-sets>
      </types1:Entry>
      <types1:GUID>9Fwge1eR5sCi97zFOjPtSb</types1:GUID>
      <types1:DisplayName>P_Error_Handling_Case_Creation_MFQ_BRSPD-Prod</types1:DisplayName>
   </types1:Item>
   <types1:CurrentServerDateTime>2023-01-27T08:37:56.314Z</types1:CurrentServerDateTime>
</aetgt:getResponse>
