<aetgt:getResponse xmlns:aetgt="http://schemas.active-endpoints.com/appmodules/repository/2010/10/avrepository.xsd"
                   xmlns:types1="http://schemas.active-endpoints.com/appmodules/repository/2010/10/avrepository.xsd">
   <types1:Item>
      <types1:EntryId>keKpcnS24FsWTzI-gt-30826-2022-07-06T02:43:25.175Z::pd.xml</types1:EntryId>
      <types1:Name>P_GCP_Staging_Execute_SQL</types1:Name>
      <types1:MimeType>application/xml+process</types1:MimeType>
      <types1:Description>Execute SQL on Mysql Database on GCP</types1:Description>
      <types1:AppliesTo/>
      <types1:Tags>.agent:qfmig-iics-sa-prod-two,.anonymous</types1:Tags>
      <types1:VersionLabel>1.0</types1:VersionLabel>
      <types1:State>CURRENT</types1:State>
      <types1:ProcessGroup/>
      <types1:CreatedBy>AC83336_PRD</types1:CreatedBy>
      <types1:CreationDate>2022-07-06T02:43:25Z</types1:CreationDate>
      <types1:ModifiedBy>AD15119_PRD</types1:ModifiedBy>
      <types1:ModificationDate>2022-09-13T08:33:33Z</types1:ModificationDate>
      <types1:PublicationStatus>published</types1:PublicationStatus>
      <types1:PublishedBy>AD15119_PRD</types1:PublishedBy>
      <types1:PublicationDate>2022-09-13T08:36:55Z</types1:PublicationDate>
      <types1:PublishedContributionId>project:/spi.P_GCP_Staging_Execute_SQL/P_GCP_Staging_Execute_SQL.pd.xml</types1:PublishedContributionId>
      <types1:AutosaveExists>false</types1:AutosaveExists>
      <types1:Entry>
         <process xmlns="http://schemas.active-endpoints.com/appmodules/screenflow/2010/10/avosScreenflow.xsd"
                  xmlns:tfm="http://schemas.active-endpoints.com/appmodules/screenflow/2021/04/taskflowModel.xsd"
                  xmlns:list="urn:activevos:spi:list:functions"
                  displayName="P_GCP_Staging_Execute_SQL"
                  name="P_GCP_Staging_Execute_SQL"
                  overrideAPIName="false">
            <parameterSet xmlns="http://schemas.active-endpoints.com/appmodules/screenflow/2021/04/taskflowModel.xsd"/>
            <appliesTo/>
            <description>Execute SQL on Mysql Database on GCP</description>
            <tags>.agent:qfmig-iics-sa-prod-two,.anonymous</tags>
            <generator>Informatica Process Designer 11</generator>
            <input>
               <parameter description="SQL to Execute"
                          name="SQL"
                          required="true"
                          type="string">
                  <options>
                     <option name="required">false</option>
                  </options>
               </parameter>
            </input>
            <output>
               <field description="" name="resultset" type="objectlist">
                  <options>
                     <option name="referenceTo">$po:$any</option>
                     <option hide="true" name="multiSelect">true</option>
                     <option name="required">false</option>
                     <option name="isCopy">true</option>
                  </options>
               </field>
            </output>
            <notes/>
            <deployment suspendOnFault="false" tracingLevel="none">
               <targetLocation>qfmig-iics-sa-prod-two</targetLocation>
               <rest>
                  <allowAnonymousAccess/>
               </rest>
            </deployment>
            <flow id="a">
               <start id="b">
                  <link id="l6ekl5eu" targetId="l6ekl5et"/>
               </start>
               <service id="l6ekl5et">
                  <title>ExecuteSQLStatement</title>
                  <serviceName>P_GCP_MySql_DAS_Prod_Service</serviceName>
                  <serviceGUID/>
                  <serviceInput>
                     <parameter name="SQLStatement" source="formula">
                        <expression language="XQuery">$input.SQL </expression>
                     </parameter>
                  </serviceInput>
                  <link id="l6ekl5ev" targetId="joh3hrfl"/>
               </service>
               <assignment id="joh3hrfl">
                  <title>SetResponse</title>
                  <operation source="formula" to="output.resultset">
                     <expression language="XQuery">$output.resultset </expression>
                  </operation>
                  <link id="joh3hrfn" targetId="c"/>
               </assignment>
               <end id="c"/>
            </flow>
         </process>
         <ns1:sample-data-sets xmlns:ns1="http://schemas.active-endpoints.com/appmodules/repository/2010/10/sampleData.xsd">
            <ns1:SampleData>
               <ns1:Id>419a4982-4377-4462-9f04-a1c8cd688321</ns1:Id>
               <ns1:Name>test</ns1:Name>
               <ns1:CreatedBy>AC83336_PRD</ns1:CreatedBy>
               <ns1:CreationDate>2022-07-06T02:43:25Z</ns1:CreationDate>
               <ns1:ModifiedBy>AC81234_PRD</ns1:ModifiedBy>
               <ns1:ModificationDate>2022-08-03T22:19:18Z</ns1:ModificationDate>
               <ns1:Data format="json">{"SQL":"SELECT DTN FROM CUSTOMER_MIGRATION_STATUS LIMIT 5"}</ns1:Data>
            </ns1:SampleData>
         </ns1:sample-data-sets>
      </types1:Entry>
      <types1:GUID>8eNu9r157PBlYDNIL9Wt2y</types1:GUID>
      <types1:DisplayName>P_GCP_Staging_Execute_SQL</types1:DisplayName>
   </types1:Item>
   <types1:CurrentServerDateTime>2023-01-23T07:08:59.976Z</types1:CurrentServerDateTime>
</aetgt:getResponse>
