<aetgt:getResponse xmlns:aetgt="http://schemas.active-endpoints.com/appmodules/repository/2010/10/avrepository.xsd"
                   xmlns:types1="http://schemas.active-endpoints.com/appmodules/repository/2010/10/avrepository.xsd">
   <types1:Item>
      <types1:EntryId>xpr1Iw8jIw8jIw8-gt-90251-2022-08-01T02:54:39.377Z::pd.xml</types1:EntryId>
      <types1:Name>GetMyrnah</types1:Name>
      <types1:MimeType>application/xml+process</types1:MimeType>
      <types1:Description/>
      <types1:AppliesTo/>
      <types1:Tags>.anonymous</types1:Tags>
      <types1:VersionLabel>1.0</types1:VersionLabel>
      <types1:State>CURRENT</types1:State>
      <types1:ProcessGroup/>
      <types1:CreatedBy>AC83336_PRD</types1:CreatedBy>
      <types1:CreationDate>2022-08-01T02:54:39Z</types1:CreationDate>
      <types1:ModifiedBy/>
      <types1:PublicationStatus>unpublished</types1:PublicationStatus>
      <types1:AutosaveExists>false</types1:AutosaveExists>
      <types1:Entry>
         <process xmlns="http://schemas.active-endpoints.com/appmodules/screenflow/2010/10/avosScreenflow.xsd"
                  xmlns:tfm="http://schemas.active-endpoints.com/appmodules/screenflow/2021/04/taskflowModel.xsd"
                  xmlns:list="urn:activevos:spi:list:functions"
                  displayName="GetMyrnah"
                  name="GetMyrnah"
                  overrideAPIName="false">
            <parameterSet xmlns="http://schemas.active-endpoints.com/appmodules/screenflow/2021/04/taskflowModel.xsd"/>
            <appliesTo/>
            <description/>
            <tags>.anonymous</tags>
            <generator>Informatica Process Designer 11</generator>
            <input>
               <parameter description="" name="HERE" type="string">
                  <options>
                     <option name="required">false</option>
                  </options>
               </parameter>
            </input>
            <output>
               <field description="" name="Results" type="reference">
                  <options>
                     <option name="referenceTo">EMPconnection:EMPLOYEE_HJM2</option>
                     <option name="required">false</option>
                     <option name="isCopy">true</option>
                     <option name="guid">5ICYTfP7OE5jnVfUb8PtSD</option>
                  </options>
               </field>
               <field description="" name="untitled1" type="reference">
                  <options>
                     <option name="referenceTo">$po:table2</option>
                     <option name="required">false</option>
                     <option name="isCopy">true</option>
                     <option name="guid">43yms4IuzsYiqOcYP6rQ8O</option>
                  </options>
               </field>
               <field description="" name="untitled2" type="string">
                  <options>
                     <option name="required">false</option>
                  </options>
               </field>
            </output>
            <notes/>
            <deployment suspendOnFault="false" tracingLevel="none">
               <rest>
                  <allowAnonymousAccess/>
               </rest>
            </deployment>
            <flow id="a">
               <start id="b">
                  <link id="l1g78use" targetId="l1g78usd"/>
               </start>
               <assignment id="l1g78usd">
                  <title>Assignment to Results</title>
                  <operation source="query" to="output.Results">
                     <query advanceQuery="false" from="EMPconnection:EMPLOYEE_HJM2">
                        <where>HERE = '{$input.HERE}'</where>
                     </query>
                  </operation>
                  <link id="l1g78usf" targetId="l1g4pkyt"/>
               </assignment>
               <assignment id="l1g4pkyt">
                  <title>Assignment to STATUS, EMPNAME</title>
                  <operation source="field" to="output.untitled1[1]/STATUS">output.Results[1]/STATUS</operation>
                  <operation source="field" to="output.untitled1[1]/EMPNAME">output.Results[1]/SALARY</operation>
                  <link id="l1g5p2hn" targetId="c"/>
               </assignment>
               <end id="c"/>
            </flow>
         </process>
      </types1:Entry>
      <types1:GUID>9ssleLelAfklL4TBUJkNkR</types1:GUID>
      <types1:DisplayName>GetMyrnah</types1:DisplayName>
   </types1:Item>
   <types1:CurrentServerDateTime>2022-09-02T08:21:40.152Z</types1:CurrentServerDateTime>
</aetgt:getResponse>
